<?xml version="1.0" encoding="UTF-8"?>
<COLLADA xmlns="http://www.collada.org/2005/11/COLLADASchema" version="1.4.1">
<!--
# File generated by ImageToStl.com - Free Image and 3D model conversion tools
-->
  <asset>
    <contributor>
      <author>ImageToStl.com</author>
      <authoring_tool>ImageToStl.com</authoring_tool>
    </contributor>
    <created>2026-05-09T04:11:12</created>
    <modified>2026-05-09T04:11:12</modified>
    <up_axis>Z_UP</up_axis>
  </asset>
  <library_effects>
    <effect id="effect_0">
        <profile_COMMON>
          <technique sid="common">
            <phong>
              <diffuse>
                <color>0.85 0.85 0.85 1</color>
              </diffuse>
              <specular>
                <color>0.05 0.05 0.05 1</color>
              </specular>
              <shininess>
                <float>64</float>
              </shininess>
            </phong>
          </technique>
        </profile_COMMON>
    </effect>
  </library_effects>
  <library_materials>
    <material id="mat_0">
      <instance_effect url="#effect_0"/>
    </material>
  </library_materials>
  <library_geometries>
    <geometry id="geometry_475bd164_ffdc_443c_b8c9_9e0b2e143465">
      <mesh>
        <source id="pos_0">
          <float_array id="pos_0-array" count="4368">-44.28689575 4 -29.14799309 -39.99402237 4 -28.89451408 -39.94644928 4 -29.17959976 38.53804016 4 -30.47613144 40.31052017 4 -34.43830109 39.34615326 4 -34.69987106 -43.36986542 4 -31.97326851 -43.83057022 4 -31.08660507 -39.53751755 4 -29.93524361 -42.76950455 4 -32.7720108 -39.32487106 4 -30.1309967 38.35188675 4 -34.79914093 38.25 4 -30.5 39.08290863 4 -30.28907967 42.04586411 4 -33.4610405 38.81822586 4 -30.40517998 -39.85260391 4 -29.45296669 -39.71504211 4 -29.70715904 -39.08290863 4 -30.28907967 -42.04586411 4 -33.4610405 37.35484314 4 -34.73340988 37.96195984 4 -30.47613144 -44.13905334 4 -30.13620567 -41.21868134 4 -34.0215683 -38.81822586 4 -30.40517998 -44.27006531 4 -28.14892578 -39.99402237 4 -28.60548592 -40.31052017 4 -34.43830109 -38.53804016 4 -30.47613144 -39.94644928 4 -28.32040024 -44.0890274 4 -27.16625214 -39.53751755 4 -27.56475639 -39.71504211 4 -27.79284096 -43.74871445 4 -26.22677994 -39.85260391 4 -28.04703331 -38.25 4 -30.5 -37.35484314 4 -34.73340988 -38.35188675 4 -34.79914093 -39.32487106 4 -27.3690033 -43.25841141 4 -25.35613441 -39.08290863 4 -27.21092033 -41.88505554 4 -23.91379547 -38.81822586 4 -27.09482002 -42.63149261 4 -24.57806587 -38.25 4 -27 -38.53804016 4 -27.02386856 16.23147774 4 24.93191147 14.87650299 4 18.72908592 14.1202631 4 18.39736938 0.00763786 4 29.74954033 12.31416798 4 16.73474121 11.92113304 4 16.00847626 8.47349262 4 28.51711845 12.82138062 4 17.38640785 13.428936 4 17.9457016 12.48470783 4 27.00298119 -11.92113304 4 16.00847626 0 4 10 -1.64520764 4 9.86372375 -39.99402237 4 28.60548592 -44.28689575 4 29.14799309 -39.99402237 4 28.89451408 -11.51707745 4 14.41289711 -3.24567676 4 9.45857525 -43.83057022 4 31.08660507 -39.53751755 4 29.93524361 -39.71504211 4 29.70715904 -42.76950455 4 32.7720108 -42.04586411 4 33.4610405 -39.08290863 4 30.28907967 -37.68177414 4 30.40517998 -34.61494446 4 33.58620453 -37.41709137 4 30.28907967 -41.21868134 4 34.0215683 -38.53804016 4 30.47613144 -38.81822586 4 30.40517998 -37.35484314 4 34.73340988 -38.25 4 30.5 -38.35188675 4 34.79914093 -39.34615326 4 34.69987106 -37.96195984 4 30.47613144 -35.46053314 4 34.11855698 -36.38221359 4 34.50446701 -40.31052017 4 34.43830109 -39.32487106 4 30.1309967 -43.36986542 4 31.97326851 -44.27006531 4 28.14892578 -39.94644928 4 28.32040024 -41.88505554 4 23.91379547 -37.96195984 4 27.02386856 -37.68177414 4 27.09482002 -44.0890274 4 27.16625214 -39.71504211 4 27.79284096 -43.74871445 4 26.22677994 -11.51707745 4 13.58710289 -38.81822586 4 27.09482002 -39.08290863 4 27.21092033 21.4829216 4 13.58710289 26.91944885 4 12.66513824 21.34700203 4 12.77257252 17.32297325 4 9.06819344 9.96588326 4 0.823928 9.69427776 4 2.45324564 -4.75786638 4 8.79550457 -11.92113304 4 11.99152279 -11.65299892 4 12.77257252 17.32297325 4 -9.06819344 29.75 4 -0 29.43094826 4 -4.34531593 14.87650299 4 -18.72908592 16.23147774 4 -24.93191147 14.1202631 4 -18.39736938 21.4829216 4 -13.58710289 21.34700203 4 -12.77257252 26.91945076 4 -12.66513824 20.17861938 4 -17.38640785 20.68583298 4 -16.73474121 19.64933968 4 -22.33754539 38.35188675 4 34.79914093 39.34615326 4 34.69987106 38.25 4 30.5 41.88505554 4 23.91379547 37.68177414 4 27.09482002 37.96195984 4 27.02386856 40.31052017 4 34.43830109 38.53804016 4 30.47613144 41.21868134 4 34.0215683 38.81822586 4 30.40517998 37.35484314 4 34.73340988 37.96195984 4 30.47613144 36.38221359 4 34.50446701 39.08290863 4 30.28907967 42.04586411 4 33.4610405 42.76950455 4 32.7720108 43.83057022 4 31.08660507 39.71504211 4 29.70715904 39.53751755 4 29.93524361 43.36986542 4 31.97326851 39.32487106 4 30.1309967 44.27006531 4 28.14892578 39.99402237 4 28.60548592 44.28689575 4 29.14799309 39.94644928 4 29.17959976 39.85260391 4 29.45296669 44.13905334 4 30.13620567 39.53751755 4 27.56475639 43.25841141 4 25.35613441 39.32487106 4 27.3690033 39.85260391 4 28.04703331 44.0890274 4 27.16625214 39.71504211 4 27.79284096 39.08290863 4 27.21092033 38.81822586 4 27.09482002 42.63149261 4 24.57806587 36.96248245 4 29.93524361 34.61494446 4 33.58620453 37.17512894 4 30.1309967 37.41709137 4 27.21092033 19.64933968 4 22.3375473 36.50597763 4 28.89451408 36.50597763 4 28.60548592 43.74871445 4 26.22677994 -8.37136841 4 5.46984768 -14.1202631 4 9.60263157 -13.428936 4 10.05429745 -19.64933968 4 22.33754539 -20.17861938 4 17.38640785 -20.68583298 4 16.73474121 6.14060163 4 -7.8924346 7.35617685 4 -6.77378988 12.82138062 4 -10.61359215 11.51707745 4 -13.58710289 11.51707745 4 -14.41289711 3.24567676 4 -9.45857525 -21.07886696 4 11.99152279 -20.68583298 4 11.26525879 -26.91945076 4 12.66513824 39.71504211 4 -27.79284096 39.53751755 4 -27.56475639 43.74871445 4 -26.22677994 36.55355072 4 -28.32040024 36.50597763 4 -28.60548592 39.94644928 4 -29.17959976 44.13905334 4 -30.13620567 39.85260391 4 -29.45296669 36.96248245 4 -29.93524361 34.61494446 4 -33.58620453 36.78495789 4 -29.70715904 37.17512894 4 -30.1309967 37.41709137 4 -30.28907967 36.50597763 4 -28.89451408 36.55355072 4 -29.17959976 36.64739609 4 -29.45296669 36.38221359 4 -34.50446701 35.46053314 4 -34.11855698 37.68177414 4 -30.40517998 41.21868134 4 -34.0215683 39.32487106 4 -30.1309967 42.76950455 4 -32.7720108 -11.65299892 4 -15.22742748 -1.64709449 4 -9.86331272 -11.92113304 4 -16.00847626 43.36986542 4 -31.97326851 39.53751755 4 -29.93524361 39.94644928 4 -28.32040024 39.85260391 4 -28.04703331 44.0890274 4 -27.16625214 39.99402237 4 -28.60548592 44.27006531 4 -28.14892578 44.28689575 4 -29.14799309 -15.67702675 4 -9.06819344 -9.69427776 4 -2.45324564 -9.15800285 4 -4.01613235 39.32487106 4 -27.3690033 42.63149261 4 -24.57806587 43.25841141 4 -25.35613441 11.92113304 4 -16.00847626 0 4 -10 1.64520764 4 -9.86372375 37.96195984 4 -27.02386856 41.88505554 4 -23.91379547 38.25 4 -27 -0.00763786 4 -29.74954033 -20.17861938 4 -17.38640785 -19.571064 4 -17.9457016 -19.64933968 4 -22.3375473 -18.87973785 4 -18.39736938 -18.12349701 4 -18.72908592 -29.43094826 4 -4.34531593 -29.75 4 -0 -17.32297325 4 -9.06819344 -16.5 4 -9 -16.23147774 4 -24.93191147 -16.5 4 -19 -15.67702675 4 -18.93180656 -39.34615326 4 -34.69987106 -8.47349262 4 -28.51711845 -13.428936 4 -17.9457016 -12.82138062 4 -17.38640785 -36.78495789 4 -27.79284096 -36.96248245 4 -27.56475639 -29.43094826 4 4.34531593 -18.12349701 4 9.27091408 -17.32297325 4 9.06819344 -12.82138062 4 10.61359215 -12.31416798 4 11.26525879 -6.14060163 4 7.8924346 -14.87650299 4 9.27091408 -9.15752506 4 4.01741409 -15.67702675 4 9.06819344 -12.82138062 4 17.38640785 -13.428936 4 17.9457016 -8.46131516 4 28.52116203 -9.69367886 4 2.45599723 -16.5 4 9 -21.07886696 4 16.00847626 -21.34700203 4 15.22742748 -28.4806366 4 8.59742928 -18.87973785 4 9.60263157 -9.96588326 4 -0.823928 -9.96563053 4 0.8274591 -14.1202631 4 -9.60263157 -14.87650299 4 -9.27091408 -8.37180233 4 -5.46926785 -11.65299892 4 -12.77257252 -4.76104403 4 -8.79376984 -3.2486167 4 -9.45747948 -18.87973785 4 -9.60263157 -19.571064 4 -10.05429745 -28.4806366 4 -8.59742928 -20.68583298 4 -16.73474121 -26.91944885 4 -12.66513824 -21.07886696 4 -16.00847626 -12.48470783 4 -27.00298119 -14.1202631 4 -18.39736938 -12.31416798 4 -16.73474121 4.75786638 4 -8.79550457 11.92113304 4 -11.99152279 11.65299892 4 -12.77257252 13.428936 4 -10.05429745 14.87650299 4 -9.27091408 14.1202631 4 -9.60263157 8.37136841 4 -5.46984768 9.15752506 4 -4.01741409 9.69367886 4 -2.45599723 16.5 4 -9 15.67702675 4 -9.06819344 20.17861938 4 -10.61359215 19.571064 4 -10.05429745 28.4806366 4 -8.59742928 9.96563053 4 -0.8274591 18.12349701 4 -9.27091408 9.15800285 4 4.01613235 15.67702675 4 9.06819344 13.428936 4 10.05429745 14.1202631 4 9.60263157 8.37180233 4 5.46926785 14.87650299 4 9.27091408 11.51707745 4 13.58710289 11.65299892 4 12.77257252 3.2486167 4 9.45747948 6.14330673 4 7.89040947 11.92113304 4 11.99152279 12.31416798 4 11.26525879 4.76104403 4 8.79376984 1.64709449 4 9.86331272 11.51707745 4 14.41289711 16.5 4 19 15.67702675 4 18.93180656 37.68177414 4 -27.09482002 39.71504211 4 -29.70715904 43.83057022 4 -31.08660507 37.41709137 4 -27.21092033 37.17512894 4 -27.3690033 36.96248245 4 -27.56475639 36.64739609 4 -28.04703331 36.78495789 4 -27.79284096 39.99402237 4 -28.89451408 39.08290863 4 -27.21092033 38.81822586 4 -27.09482002 38.53804016 4 -27.02386856 -37.41709137 4 -30.28907967 -37.17512894 4 -30.1309967 -34.61494446 4 -33.58620453 -37.96195984 4 -30.47613144 -36.38221359 4 -34.50446701 -35.46053314 4 -34.11855698 -37.68177414 4 -30.40517998 -36.96248245 4 -29.93524361 -36.78495789 4 -29.70715904 -36.64739609 4 -29.45296669 -36.55355072 4 -29.17959976 -36.50597763 4 -28.89451408 -36.50597763 4 -28.60548592 -36.64739609 4 -28.04703331 -36.55355072 4 -28.32040024 -37.17512894 4 -27.3690033 -37.68177414 4 -27.09482002 -37.41709137 4 -27.21092033 -37.96195984 4 -27.02386856 -44.13905334 4 30.13620567 -39.94644928 4 29.17959976 -39.85260391 4 29.45296669 -39.85260391 4 28.04703331 -36.55355072 4 28.32040024 -36.50597763 4 28.60548592 -39.53751755 4 27.56475639 -43.25841141 4 25.35613441 -39.32487106 4 27.3690033 -42.63149261 4 24.57806587 -38.53804016 4 27.02386856 -38.25 4 27 -37.41709137 4 27.21092033 -37.17512894 4 27.3690033 -36.78495789 4 27.79284096 -36.96248245 4 27.56475639 -36.64739609 4 28.04703331 -36.50597763 4 28.89451408 -36.64739609 4 29.45296669 -36.55355072 4 29.17959976 -36.96248245 4 29.93524361 -36.78495789 4 29.70715904 -37.17512894 4 30.1309967 35.46053314 4 34.11855698 38.53804016 4 27.02386856 38.25 4 27 37.68177414 4 30.40517998 37.41709137 4 30.28907967 36.78495789 4 29.70715904 36.64739609 4 29.45296669 36.55355072 4 29.17959976 36.55355072 4 28.32040024 36.64739609 4 28.04703331 36.78495789 4 27.79284096 36.96248245 4 27.56475639 37.17512894 4 27.3690033 39.94644928 4 28.32040024 39.99402237 4 28.89451408 -18.12349701 4 -9.27091408 -12.82138062 4 -10.61359215 -7.35788345 4 -6.77208328 -6.14330673 4 -7.89040947 -11.51707745 4 -14.41289711 -20.17861938 4 -10.61359215 -20.68583298 4 -11.26525879 -21.07886696 4 -11.99152279 -21.4829216 4 -13.58710289 -21.34700203 4 -12.77257252 -21.34700203 4 -15.22742748 -21.4829216 4 -14.41289711 -17.32297325 4 -18.93180656 -14.87650299 4 -18.72908592 -4.2854619 4 -29.43915367 -11.51707745 4 -13.58710289 -11.92113304 4 -11.99152279 -12.31416798 4 -11.26525879 -13.428936 4 -10.05429745 8.46131516 4 -28.52116203 12.82138062 4 -17.38640785 13.428936 4 -17.9457016 12.31416798 4 -11.26525879 12.31416798 4 -16.73474121 4.27098513 4 -29.44149399 11.65299892 4 -15.22742748 12.47603989 4 -27.00750542 15.67702675 4 -18.93180656 16.5 4 -19 18.12349701 4 -18.72908592 17.32297325 4 -18.93180656 19.571064 4 -17.9457016 18.87973785 4 -18.39736938 21.07886696 4 -16.00847626 21.4829216 4 -14.41289711 21.34700203 4 -15.22742748 21.07886696 4 -11.99152279 20.68583298 4 -11.26525879 18.87973785 4 -9.60263157 11.65299892 4 15.22742748 18.87973785 4 9.60263157 19.571064 4 10.05429745 28.4806366 4 8.59742928 4.2854619 4 29.43915367 18.12349701 4 9.27091408 29.43094826 4 4.34531593 12.82138062 4 10.61359215 7.35788345 4 6.77208328 16.5 4 9 20.17861938 4 10.61359215 20.68583298 4 11.26525879 21.07886696 4 11.99152279 21.07886696 4 16.00847626 20.68583298 4 16.73474121 21.34700203 4 15.22742748 21.4829216 4 14.41289711 20.17861938 4 17.38640785 18.87973785 4 18.39736938 19.571064 4 17.9457016 17.32297325 4 18.93180656 18.12349701 4 18.72908592 -16.23147774 4 24.93191147 -16.5 4 19 -18.12349701 4 18.72908592 -17.32297325 4 18.93180656 -19.571064 4 17.9457016 -18.87973785 4 18.39736938 -21.4829216 4 14.41289711 -21.4829216 4 13.58710289 -21.34700203 4 12.77257252 -20.17861938 4 10.61359215 -19.571064 4 10.05429745 -7.35617685 4 6.77378988 -11.65299892 4 15.22742748 -12.31416798 4 16.73474121 -4.27098513 4 29.44149399 -12.47603989 4 27.00750542 -14.1202631 4 18.39736938 -15.67702675 4 18.93180656 -14.87650299 4 18.72908592 6.14330673 0 -7.89040947 19.64933968 0 -22.33754539 26.91945076 0 -12.66513824 38.35188675 0 34.79914093 37.35484314 0 34.73340988 38.25 0 30.5 -44.28689575 0 -29.14799309 -39.99402237 0 -28.60548592 -44.27006531 0 -28.14892578 1.64520764 0 9.86372375 3.24567676 0 9.45857525 12.47603989 0 27.00750542 4.75786638 0 8.79550457 16.23147774 0 24.93191147 -0.00763786 0 29.74954033 0 0 10 4.27098513 0 29.44149399 8.46131516 0 28.52116203 -4.2854619 0 29.43915367 -39.99402237 0 28.60548592 -39.99402237 0 28.89451408 -44.28689575 0 29.14799309 -1.64709449 0 9.86331272 -43.83057022 0 31.08660507 -39.71504211 0 29.70715904 -39.53751755 0 29.93524361 -42.76950455 0 32.7720108 -39.08290863 0 30.28907967 -42.04586411 0 33.4610405 -41.88505554 0 -23.91379547 -42.63149261 0 -24.57806587 -39.08290863 0 -27.21092033 -37.68177414 0 30.40517998 -37.41709137 0 30.28907967 -34.61494446 0 33.58620453 -41.21868134 0 34.0215683 -38.81822586 0 30.40517998 -38.53804016 0 30.47613144 -39.32487106 0 -27.3690033 -43.25841141 0 -25.35613441 -39.53751755 0 -27.56475639 -39.71504211 0 -27.79284096 -44.0890274 0 -27.16625214 -39.85260391 0 -28.04703331 -37.35484314 0 34.73340988 -38.35188675 0 34.79914093 -38.25 0 30.5 -39.34615326 0 34.69987106 -37.96195984 0 30.47613144 -35.46053314 0 34.11855698 -36.38221359 0 34.50446701 -40.31052017 0 34.43830109 -39.32487106 0 30.1309967 -43.36986542 0 31.97326851 -44.27006531 0 28.14892578 -39.94644928 0 28.32040024 -41.88505554 0 23.91379547 -37.68177414 0 27.09482002 -37.96195984 0 27.02386856 -44.0890274 0 27.16625214 -43.74871445 0 26.22677994 -39.71504211 0 27.79284096 -8.47349262 0 28.51711845 -38.81822586 0 27.09482002 -39.08290863 0 27.21092033 -12.48470783 0 27.00298119 6.14060163 0 7.8924346 19.64933968 0 22.3375473 -3.2486167 0 9.45747948 28.4806366 0 8.59742928 26.91944885 0 12.66513824 8.37136841 0 5.46984768 29.43094826 0 4.34531593 9.96563053 0 0.8274591 29.75 0 -0 28.4806366 0 -8.59742928 8.37180233 0 -5.46926785 9.96588326 0 -0.823928 9.69427776 0 -2.45324564 29.43094826 0 -4.34531593 38.53804016 0 30.47613144 40.31052017 0 34.43830109 39.34615326 0 34.69987106 7.35788345 0 -6.77208328 41.21868134 0 34.0215683 38.81822586 0 30.40517998 42.76950455 0 32.7720108 42.04586411 0 33.4610405 39.08290863 0 30.28907967 37.96195984 0 30.47613144 36.38221359 0 34.50446701 39.53751755 0 29.93524361 39.71504211 0 29.70715904 43.83057022 0 31.08660507 39.32487106 0 30.1309967 43.36986542 0 31.97326851 44.28689575 0 29.14799309 39.99402237 0 28.60548592 44.27006531 0 28.14892578 44.13905334 0 30.13620567 39.85260391 0 29.45296669 39.94644928 0 29.17959976 39.32487106 0 27.3690033 43.25841141 0 25.35613441 39.53751755 0 27.56475639 39.71504211 0 27.79284096 44.0890274 0 27.16625214 39.85260391 0 28.04703331 38.81822586 0 27.09482002 41.88505554 0 23.91379547 39.08290863 0 27.21092033 42.63149261 0 24.57806587 37.68177414 0 27.09482002 37.41709137 0 27.21092033 37.96195984 0 27.02386856 43.74871445 0 26.22677994 37.17512894 0 30.1309967 34.61494446 0 33.58620453 36.96248245 0 29.93524361 36.50597763 0 28.60548592 36.50597763 0 28.89451408 -19.64933968 0 22.33754539 -26.91945076 0 12.66513824 -6.14330673 0 7.89040947 -8.37180233 0 5.46926785 -7.35788345 0 6.77208328 16.23147774 0 -24.93191147 4.76104403 0 -8.79376984 -28.4806366 0 8.59742928 -9.15800285 0 4.01613235 3.2486167 0 -9.45747948 12.48470783 0 -27.00298119 -29.43094826 0 4.34531593 -9.69427776 0 2.45324564 8.47349262 0 -28.51711845 1.64709449 0 -9.86331272 4.2854619 0 -29.43915367 42.04586411 0 -33.4610405 39.08290863 0 -30.28907967 38.81822586 0 -30.40517998 39.34615326 0 -34.69987106 38.25 0 -30.5 38.35188675 0 -34.79914093 43.74871445 0 -26.22677994 39.53751755 0 -27.56475639 39.71504211 0 -27.79284096 36.50597763 0 -28.60548592 36.55355072 0 -28.32040024 39.85260391 0 -29.45296669 44.13905334 0 -30.13620567 39.94644928 0 -29.17959976 36.78495789 0 -29.70715904 34.61494446 0 -33.58620453 36.96248245 0 -29.93524361 37.41709137 0 -30.28907967 37.17512894 0 -30.1309967 36.50597763 0 -28.89451408 36.64739609 0 -29.45296669 36.55355072 0 -29.17959976 35.46053314 0 -34.11855698 36.38221359 0 -34.50446701 37.96195984 0 -30.47613144 37.68177414 0 -30.40517998 37.35484314 0 -34.73340988 38.53804016 0 -30.47613144 41.21868134 0 -34.0215683 40.31052017 0 -34.43830109 43.36986542 0 -31.97326851 39.53751755 0 -29.93524361 39.32487106 0 -30.1309967 42.76950455 0 -32.7720108 44.28689575 0 -29.14799309 44.27006531 0 -28.14892578 39.99402237 0 -28.60548592 -12.47603989 0 -27.00750542 -3.24567676 0 -9.45857525 -16.23147774 0 -24.93191147 -9.15752506 0 -4.01741409 -9.69367886 0 -2.45599723 -28.4806366 0 -8.59742928 39.85260391 0 -28.04703331 39.94644928 0 -28.32040024 44.0890274 0 -27.16625214 39.32487106 0 -27.3690033 43.25841141 0 -25.35613441 42.63149261 0 -24.57806587 0.00763786 0 -29.74954033 0 0 -10 37.96195984 0 -27.02386856 38.25 0 -27 41.88505554 0 -23.91379547 -4.75786638 0 -8.79550457 -6.14060163 0 -7.8924346 -19.64933968 0 -22.3375473 -8.37136841 0 -5.46984768 -26.91944885 0 -12.66513824 -7.35617685 0 -6.77378988 -8.46131516 0 -28.52116203 -1.64520764 0 -9.86372375 -4.27098513 0 -29.44149399 -9.96563053 0 -0.8274591 -29.43094826 0 -4.34531593 -36.78495789 0 -27.79284096 -36.96248245 0 -27.56475639 -9.96588326 0 0.823928 -29.75 0 -0 -38.53804016 0 -30.47613144 -39.34615326 0 -34.69987106 -38.25 0 -30.5 -43.36986542 0 -31.97326851 -39.53751755 0 -29.93524361 -43.83057022 0 -31.08660507 -42.76950455 0 -32.7720108 -39.32487106 0 -30.1309967 -39.85260391 0 -29.45296669 -39.71504211 0 -29.70715904 -39.08290863 0 -30.28907967 -42.04586411 0 -33.4610405 -39.94644928 0 -29.17959976 -44.13905334 0 -30.13620567 -41.21868134 0 -34.0215683 -38.81822586 0 -30.40517998 -39.99402237 0 -28.89451408 -40.31052017 0 -34.43830109 -39.94644928 0 -28.32040024 -43.74871445 0 -26.22677994 -37.35484314 0 -34.73340988 -38.35188675 0 -34.79914093 -38.53804016 0 -27.02386856 -38.81822586 0 -27.09482002 -38.25 0 -27 -4.76104403 0 8.79376984 -16.23147774 0 24.93191147 9.15800285 0 -4.01613235 9.69367886 0 2.45599723 9.15752506 0 4.01741409 7.35617685 0 6.77378988 35.46053314 0 34.11855698 38.53804016 0 27.02386856 38.25 0 27 37.68177414 0 30.40517998 37.41709137 0 30.28907967 36.64739609 0 29.45296669 36.78495789 0 29.70715904 36.55355072 0 29.17959976 36.55355072 0 28.32040024 36.78495789 0 27.79284096 36.64739609 0 28.04703331 37.17512894 0 27.3690033 36.96248245 0 27.56475639 39.94644928 0 28.32040024 39.99402237 0 28.89451408 37.68177414 0 -27.09482002 39.71504211 0 -29.70715904 43.83057022 0 -31.08660507 37.17512894 0 -27.3690033 37.41709137 0 -27.21092033 36.96248245 0 -27.56475639 36.64739609 0 -28.04703331 36.78495789 0 -27.79284096 39.99402237 0 -28.89451408 39.08290863 0 -27.21092033 38.81822586 0 -27.09482002 38.53804016 0 -27.02386856 -44.13905334 0 30.13620567 -39.94644928 0 29.17959976 -39.85260391 0 29.45296669 -39.85260391 0 28.04703331 -36.55355072 0 28.32040024 -36.50597763 0 28.60548592 -39.53751755 0 27.56475639 -43.25841141 0 25.35613441 -42.63149261 0 24.57806587 -39.32487106 0 27.3690033 -38.53804016 0 27.02386856 -38.25 0 27 -37.41709137 0 27.21092033 -37.17512894 0 27.3690033 -36.78495789 0 27.79284096 -36.96248245 0 27.56475639 -36.64739609 0 28.04703331 -36.50597763 0 28.89451408 -36.64739609 0 29.45296669 -36.55355072 0 29.17959976 -36.96248245 0 29.93524361 -36.78495789 0 29.70715904 -37.17512894 0 30.1309967 -37.41709137 0 -30.28907967 -34.61494446 0 -33.58620453 -37.17512894 0 -30.1309967 -37.96195984 0 -30.47613144 -36.38221359 0 -34.50446701 -35.46053314 0 -34.11855698 -37.68177414 0 -30.40517998 -36.96248245 0 -29.93524361 -36.64739609 0 -29.45296669 -36.78495789 0 -29.70715904 -36.50597763 0 -28.89451408 -36.55355072 0 -29.17959976 -36.50597763 0 -28.60548592 -36.64739609 0 -28.04703331 -36.55355072 0 -28.32040024 -37.17512894 0 -27.3690033 -37.68177414 0 -27.09482002 -37.41709137 0 -27.21092033 -37.96195984 0 -27.02386856 -21.4829216 114 -14.41289711 -16.5 114 -9 -21.34700203 114 -15.22742748 -21.07886696 114 -16.00847626 -20.68583298 114 -16.73474121 -20.17861938 114 -17.38640785 -19.571064 114 -17.9457016 -18.87973785 114 -18.39736938 -18.12349701 114 -18.72908592 -17.32297325 114 -18.93180656 -16.5 114 -19 -21.4829216 114 -13.58710289 -21.34700203 114 -12.77257252 -21.07886696 114 -11.99152279 -20.68583298 114 -11.26525879 -20.17861938 114 -10.61359215 -19.571064 114 -10.05429745 -18.87973785 114 -9.60263157 -18.12349701 114 -9.27091408 -17.32297325 114 -9.06819344 -14.87650299 114 -9.27091408 -15.67702675 114 -9.06819344 -12.82138062 114 -10.61359215 -13.428936 114 -10.05429745 -14.1202631 114 -9.60263157 -11.92113304 114 -11.99152279 -11.65299892 114 -12.77257252 -12.31416798 114 -11.26525879 -11.65299892 114 -15.22742748 -11.51707745 114 -14.41289711 -11.51707745 114 -13.58710289 -12.82138062 114 -17.38640785 -12.31416798 114 -16.73474121 -11.92113304 114 -16.00847626 -13.428936 114 -17.9457016 -14.1202631 114 -18.39736938 -14.87650299 114 -18.72908592 -15.67702675 114 -18.93180656 11.51707745 114 -14.41289711 16.5 114 -9 11.65299892 114 -15.22742748 11.92113304 114 -16.00847626 12.31416798 114 -16.73474121 12.82138062 114 -17.38640785 13.428936 114 -17.9457016 14.1202631 114 -18.39736938 14.87650299 114 -18.72908592 15.67702675 114 -18.93180656 16.5 114 -19 11.51707745 114 -13.58710289 11.65299892 114 -12.77257252 11.92113304 114 -11.99152279 12.31416798 114 -11.26525879 12.82138062 114 -10.61359215 13.428936 114 -10.05429745 14.1202631 114 -9.60263157 14.87650299 114 -9.27091408 15.67702675 114 -9.06819344 18.12349701 114 -9.27091408 17.32297325 114 -9.06819344 20.17861938 114 -10.61359215 19.571064 114 -10.05429745 18.87973785 114 -9.60263157 21.07886696 114 -11.99152279 21.34700203 114 -12.77257252 20.68583298 114 -11.26525879 21.34700203 114 -15.22742748 21.4829216 114 -14.41289711 21.4829216 114 -13.58710289 20.17861938 114 -17.38640785 20.68583298 114 -16.73474121 21.07886696 114 -16.00847626 19.571064 114 -17.9457016 18.87973785 114 -18.39736938 18.12349701 114 -18.72908592 17.32297325 114 -18.93180656 11.51707745 114 13.58710289 16.5 114 19 11.65299892 114 12.77257252 11.92113304 114 11.99152279 12.31416798 114 11.26525879 12.82138062 114 10.61359215 13.428936 114 10.05429745 14.1202631 114 9.60263157 14.87650299 114 9.27091408 15.67702675 114 9.06819344 16.5 114 9 11.51707745 114 14.41289711 11.65299892 114 15.22742748 11.92113304 114 16.00847626 12.31416798 114 16.73474121 12.82138062 114 17.38640785 13.428936 114 17.9457016 14.1202631 114 18.39736938 14.87650299 114 18.72908592 15.67702675 114 18.93180656 18.12349701 114 18.72908592 17.32297325 114 18.93180656 20.17861938 114 17.38640785 19.571064 114 17.9457016 18.87973785 114 18.39736938 21.07886696 114 16.00847626 21.34700203 114 15.22742748 20.68583298 114 16.73474121 21.34700203 114 12.77257252 21.4829216 114 13.58710289 21.4829216 114 14.41289711 20.17861938 114 10.61359215 20.68583298 114 11.26525879 21.07886696 114 11.99152279 19.571064 114 10.05429745 18.87973785 114 9.60263157 18.12349701 114 9.27091408 17.32297325 114 9.06819344 -21.4829216 114 13.58710289 -16.5 114 19 -21.34700203 114 12.77257252 -21.07886696 114 11.99152279 -20.68583298 114 11.26525879 -20.17861938 114 10.61359215 -19.571064 114 10.05429745 -18.87973785 114 9.60263157 -18.12349701 114 9.27091408 -17.32297325 114 9.06819344 -16.5 114 9 -21.4829216 114 14.41289711 -21.34700203 114 15.22742748 -21.07886696 114 16.00847626 -20.68583298 114 16.73474121 -20.17861938 114 17.38640785 -19.571064 114 17.9457016 -18.87973785 114 18.39736938 -18.12349701 114 18.72908592 -17.32297325 114 18.93180656 -14.87650299 114 18.72908592 -15.67702675 114 18.93180656 -12.82138062 114 17.38640785 -13.428936 114 17.9457016 -14.1202631 114 18.39736938 -11.92113304 114 16.00847626 -11.65299892 114 15.22742748 -12.31416798 114 16.73474121 -11.65299892 114 12.77257252 -11.51707745 114 13.58710289 -11.51707745 114 14.41289711 -12.82138062 114 10.61359215 -12.31416798 114 11.26525879 -11.92113304 114 11.99152279 -13.428936 114 10.05429745 -14.1202631 114 9.60263157 -14.87650299 114 9.27091408 -15.67702675 114 9.06819344 -29.66672707 119 -2.22428036 -29.66672707 114 -2.22428036 -29.66672707 114 2.22124124 0 119 29.75 0 114 29.75 4.43609238 114 29.41737747 -29.00335503 119 -6.62303877 -29.00335503 114 -6.62303877 -27.69152069 114 -10.87351894 -27.69152069 119 -10.87351894 -25.76070595 119 -14.88060093 -25.76070595 114 -14.88060093 -23.25428581 119 -18.55467606 -23.25428581 114 -18.55467606 -20.22854042 114 -21.81366158 -20.22854042 119 -21.81366158 -16.75136375 119 -24.58486176 -16.75136375 114 -24.58486176 -12.90071487 119 -26.8065834 -12.90071487 114 -26.8065834 -8.76284599 114 -28.42952347 -8.76284599 119 -28.42952347 -4.43609238 119 -29.41737747 -4.43609238 114 -29.41737747 -0 119 -29.75 -0 114 -29.75 -29.66672707 119 2.22124124 -29.00470543 119 6.61494493 -29.00470543 114 6.61494493 -27.695467 114 10.86202049 -27.695467 119 10.86202049 -25.76779366 114 14.86750412 -25.76779366 119 14.86750412 -23.26436615 119 18.54172516 -23.26436615 114 18.54172516 -20.240839 114 21.80234146 -20.240839 119 21.80234146 -16.76459312 114 24.57621765 -16.76459312 119 24.57621765 -12.91323948 119 26.80109024 -12.91323948 114 26.80109024 -8.77286339 114 28.42698669 -8.77286339 119 28.42698669 -4.43609238 114 29.41737747 -4.43609238 119 29.41737747 8.76284599 119 28.42952347 4.43609238 119 29.41737747 8.76284599 114 28.42952347 20.22854042 119 21.81366158 16.75136375 119 24.58486176 20.22854042 114 21.81366158 12.90071487 119 26.8065834 12.90071487 114 26.8065834 16.75136375 114 24.58486176 25.76070595 119 14.88060093 27.69152069 114 10.87351894 27.69152069 119 10.87351894 23.25428581 114 18.55467606 25.76070595 114 14.88060093 23.25428581 119 18.55467606 29.66672707 114 -2.22124124 29.66672707 119 -2.22124124 29.66672707 119 2.22428036 29.66672707 114 2.22428036 29.00335503 119 6.62303877 29.00335503 114 6.62303877 25.76779366 119 -14.86750412 27.695467 119 -10.86202049 25.76779366 114 -14.86750412 29.00470543 119 -6.61494493 29.00470543 114 -6.61494493 27.695467 114 -10.86202049 20.240839 119 -21.80234146 20.240839 114 -21.80234146 16.76459312 114 -24.57621765 23.26436615 114 -18.54172516 23.26436615 119 -18.54172516 12.91323948 114 -26.80109024 16.76459312 119 -24.57621765 8.77286339 114 -28.42698669 12.91323948 119 -26.80109024 8.77286339 119 -28.42698669 4.43609238 114 -29.41737747 4.43609238 119 -29.41737747 -11.51707745 119 -14.41289711 11.51707745 119 -14.41289711 11.65299892 119 -15.22742748 18.12349701 119 -9.27091408 18.87973785 119 -9.60263157 13.428936 119 10.05429745 14.1202631 119 9.60263157 14.1202631 119 -9.60263157 -14.87650299 119 9.27091408 -14.1202631 119 -9.60263157 -14.87650299 119 -9.27091408 16.5 119 9 16.5 119 -9 15.67702675 119 9.06819344 17.32297325 119 -18.93180656 18.12349701 119 -18.72908592 -14.1202631 119 9.60263157 19.571064 119 -17.9457016 18.87973785 119 -18.39736938 18.12349701 119 9.27091408 -15.67702675 119 9.06819344 18.87973785 119 9.60263157 11.65299892 119 15.22742748 -11.65299892 119 15.22742748 12.82138062 119 -17.38640785 13.428936 119 -17.9457016 -11.65299892 119 -15.22742748 14.87650299 119 18.72908592 -20.17861938 119 10.61359215 -19.571064 119 10.05429745 -18.87973785 119 9.60263157 -18.12349701 119 9.27091408 -14.1202631 119 -18.39736938 -13.428936 119 -17.9457016 -20.68583298 119 -11.26525879 -20.17861938 119 -10.61359215 -18.87973785 119 -9.60263157 -20.68583298 119 -16.73474121 -21.07886696 119 -16.00847626 -21.4829216 119 -13.58710289 -21.4829216 119 -14.41289711 -20.17861938 119 -17.38640785 -19.571064 119 -17.9457016 -18.87973785 119 -18.39736938 -18.12349701 119 -18.72908592 -14.87650299 119 -18.72908592 -17.32297325 119 -18.93180656 -16.5 119 -19 -21.34700203 119 12.77257252 -21.07886696 119 11.99152279 -12.31416798 119 -16.73474121 -12.82138062 119 -17.38640785 -17.32297325 119 18.93180656 -11.92113304 119 -16.00847626 11.65299892 119 -12.77257252 11.51707745 119 -13.58710289 -11.65299892 119 -12.77257252 15.67702675 119 18.93180656 -12.31416798 119 -11.26525879 -12.82138062 119 -10.61359215 12.31416798 119 -11.26525879 -15.67702675 119 -9.06819344 13.428936 119 17.9457016 12.82138062 119 17.38640785 11.92113304 119 -16.00847626 12.31416798 119 -16.73474121 20.68583298 119 11.26525879 20.17861938 119 10.61359215 -20.68583298 119 11.26525879 -21.34700203 119 15.22742748 -21.07886696 119 16.00847626 -18.12349701 119 -9.27091408 -19.571064 119 -10.05429745 -21.07886696 119 -11.99152279 -21.34700203 119 -12.77257252 -21.34700203 119 -15.22742748 -15.67702675 119 -18.93180656 -11.51707745 119 -13.58710289 12.82138062 119 -10.61359215 14.87650299 119 -18.72908592 15.67702675 119 -18.93180656 20.17861938 119 -10.61359215 19.571064 119 -10.05429745 13.428936 119 -10.05429745 12.82138062 119 10.61359215 -12.82138062 119 10.61359215 12.31416798 119 16.73474121 11.92113304 119 16.00847626 -13.428936 119 10.05429745 -13.428936 119 -10.05429745 -17.32297325 119 -9.06819344 -20.17861938 119 17.38640785 -19.571064 119 17.9457016 -20.68583298 119 16.73474121 21.34700203 119 -12.77257252 21.07886696 119 -11.99152279 21.34700203 119 -15.22742748 -16.5 119 -9 -17.32297325 119 9.06819344 -16.5 119 9 -11.92113304 119 -11.99152279 11.92113304 119 -11.99152279 14.1202631 119 -18.39736938 16.5 119 -19 20.17861938 119 -17.38640785 20.68583298 119 -16.73474121 21.07886696 119 -16.00847626 21.4829216 119 -14.41289711 21.4829216 119 -13.58710289 20.68583298 119 -11.26525879 17.32297325 119 9.06819344 17.32297325 119 -9.06819344 -16.5 119 19 -13.428936 119 17.9457016 -12.82138062 119 17.38640785 -18.12349701 119 18.72908592 -18.87973785 119 18.39736938 -21.4829216 119 14.41289711 -21.4829216 119 13.58710289 -12.31416798 119 16.73474121 -11.92113304 119 16.00847626 11.51707745 119 14.41289711 11.51707745 119 13.58710289 -11.51707745 119 14.41289711 -11.51707745 119 13.58710289 11.65299892 119 12.77257252 -11.65299892 119 12.77257252 -11.92113304 119 11.99152279 11.92113304 119 11.99152279 12.31416798 119 11.26525879 17.32297325 119 18.93180656 16.5 119 19 21.4829216 119 13.58710289 21.4829216 119 14.41289711 -14.1202631 119 18.39736938 -14.87650299 119 18.72908592 -15.67702675 119 18.93180656 20.68583298 119 16.73474121 21.07886696 119 16.00847626 -12.31416798 119 11.26525879 14.1202631 119 18.39736938 14.87650299 119 9.27091408 14.87650299 119 -9.27091408 15.67702675 119 -9.06819344 19.571064 119 10.05429745 21.07886696 119 11.99152279 21.34700203 119 12.77257252 21.34700203 119 15.22742748 20.17861938 119 17.38640785 19.571064 119 17.9457016 18.12349701 119 18.72908592 18.87973785 119 18.39736938 -21.4829216 138 -14.41289711 -16.5 138 -9 -21.34700203 138 -15.22742748 -21.07886696 138 -16.00847626 -20.68583298 138 -16.73474121 -20.17861938 138 -17.38640785 -19.571064 138 -17.9457016 -18.87973785 138 -18.39736938 -18.12349701 138 -18.72908592 -17.32297325 138 -18.93180656 -16.5 138 -19 -21.4829216 138 -13.58710289 -21.34700203 138 -12.77257252 -21.07886696 138 -11.99152279 -20.68583298 138 -11.26525879 -20.17861938 138 -10.61359215 -19.571064 138 -10.05429745 -18.87973785 138 -9.60263157 -18.12349701 138 -9.27091408 -17.32297325 138 -9.06819344 -14.87650299 138 -9.27091408 -15.67702675 138 -9.06819344 -12.82138062 138 -10.61359215 -13.428936 138 -10.05429745 -14.1202631 138 -9.60263157 -11.92113304 138 -11.99152279 -11.65299892 138 -12.77257252 -12.31416798 138 -11.26525879 -11.65299892 138 -15.22742748 -11.51707745 138 -14.41289711 -11.51707745 138 -13.58710289 -12.82138062 138 -17.38640785 -12.31416798 138 -16.73474121 -11.92113304 138 -16.00847626 -13.428936 138 -17.9457016 -14.1202631 138 -18.39736938 -14.87650299 138 -18.72908592 -15.67702675 138 -18.93180656 -16.5 139 -10 -12.62239933 139 -14.98194218 -12.83690643 139 -15.60678196 -12.83690643 139 -12.39321804 -14.04314899 139 -10.84343815 -13.55710411 139 -11.29087353 -13.15133381 139 -11.81220722 -12.62239933 139 -13.01805782 -14.59621048 139 -10.48210526 -15.20120239 139 -10.21673107 -12.51366234 139 -13.6696825 -12.51366234 139 -14.3303175 -15.8416214 139 -10.05455494 -18.40378952 139 -10.48210526 -17.79879761 139 -10.21673107 -13.55710411 139 -16.70912552 -13.15133381 139 -16.18779182 -17.1583786 139 -10.05455494 -14.04314899 139 -17.15656281 -14.59621048 139 -17.51789474 -18.95685005 139 -10.84343815 -20.16309357 139 -12.39321804 -15.8416214 139 -17.94544601 -16.5 139 -18 -19.44289589 139 -11.29087353 -15.20120239 139 -17.78326988 -19.84866524 139 -11.81220722 -17.79879761 139 -17.78326988 -18.40378952 139 -17.51789474 -20.48633766 139 -14.3303175 -17.1583786 139 -17.94544601 -20.48633766 139 -13.6696825 -20.37760162 139 -13.01805782 -19.44289589 139 -16.70912552 -19.84866524 139 -16.18779182 -20.16309357 139 -15.60678196 -20.37760162 139 -14.98194218 -18.95685005 139 -17.15656281 11.51707745 138 -14.41289711 16.5 138 -9 11.65299892 138 -15.22742748 11.92113304 138 -16.00847626 12.31416798 138 -16.73474121 12.82138062 138 -17.38640785 13.428936 138 -17.9457016 14.1202631 138 -18.39736938 14.87650299 138 -18.72908592 15.67702675 138 -18.93180656 16.5 138 -19 11.51707745 138 -13.58710289 11.65299892 138 -12.77257252 11.92113304 138 -11.99152279 12.31416798 138 -11.26525879 12.82138062 138 -10.61359215 13.428936 138 -10.05429745 14.1202631 138 -9.60263157 14.87650299 138 -9.27091408 15.67702675 138 -9.06819344 18.12349701 138 -9.27091408 17.32297325 138 -9.06819344 20.17861938 138 -10.61359215 19.571064 138 -10.05429745 18.87973785 138 -9.60263157 21.07886696 138 -11.99152279 21.34700203 138 -12.77257252 20.68583298 138 -11.26525879 21.34700203 138 -15.22742748 21.4829216 138 -14.41289711 21.4829216 138 -13.58710289 20.17861938 138 -17.38640785 20.68583298 138 -16.73474121 21.07886696 138 -16.00847626 19.571064 138 -17.9457016 18.87973785 138 -18.39736938 18.12349701 138 -18.72908592 17.32297325 138 -18.93180656 16.5 139 -10 20.37760162 139 -14.98194218 20.16309357 139 -15.60678196 20.16309357 139 -12.39321804 18.95685005 139 -10.84343815 19.44289589 139 -11.29087353 19.84866524 139 -11.81220722 20.37760162 139 -13.01805782 18.40378952 139 -10.48210526 17.79879761 139 -10.21673107 20.48633766 139 -13.6696825 20.48633766 139 -14.3303175 17.1583786 139 -10.05455494 14.59621048 139 -10.48210526 15.20120239 139 -10.21673107 19.44289589 139 -16.70912552 19.84866524 139 -16.18779182 15.8416214 139 -10.05455494 18.95685005 139 -17.15656281 18.40378952 139 -17.51789474 14.04314899 139 -10.84343815 12.83690643 139 -12.39321804 17.1583786 139 -17.94544601 16.5 139 -18 13.55710411 139 -11.29087353 17.79879761 139 -17.78326988 13.15133381 139 -11.81220722 15.20120239 139 -17.78326988 14.59621048 139 -17.51789474 12.51366234 139 -14.3303175 15.8416214 139 -17.94544601 12.51366234 139 -13.6696825 12.62239933 139 -13.01805782 13.55710411 139 -16.70912552 13.15133381 139 -16.18779182 12.83690643 139 -15.60678196 12.62239933 139 -14.98194218 14.04314899 139 -17.15656281 -21.4829216 138 13.58710289 -16.5 138 19 -21.34700203 138 12.77257252 -21.07886696 138 11.99152279 -20.68583298 138 11.26525879 -20.17861938 138 10.61359215 -19.571064 138 10.05429745 -18.87973785 138 9.60263157 -18.12349701 138 9.27091408 -17.32297325 138 9.06819344 -16.5 138 9 -21.4829216 138 14.41289711 -21.34700203 138 15.22742748 -21.07886696 138 16.00847626 -20.68583298 138 16.73474121 -20.17861938 138 17.38640785 -19.571064 138 17.9457016 -18.87973785 138 18.39736938 -18.12349701 138 18.72908592 -17.32297325 138 18.93180656 -14.87650299 138 18.72908592 -15.67702675 138 18.93180656 -12.82138062 138 17.38640785 -13.428936 138 17.9457016 -14.1202631 138 18.39736938 -11.92113304 138 16.00847626 -11.65299892 138 15.22742748 -12.31416798 138 16.73474121 -11.65299892 138 12.77257252 -11.51707745 138 13.58710289 -11.51707745 138 14.41289711 -12.82138062 138 10.61359215 -12.31416798 138 11.26525879 -11.92113304 138 11.99152279 -13.428936 138 10.05429745 -14.1202631 138 9.60263157 -14.87650299 138 9.27091408 -15.67702675 138 9.06819344 -16.5 139 18 -12.62239933 139 13.01805782 -12.83690643 139 12.39321804 -12.83690643 139 15.60678196 -14.04314899 139 17.15656281 -13.55710411 139 16.70912552 -13.15133381 139 16.18779182 -12.62239933 139 14.98194218 -14.59621048 139 17.51789474 -15.20120239 139 17.78326988 -12.51366234 139 14.3303175 -12.51366234 139 13.6696825 -15.8416214 139 17.94544601 -18.40378952 139 17.51789474 -17.79879761 139 17.78326988 -13.55710411 139 11.29087353 -13.15133381 139 11.81220722 -17.1583786 139 17.94544601 -14.04314899 139 10.84343815 -14.59621048 139 10.48210526 -18.95685005 139 17.15656281 -20.16309357 139 15.60678196 -15.8416214 139 10.05455494 -16.5 139 10 -19.44289589 139 16.70912552 -15.20120239 139 10.21673107 -19.84866524 139 16.18779182 -17.79879761 139 10.21673107 -18.40378952 139 10.48210526 -20.48633766 139 13.6696825 -17.1583786 139 10.05455494 -20.48633766 139 14.3303175 -20.37760162 139 14.98194218 -19.44289589 139 11.29087353 -19.84866524 139 11.81220722 -20.16309357 139 12.39321804 -20.37760162 139 13.01805782 -18.95685005 139 10.84343815 11.51707745 138 13.58710289 16.5 138 19 11.65299892 138 12.77257252 11.92113304 138 11.99152279 12.31416798 138 11.26525879 12.82138062 138 10.61359215 13.428936 138 10.05429745 14.1202631 138 9.60263157 14.87650299 138 9.27091408 15.67702675 138 9.06819344 16.5 138 9 11.51707745 138 14.41289711 11.65299892 138 15.22742748 11.92113304 138 16.00847626 12.31416798 138 16.73474121 12.82138062 138 17.38640785 13.428936 138 17.9457016 14.1202631 138 18.39736938 14.87650299 138 18.72908592 15.67702675 138 18.93180656 18.12349701 138 18.72908592 17.32297325 138 18.93180656 20.17861938 138 17.38640785 19.571064 138 17.9457016 18.87973785 138 18.39736938 21.07886696 138 16.00847626 21.34700203 138 15.22742748 20.68583298 138 16.73474121 21.34700203 138 12.77257252 21.4829216 138 13.58710289 21.4829216 138 14.41289711 20.17861938 138 10.61359215 20.68583298 138 11.26525879 21.07886696 138 11.99152279 19.571064 138 10.05429745 18.87973785 138 9.60263157 18.12349701 138 9.27091408 17.32297325 138 9.06819344 16.5 139 18 20.37760162 139 13.01805782 20.16309357 139 12.39321804 20.16309357 139 15.60678196 18.95685005 139 17.15656281 19.44289589 139 16.70912552 19.84866524 139 16.18779182 20.37760162 139 14.98194218 18.40378952 139 17.51789474 17.79879761 139 17.78326988 20.48633766 139 14.3303175 20.48633766 139 13.6696825 17.1583786 139 17.94544601 14.59621048 139 17.51789474 15.20120239 139 17.78326988 19.44289589 139 11.29087353 19.84866524 139 11.81220722 15.8416214 139 17.94544601 18.95685005 139 10.84343815 18.40378952 139 10.48210526 14.04314899 139 17.15656281 12.83690643 139 15.60678196 17.1583786 139 10.05455494 16.5 139 10 13.55710411 139 16.70912552 17.79879761 139 10.21673107 13.15133381 139 16.18779182 15.20120239 139 10.21673107 14.59621048 139 10.48210526 12.51366234 139 13.6696825 15.8416214 139 10.05455494 12.51366234 139 14.3303175 12.62239933 139 14.98194218 13.55710411 139 11.29087353 13.15133381 139 11.81220722 12.83690643 139 12.39321804 12.62239933 139 13.01805782 14.04314899 139 10.84343815</float_array>
          <technique_common>
            <accessor source="#pos_0-array" count="4368" stride="3">
              <param name="X" type="float"/>
              <param name="Y" type="float"/>
              <param name="Z" type="float"/>
            </accessor>
          </technique_common>
        </source>
        <source id="norm_0">
          <float_array id="norm_0-array" count="1941">-0 1 0 0 -1 0 -0 -1 0 -0 -1 -0 -0 -1 0 -0 -1 0 -0 -1 -0 -0 -1 -0 -0 -1 -0 -0 -1 -0 -0 -1 -0 -0 -1 -0 -0 -1 -0 -0 -1 -0 -0 -1 -0 -0 -1 0 -0 -1 0 0 -1 -0 -0 -1 0 -0 -1 0 -0 -1 0 -0 -1 0 -0 -1 0 -0 -1 0 -0 -1 0 -0 -1 -0 -0 -1 -0 -0 -1 -0 -0 -1 -0 -0 -1 -0 -0 -1 -0 -0 -1 -0 -0 -1 -0 -0 -1 -0 0 -1 -0 0 -1 -0 0 -1 -0 -0 -1 -0 0 -1 -0 -0.79937 0 -0.60083 -0.88736 0 -0.46107 -0.95115 -0 -0.30873 -0.98899 0 -0.14796 -0.99986 0 0.01684 -0.98345 0 0.18118 -0.94021 0 0.34058 -0.87133 0 0.49069 -0.77868 0 0.62742 -0.66479 0 0.74703 -0.68958 -0 -0.72421 -0.56097 0 -0.82784 -0.41706 0 -0.90888 -0.26178 -0 -0.96513 -0.09935 0 -0.99505 0.06578 0 -0.99783 0.22912 0 -0.9734 0.38622 0 -0.92241 0.53277 0 -0.84626 -0.60084 0 0.79937 -0.99732 0 0.07323 -0.97592 0 0.21811 -0.9336 0 0.35832 -0.99732 0 -0.07323 -0.97592 -0 -0.21811 -0.9336 0 -0.35832 -0.60084 0 -0.79937 -0.79937 0 0.60083 -0.68958 0 0.72421 -0.56097 0 0.82784 -0.41706 0 0.90888 -0.26178 0 0.96513 -0.09935 0 0.99505 0.06578 -0 0.99783 0.22912 0 0.9734 0.38622 0 0.92241 0.53277 -0 0.84626 -0.88736 0 0.46107 -0.95115 0 0.30873 -0.98899 0 0.14796 -0.99986 -0 -0.01684 -0.98345 0 -0.18118 -0.94021 0 -0.34058 -0.87133 -0 -0.49069 -0.77868 0 -0.62742 -0.66479 -0 -0.74703 0.60084 -0 0.79937 0.07181 -0.00027 0.99742 0.21452 -0.0002 0.97672 0.07237 0.00032 0.99738 0.35279 -0.00013 0.9357 0.21501 0.00033 0.97661 0.48373 -6E-05 0.87522 0.35315 0.00029 0.93557 0.60461 0 0.79652 0.48377 0 0.87519 -0.07181 0.00027 0.99742 -0.21452 0.0002 0.97672 -0.07237 -0.00032 0.99738 -0.35279 0.00013 0.9357 -0.21501 -0.00033 0.97661 -0.48373 6E-05 0.87522 -0.35315 -0.00029 0.93557 -0.60461 0 0.79652 -0.48377 0 0.87519 -0.60084 0 0.79937 0.79937 -0 0.60083 0.88736 0 0.46107 0.95115 0 0.30873 0.98899 -0 0.14796 0.99986 0 -0.01684 0.98345 0 -0.18118 0.94021 0 -0.34058 0.87133 0 -0.49069 0.77868 0 -0.62742 0.66479 0 -0.74703 0.68958 0 0.72421 0.56097 0 0.82784 0.41706 -0 0.90888 0.26178 0 0.96513 0.09935 0 0.99505 -0.06578 0 0.99783 -0.22912 0 0.9734 -0.38622 0 0.92241 -0.53277 0 0.84626 0.60084 0 -0.79937 0.99732 0 -0.07323 0.97592 0 -0.21811 0.9336 0 -0.35832 0.99732 0 0.07323 0.97592 0 0.21811 0.9336 -0 0.35832 0.60084 -0 0.79937 0.79937 0 -0.60083 0.68958 0 -0.72421 0.56097 0 -0.82784 0.41706 0 -0.90888 0.26178 0 -0.96513 0.09935 0 -0.99505 -0.06578 0 -0.99783 -0.22912 0 -0.9734 -0.38622 -0 -0.92241 -0.53277 0 -0.84626 0.88736 0 -0.46107 0.95115 0 -0.30873 0.98899 0 -0.14796 0.99986 0 0.01684 0.98345 0 0.18118 0.94021 -0 0.34058 0.87133 0 0.49069 0.77868 0 0.62742 0.66479 0 0.74703 -0.60084 0 -0.79937 -0.07181 -0.00027 -0.99742 -0.21452 -0.0002 -0.97672 -0.07237 0.00032 -0.99738 -0.35279 -0.00013 -0.9357 -0.21501 0.00033 -0.97661 -0.48373 -6E-05 -0.87522 -0.35315 0.00029 -0.93557 -0.60461 0 -0.79652 -0.48377 0 -0.87519 0.07181 0.00027 -0.99742 0.21452 0.0002 -0.97672 0.07237 -0.00032 -0.99738 0.35279 0.00013 -0.9357 0.21501 -0.00033 -0.97661 0.48373 6E-05 -0.87522 0.35315 -0.00029 -0.93557 0.60461 0 -0.79652 0.48377 0 -0.87519 0.60084 0 -0.79937 1 0 0 -0.08258 -0 -0.99658 0.98636 -0 0.1646 0.94582 0 0.32469 0.87947 0 0.47595 0.78914 -0 0.61421 0.67728 0 0.73573 0.54695 0 0.83716 0.40169 -0 0.91577 0.24548 0 0.9694 0.08258 0 0.99658 0.98636 0 -0.1646 0.94582 0 -0.32469 0.87947 0 -0.47595 0.78914 0 -0.61421 0.67728 0 -0.73573 0.54695 0 -0.83716 0.40169 0 -0.91577 0.24548 0 -0.9694 0.08258 0 -0.99658 -0.24548 -0 -0.9694 -0.67728 -0 -0.73573 -0.54695 -0 -0.83716 -0.94582 0 -0.32469 -0.87947 0 -0.47595 -0.98636 0 0.1646 -1 0 0 -0.78914 0 0.61421 -0.87947 0 0.47595 -0.54695 0 0.83716 -0.67728 0 0.73573 -0.40169 0 0.91577 -0.24548 0 0.9694 -0.08258 0 0.99658 -0.94582 0 0.32469 -0.98636 0 -0.1646 -0.78914 0 -0.61421 -0.40169 -0 -0.91577 1 6E-05 0.00015 -0.08255 -0 -0.99659 0.98634 3E-05 0.16471 0.98639 -8E-05 0.16443 0.9458 1E-05 0.32476 0.94587 -8E-05 0.32456 0.87944 3E-05 0.47601 0.87952 -5E-05 0.47586 0.78905 7E-05 0.61432 0.78917 -0 0.61417 0.67716 9E-05 0.73584 0.67736 -2E-05 0.73565 0.54681 7E-05 0.83725 0.54707 -5E-05 0.83709 0.40157 4E-05 0.91583 0.40185 -8E-05 0.91571 0.2454 2E-05 0.96942 0.24564 -9E-05 0.96936 0.0827 -6E-05 0.99657 0.08255 0 0.99659 1 -6E-05 -0.00015 0.98634 -3E-05 -0.16471 0.98639 8E-05 -0.16443 0.9458 -1E-05 -0.32476 0.94587 8E-05 -0.32456 0.87944 -3E-05 -0.47601 0.87952 5E-05 -0.47586 0.78905 -7E-05 -0.61432 0.78917 0 -0.61417 0.67716 -9E-05 -0.73584 0.67736 2E-05 -0.73565 0.54681 -7E-05 -0.83725 0.54707 5E-05 -0.83709 0.40157 -4E-05 -0.91583 0.40185 8E-05 -0.91571 0.2454 -2E-05 -0.96942 0.24564 9E-05 -0.96936 0.0827 6E-05 -0.99657 -0.24564 -9E-05 -0.96936 0.08255 0 -0.99659 -0.67736 -2E-05 -0.73565 -0.54681 7E-05 -0.83725 -0.94587 -8E-05 -0.32456 -0.87944 3E-05 -0.47601 -0.98634 -3E-05 0.16471 -1 6E-05 -0.00015 -0.78905 -7E-05 0.61432 -0.87952 5E-05 0.47586 -0.54707 5E-05 0.83709 -0.67716 -9E-05 0.73584 -0.40185 8E-05 0.91571 -0.54681 -7E-05 0.83725 -0.24564 9E-05 0.96936 -0.40157 -4E-05 0.91583 -0.0827 6E-05 0.99657 -0.2454 -2E-05 0.96942 -0.08255 0 0.99659 -0.78917 0 0.61417 -0.67736 2E-05 0.73565 -0.9458 -1E-05 0.32476 -0.87944 -3E-05 0.47601 -0.98639 8E-05 0.16443 -0.94587 8E-05 0.32456 -0.98639 -8E-05 -0.16443 -1 -6E-05 0.00015 -0.9458 1E-05 -0.32476 -0.98634 3E-05 -0.16471 -0.78917 -0 -0.61417 -0.87952 -5E-05 -0.47586 -0.67716 9E-05 -0.73584 -0.78905 7E-05 -0.61432 -0.40185 -8E-05 -0.91571 -0.54707 -5E-05 -0.83709 -0.2454 2E-05 -0.96942 -0.40157 4E-05 -0.91583 -0.0827 -6E-05 -0.99657 0.08258 0 0.99658 -0.98636 0 -0.16459 -0.94582 -0 -0.3247 -0.87947 0 -0.47595 -0.78914 0 -0.61421 -0.67728 -0 -0.73572 -0.54695 0 -0.83717 -0.40169 0 -0.91577 -0.24549 -0 -0.9694 -0.08258 0 -0.99658 -0.98636 0 0.16459 -0.94582 0 0.3247 -0.87947 0 0.47595 -0.78914 0 0.61421 -0.67728 0 0.73572 -0.54695 0 0.83717 -0.40169 0 0.91577 -0.24549 0 0.9694 -0.08258 0 0.99658 0.24549 0 0.9694 0.67728 0 0.73572 0.54695 0 0.83717 0.94582 0 0.3247 0.87947 -0 0.47595 0.98636 0 -0.1646 0.78914 0 -0.61421 0.87947 0 -0.47595 0.54695 0 -0.83717 0.67728 0 -0.73572 0.40169 0 -0.91577 0.24549 0 -0.9694 0.08258 0 -0.99658 0.94582 0 -0.3247 0.98636 -0 0.1646 0.78914 0 0.61421 0.4017 0 0.91577 -0.98636 0 -0.1646 -0.94582 -0 -0.3247 -0.87947 0 -0.47595 -0.78914 0 -0.61421 -0.54695 0 -0.83717 -0.40169 0 -0.91577 -0.98636 0 0.1646 -0.94582 0 0.3247 -0.87947 0 0.47595 -0.78914 0 0.61421 -0.54695 0 0.83717 -0.4017 0 0.91577 0.54695 0 0.83717 0.94582 0 0.3247 0.87947 -0 0.47595 0.98636 0 -0.16459 0.78914 0 -0.61421 0.87947 0 -0.47595 0.54695 0 -0.83717 0.40169 0 -0.91577 0.94582 0 -0.3247 0.98636 -0 0.16459 0.78914 0 0.61421 0.40169 0 0.91577 -0.94582 -0 -0.3247 -0.87947 0 -0.47595 -0.67728 -0 -0.73572 -0.54695 0 -0.83717 -0.4017 0 -0.91577 -0.94582 0 0.3247 -0.87947 0 0.47595 -0.67728 0 0.73572 -0.54695 0 0.83717 -0.40169 0 0.91577 0.67728 0 0.73572 0.54695 0 0.83717 0.94582 0 0.3247 0.87947 -0 0.47595 0.87947 0 -0.47595 0.54695 0 -0.83717 0.67728 0 -0.73572 0.40169 0 -0.91577 0.94582 0 -0.3247 0.40169 0 0.91577 -0.94582 -0 -0.3247 -0.87947 0 -0.47595 -0.54695 0 -0.83717 -0.40169 0 -0.91577 -0.94582 0 0.3247 -0.87947 0 0.47595 -0.54695 0 0.83717 -0.40169 0 0.91577 0.54695 0 0.83717 0.94582 0 0.3247 0.87947 -0 0.47595 0.87947 0 -0.47595 0.54695 0 -0.83717 0.4017 0 -0.91577 0.94582 0 -0.3247 0.40169 0 0.91577 0.07477 0 0.9972 -0.98882 0 -0.14912 -0.95553 0 -0.29491 -0.90087 -0 -0.43409 -0.82608 0 -0.56355 -0.73284 0 -0.6804 -0.62325 -0 -0.78202 -0.49976 0 -0.86617 -0.36514 0 -0.93095 -0.22259 -0 -0.97491 -0.07477 0 -0.9972 -0.98884 0 0.14899 -0.95562 0 0.29459 -0.90108 0 0.43365 -0.82641 0 0.56307 -0.73326 0 0.67995 -0.62372 0 0.78165 -0.50022 0 0.8659 -0.36552 0 0.9308 -0.22264 0 0.9749 -0.07477 0 0.9972 0.22259 0 0.97491 0.62325 0 0.78202 0.49976 0 0.86617 0.90087 0 0.43409 0.82608 -0 0.56355 0.98882 0 0.14912 0.90108 0 -0.43365 0.95562 0 -0.29459 0.62372 0 -0.78165 0.73326 0 -0.67995 0.50022 0 -0.8659 0.36552 0 -0.9308 0.22264 0 -0.9749 0.07477 0 -0.9972 0.82641 0 -0.56307 0.98884 0 -0.14899 0.95553 -0 0.29491 0.73284 0 0.6804 0.36514 0 0.93095 0.70832 0.7059 0 -0.05849 0.7059 0.7059 0.69866 0.7059 -0.11658 0.69866 0.7059 -0.11658 0.66994 0.7059 -0.22999 0.66994 0.7059 -0.22999 0.62294 0.7059 -0.33712 0.62294 0.7059 -0.33712 0.55896 0.7059 -0.43506 0.55896 0.7059 -0.43506 0.47973 0.7059 -0.52112 0.47973 0.7059 -0.52112 0.38741 0.7059 -0.59298 0.38741 0.7059 -0.59298 0.28453 0.7059 -0.64866 0.28453 0.7059 -0.64866 0.17388 0.7059 -0.68664 0.17388 0.7059 -0.68664 0.05849 0.7059 -0.7059 0.05849 0.7059 -0.7059 0.69866 0.7059 0.11658 0.66994 0.7059 0.22999 0.69866 0.7059 0.11658 0.62294 0.7059 0.33712 0.55896 0.7059 0.43506 0.62294 0.7059 0.33712 0.47973 0.7059 0.52112 0.55896 0.7059 0.43506 0.38741 0.7059 0.59298 0.47973 0.7059 0.52112 0.28453 0.7059 0.64866 0.38741 0.7059 0.59298 0.17388 0.7059 0.68664 0.28453 0.7059 0.64866 0.05849 0.7059 0.7059 0.17388 0.7059 0.68664 -0.28453 0.7059 0.64866 0.05849 0.7059 0.7059 -0.55896 0.7059 0.43506 -0.38741 0.7059 0.59298 -0.69865 0.7059 0.11659 -0.62294 0.7059 0.33712 -0.66994 0.7059 -0.22999 -0.70832 0.7059 0 -0.47973 0.7059 -0.52112 -0.62294 0.7059 -0.33712 -0.38741 0.7059 -0.59298 -0.47973 0.7059 -0.52112 -0.28453 0.7059 -0.64866 -0.38741 0.7059 -0.59298 -0.17388 0.7059 -0.68664 -0.28453 0.7059 -0.64866 -0.05849 0.7059 -0.7059 -0.17388 0.7059 -0.68664 -0.05849 0.7059 -0.7059 -0.55896 0.7059 -0.43506 -0.62294 0.7059 -0.33712 -0.55896 0.7059 -0.43506 -0.69865 0.7059 -0.11658 -0.66994 0.7059 -0.22999 -0.69865 0.7059 -0.11659 -0.66994 0.7059 0.22999 -0.69865 0.7059 0.11658 -0.62294 0.7059 0.33712 -0.66994 0.7059 0.22999 -0.47973 0.7059 0.52112 -0.55896 0.7059 0.43506 -0.38741 0.7059 0.59298 -0.47973 0.7059 0.52112 -0.17388 0.7059 0.68664 -0.28453 0.7059 0.64866 -0.05849 0.7059 0.7059 -0.17388 0.7059 0.68664 -0.05849 0.7059 0.7059 0.62294 0.7059 -0.33712 0.62294 0.7059 -0.33712 0.55896 0.7059 -0.43506 0.55896 0.7059 -0.43506 0.47973 0.7059 -0.52112 0.47973 0.7059 -0.52113 0.38741 0.7059 -0.59298 0.38741 0.7059 -0.59298 0.28453 0.7059 -0.64866 0.28453 0.7059 -0.64866 0.17388 0.7059 -0.68664 0.17388 0.7059 -0.68664 0.05849 0.7059 -0.7059 0.66994 0.7059 0.22999 0.62295 0.7059 0.33712 0.66994 0.7059 0.22999 0.55896 0.7059 0.43506 0.62294 0.7059 0.33712 0.47973 0.7059 0.52112 0.55896 0.7059 0.43506 0.38741 0.7059 0.59298 0.47973 0.7059 0.52112 0.28453 0.7059 0.64866 0.38741 0.7059 0.59298 0.17388 0.7059 0.68664 0.28453 0.7059 0.64866 0.05849 0.7059 0.7059 0.17388 0.7059 0.68664 -0.28453 0.7059 0.64866 0.05849 0.7059 0.7059 -0.55896 0.7059 0.43506 -0.38741 0.7059 0.59298 -0.62294 0.7059 0.33712 -0.66994 0.7059 -0.22999 -0.47973 0.7059 -0.52112 -0.62294 0.7059 -0.33712 -0.38741 0.7059 -0.59298 -0.47973 0.7059 -0.52112 -0.28453 0.7059 -0.64866 -0.38741 0.7059 -0.59298 -0.17388 0.7059 -0.68664 -0.28453 0.7059 -0.64866 -0.05849 0.7059 -0.7059 -0.17388 0.7059 -0.68664 -0.05849 0.7059 -0.7059 -0.55896 0.7059 -0.43506 -0.62294 0.7059 -0.33712 -0.55896 0.7059 -0.43506 -0.66994 0.7059 -0.22999 -0.62294 0.7059 0.33712 -0.66994 0.7059 0.22999 -0.47973 0.7059 0.52112 -0.55896 0.7059 0.43506 -0.38741 0.7059 0.59298 -0.47973 0.7059 0.52113 -0.17388 0.7059 0.68664 -0.28453 0.7059 0.64866 -0.17388 0.7059 0.68664 0.70832 0.7059 0 0.69865 0.7059 -0.11659 0.69865 0.7059 -0.11658 0.66994 0.7059 -0.22999 0.66994 0.7059 -0.22999 0.62294 0.7059 -0.33712 0.62294 0.7059 -0.33712 0.55896 0.7059 -0.43506 0.55896 0.7059 -0.43506 0.47973 0.7059 -0.52113 0.47973 0.7059 -0.52112 0.38741 0.7059 -0.59298 0.38741 0.7059 -0.59298 0.28453 0.7059 -0.64866 0.28453 0.7059 -0.64866 0.69865 0.7059 0.11659 0.66994 0.7059 0.22999 0.69865 0.7059 0.11658 0.62294 0.7059 0.33712 0.66994 0.7059 0.22999 0.55896 0.7059 0.43506 0.62294 0.7059 0.33712 0.55896 0.7059 0.43506 0.38741 0.7059 0.59298 0.47973 0.7059 0.52112 0.28453 0.7059 0.64866 0.38741 0.7059 0.59298 -0.28453 0.7059 0.64866 -0.55896 0.7059 0.43506 -0.38741 0.7059 0.59298 -0.69866 0.7059 0.11658 -0.62294 0.7059 0.33712 -0.66994 0.7059 -0.22999 -0.70832 0.7059 0 -0.62294 0.7059 -0.33712 -0.38741 0.7059 -0.59298 -0.47973 0.7059 -0.52112 -0.28453 0.7059 -0.64866 -0.38741 0.7059 -0.59298 -0.55896 0.7059 -0.43506 -0.62295 0.7059 -0.33712 -0.55896 0.7059 -0.43506 -0.69866 0.7059 -0.11658 -0.66994 0.7059 -0.22999 -0.69866 0.7059 -0.11658 -0.66994 0.7059 0.22999 -0.69866 0.7059 0.11658 -0.62294 0.7059 0.33712 -0.47973 0.7059 0.52113 -0.55896 0.7059 0.43506 -0.38741 0.7059 0.59298 -0.47973 0.7059 0.52112 -0.28453 0.7059 0.64866 0.66994 0.7059 -0.22999 0.62294 0.7059 -0.33712 0.62294 0.7059 -0.33712 0.55896 0.7059 -0.43506 0.55896 0.7059 -0.43506 0.47973 0.7059 -0.52112 0.47973 0.7059 -0.52112 0.38741 0.7059 -0.59298 0.38741 0.7059 -0.59298 0.28453 0.7059 -0.64866 0.28453 0.7059 -0.64866 0.66994 0.7059 0.22999 0.62294 0.7059 0.33712 0.66994 0.7059 0.22999 0.55896 0.7059 0.43506 0.62294 0.7059 0.33712 0.55896 0.7059 0.43506 0.38741 0.7059 0.59298 0.47973 0.7059 0.52112 0.28453 0.7059 0.64866 0.38741 0.7059 0.59298 -0.28453 0.7059 0.64866 -0.55896 0.7059 0.43506 -0.38741 0.7059 0.59298 -0.62294 0.7059 0.33712 -0.66994 0.7059 -0.22999 -0.62294 0.7059 -0.33712 -0.38741 0.7059 -0.59298 -0.47973 0.7059 -0.52112 -0.28453 0.7059 -0.64866 -0.38741 0.7059 -0.59298 -0.55896 0.7059 -0.43506 -0.62294 0.7059 -0.33712 -0.55896 0.7059 -0.43506 -0.62294 0.7059 0.33712 -0.66994 0.7059 0.22999 -0.47973 0.7059 0.52112 -0.55896 0.7059 0.43506 -0.38741 0.7059 0.59298 -0.47973 0.7059 0.52112 -0.28453 0.7059 0.64866</float_array>
          <technique_common>
            <accessor source="#norm_0-array" count="1941" stride="3">
              <param name="X" type="float"/>
              <param name="Y" type="float"/>
              <param name="Z" type="float"/>
            </accessor>
          </technique_common>
        </source>
        <vertices id="vert_0">
          <input semantic="POSITION" source="#pos_0"/>
        </vertices>
        <triangles count="2940" material="mat_0">
          <input semantic="VERTEX" source="#vert_0" offset="0"/>
          <input semantic="NORMAL" source="#norm_0" offset="1"/>
          <p>0 0 1 0 2 0 3 0 4 0 5 0 6 0 7 0 8 0 9 0 6 0 10 0 5 0 11 0 12 0 13 0 14 0 15 0 16 0 17 0 7 0 18 0 19 0 9 0 20 0 21 0 12 0 16 0 22 0 2 0 23 0 19 0 24 0 25 0 26 0 0 0 27 0 23 0 28 0 29 0 25 0 30 0 31 0 32 0 33 0 30 0 32 0 34 0 35 0 36 0 37 0 38 0 31 0 39 0 40 0 41 0 42 0 41 0 40 0 43 0 41 0 44 0 45 0 42 0 41 0 45 0 46 0 47 0 48 0 49 0 50 0 51 0 50 0 52 0 53 0 54 0 55 0 48 0 56 0 57 0 58 0 59 0 60 0 61 0 62 0 58 0 63 0 64 0 65 0 66 0 67 0 68 0 69 0 70 0 71 0 72 0 73 0 74 0 75 0 76 0 77 0 78 0 77 0 79 0 78 0 80 0 81 0 70 0 80 0 76 0 82 0 79 0 74 0 83 0 79 0 77 0 74 0 75 0 68 0 73 0 74 0 73 0 83 0 67 0 69 0 84 0 75 0 69 0 68 0 65 0 85 0 84 0 86 0 59 0 87 0 88 0 89 0 90 0 91 0 92 0 93 0 63 0 94 0 62 0 95 0 88 0 96 0 97 0 98 0 99 0 100 0 101 0 102 0 103 0 104 0 105 0 106 0 107 0 108 0 109 0 110 0 111 0 112 0 113 0 114 0 115 0 116 0 117 0 118 0 119 0 120 0 121 0 122 0 123 0 124 0 125 0 119 0 125 0 126 0 127 0 120 0 128 0 118 0 120 0 129 0 128 0 129 0 130 0 128 0 131 0 132 0 133 0 134 0 135 0 136 0 137 0 138 0 133 0 139 0 140 0 141 0 142 0 143 0 144 0 145 0 146 0 147 0 148 0 149 0 150 0 151 0 121 0 152 0 147 0 153 0 151 0 154 0 155 0 156 0 98 0 157 0 122 0 158 0 159 0 160 0 145 0 150 0 161 0 162 0 163 0 164 0 165 0 166 0 167 0 168 0 169 0 170 0 171 0 172 0 173 0 174 0 175 0 176 0 177 0 178 0 179 0 180 0 181 0 117 0 182 0 183 0 184 0 185 0 186 0 187 0 188 0 189 0 186 0 186 0 117 0 190 0 191 0 192 0 186 0 21 0 193 0 194 0 186 0 195 0 194 0 15 0 196 0 3 0 197 0 198 0 13 0 199 0 200 0 201 0 202 0 197 0 203 0 204 0 205 0 206 0 207 0 208 0 209 0 210 0 211 0 212 0 213 0 214 0 215 0 216 0 217 0 218 0 219 0 220 0 221 0 222 0 201 0 217 0 223 0 224 0 225 0 225 0 226 0 227 0 228 0 229 0 230 0 231 0 230 0 211 0 232 0 233 0 234 0 28 0 35 0 235 0 236 0 237 0 238 0 239 0 240 0 225 0 241 0 242 0 243 0 244 0 245 0 246 0 247 0 248 0 249 0 250 0 251 0 252 0 249 0 253 0 254 0 255 0 256 0 176 0 176 0 175 0 257 0 241 0 257 0 258 0 211 0 230 0 259 0 229 0 260 0 259 0 229 0 259 0 230 0 261 0 262 0 263 0 264 0 265 0 266 0 267 0 268 0 269 0 270 0 271 0 272 0 225 0 233 0 232 0 273 0 274 0 237 0 236 0 238 0 275 0 173 0 172 0 218 0 276 0 277 0 278 0 279 0 170 0 169 0 280 0 281 0 282 0 283 0 280 0 282 0 284 0 285 0 286 0 287 0 288 0 289 0 106 0 284 0 290 0 106 0 108 0 291 0 102 0 292 0 293 0 101 0 107 0 290 0 294 0 295 0 296 0 296 0 295 0 297 0 298 0 299 0 300 0 301 0 302 0 303 0 304 0 299 0 302 0 300 0 305 0 306 0 307 0 46 0 158 0 308 0 46 0 307 0 46 0 308 0 47 0 52 0 54 0 53 0 220 0 309 0 114 0 309 0 220 0 219 0 310 0 311 0 203 0 114 0 312 0 313 0 309 0 312 0 114 0 314 0 117 0 313 0 114 0 313 0 117 0 315 0 117 0 316 0 117 0 314 0 316 0 117 0 315 0 180 0 181 0 190 0 117 0 190 0 191 0 186 0 187 0 186 0 192 0 186 0 185 0 188 0 189 0 195 0 186 0 195 0 21 0 194 0 193 0 21 0 20 0 20 0 12 0 11 0 5 0 12 0 3 0 196 0 4 0 3 0 14 0 196 0 15 0 198 0 14 0 13 0 202 0 198 0 197 0 311 0 202 0 203 0 184 0 183 0 311 0 311 0 310 0 184 0 209 0 183 0 182 0 317 0 207 0 209 0 317 0 209 0 182 0 204 0 208 0 207 0 177 0 206 0 205 0 204 0 206 0 208 0 178 0 215 0 179 0 177 0 179 0 206 0 213 0 318 0 214 0 178 0 213 0 215 0 319 0 220 0 318 0 214 0 318 0 220 0 221 0 220 0 320 0 220 0 319 0 320 0 321 0 322 0 323 0 39 0 43 0 38 0 43 0 40 0 38 0 33 0 39 0 31 0 30 0 33 0 32 0 30 0 34 0 29 0 25 0 29 0 26 0 0 0 26 0 1 0 0 0 2 0 22 0 22 0 16 0 7 0 17 0 8 0 7 0 8 0 10 0 6 0 10 0 18 0 9 0 18 0 24 0 19 0 24 0 28 0 23 0 27 0 28 0 235 0 235 0 35 0 37 0 324 0 325 0 36 0 36 0 35 0 324 0 325 0 324 0 326 0 323 0 326 0 327 0 324 0 327 0 326 0 322 0 328 0 323 0 323 0 327 0 321 0 323 0 329 0 330 0 328 0 329 0 323 0 323 0 331 0 332 0 330 0 331 0 323 0 333 0 225 0 332 0 323 0 332 0 225 0 334 0 225 0 335 0 225 0 333 0 335 0 240 0 336 0 225 0 225 0 334 0 239 0 337 0 271 0 338 0 271 0 336 0 338 0 225 0 336 0 271 0 339 0 41 0 337 0 271 0 337 0 41 0 44 0 41 0 339 0 340 0 341 0 60 0 64 0 342 0 340 0 91 0 87 0 343 0 85 0 67 0 84 0 64 0 85 0 65 0 64 0 66 0 342 0 340 0 342 0 341 0 60 0 341 0 61 0 60 0 59 0 86 0 86 0 87 0 91 0 344 0 345 0 165 0 343 0 92 0 91 0 346 0 347 0 93 0 93 0 92 0 346 0 347 0 348 0 349 0 348 0 347 0 346 0 88 0 349 0 96 0 348 0 96 0 349 0 95 0 350 0 88 0 351 0 89 0 88 0 350 0 351 0 88 0 176 0 90 0 352 0 90 0 176 0 88 0 165 0 176 0 353 0 352 0 353 0 176 0 354 0 165 0 355 0 165 0 353 0 355 0 165 0 356 0 344 0 165 0 354 0 356 0 71 0 165 0 357 0 345 0 357 0 165 0 358 0 71 0 359 0 71 0 357 0 359 0 360 0 71 0 361 0 71 0 358 0 361 0 72 0 71 0 362 0 71 0 360 0 362 0 71 0 70 0 81 0 81 0 80 0 82 0 76 0 80 0 77 0 130 0 129 0 363 0 364 0 121 0 365 0 155 0 363 0 366 0 129 0 366 0 363 0 155 0 367 0 156 0 155 0 366 0 367 0 155 0 368 0 369 0 154 0 368 0 155 0 155 0 370 0 159 0 369 0 370 0 155 0 160 0 371 0 158 0 155 0 159 0 158 0 158 0 372 0 373 0 371 0 372 0 158 0 158 0 374 0 375 0 373 0 374 0 158 0 98 0 375 0 157 0 158 0 375 0 98 0 98 0 122 0 121 0 123 0 365 0 121 0 152 0 121 0 364 0 153 0 121 0 151 0 146 0 153 0 147 0 161 0 146 0 145 0 149 0 148 0 376 0 149 0 161 0 150 0 376 0 140 0 139 0 139 0 149 0 376 0 377 0 141 0 140 0 141 0 142 0 144 0 142 0 141 0 377 0 143 0 134 0 144 0 136 0 137 0 134 0 143 0 135 0 134 0 138 0 131 0 133 0 136 0 138 0 137 0 131 0 127 0 132 0 126 0 125 0 124 0 132 0 127 0 126 0 119 0 125 0 120 0 230 0 378 0 228 0 379 0 380 0 381 0 382 0 266 0 200 0 228 0 267 0 269 0 378 0 267 0 228 0 269 0 383 0 384 0 268 0 383 0 269 0 385 0 271 0 384 0 269 0 384 0 271 0 386 0 271 0 387 0 271 0 385 0 387 0 388 0 271 0 389 0 271 0 386 0 389 0 271 0 388 0 272 0 225 0 270 0 223 0 271 0 270 0 225 0 390 0 225 0 227 0 224 0 226 0 225 0 222 0 275 0 201 0 233 0 225 0 390 0 391 0 232 0 234 0 232 0 274 0 273 0 274 0 232 0 391 0 237 0 236 0 273 0 236 0 275 0 392 0 275 0 222 0 392 0 201 0 200 0 217 0 382 0 200 0 199 0 393 0 264 0 266 0 393 0 266 0 382 0 394 0 265 0 264 0 381 0 394 0 395 0 394 0 381 0 265 0 379 0 396 0 380 0 395 0 379 0 381 0 261 0 263 0 396 0 380 0 396 0 263 0 263 0 262 0 212 0 211 0 210 0 231 0 212 0 262 0 210 0 286 0 280 0 283 0 283 0 284 0 286 0 279 0 169 0 282 0 282 0 281 0 279 0 397 0 398 0 399 0 400 0 277 0 168 0 400 0 168 0 170 0 401 0 402 0 222 0 278 0 173 0 276 0 277 0 276 0 168 0 403 0 216 0 218 0 172 0 403 0 218 0 278 0 171 0 173 0 401 0 222 0 216 0 217 0 216 0 222 0 401 0 398 0 397 0 401 0 397 0 402 0 404 0 399 0 111 0 399 0 404 0 397 0 404 0 111 0 110 0 110 0 405 0 406 0 109 0 405 0 110 0 117 0 110 0 406 0 407 0 117 0 408 0 117 0 406 0 408 0 409 0 117 0 410 0 117 0 407 0 410 0 117 0 409 0 115 0 411 0 114 0 116 0 117 0 116 0 114 0 412 0 114 0 413 0 114 0 411 0 413 0 113 0 414 0 114 0 114 0 412 0 112 0 289 0 114 0 415 0 414 0 415 0 114 0 288 0 416 0 289 0 289 0 415 0 287 0 291 0 108 0 416 0 289 0 416 0 108 0 106 0 290 0 107 0 284 0 106 0 285 0 305 0 51 0 417 0 51 0 57 0 49 0 418 0 419 0 420 0 54 0 52 0 55 0 48 0 55 0 46 0 52 0 50 0 421 0 50 0 49 0 421 0 51 0 305 0 57 0 306 0 305 0 417 0 298 0 300 0 306 0 304 0 300 0 299 0 422 0 423 0 100 0 301 0 303 0 424 0 301 0 304 0 302 0 424 0 294 0 425 0 425 0 301 0 424 0 102 0 426 0 100 0 294 0 296 0 425 0 292 0 297 0 293 0 297 0 292 0 296 0 426 0 102 0 293 0 100 0 107 0 101 0 107 0 100 0 423 0 423 0 418 0 420 0 422 0 418 0 423 0 420 0 427 0 428 0 419 0 427 0 420 0 429 0 98 0 428 0 420 0 428 0 98 0 430 0 431 0 98 0 98 0 429 0 99 0 432 0 98 0 433 0 98 0 97 0 433 0 98 0 432 0 430 0 434 0 158 0 431 0 98 0 431 0 158 0 435 0 158 0 436 0 158 0 434 0 436 0 437 0 158 0 438 0 158 0 435 0 438 0 307 0 158 0 437 0 439 0 440 0 165 0 162 0 248 0 247 0 441 0 165 0 442 0 165 0 440 0 442 0 443 0 165 0 444 0 165 0 441 0 444 0 165 0 443 0 166 0 255 0 176 0 167 0 165 0 167 0 176 0 256 0 445 0 176 0 260 0 243 0 253 0 176 0 446 0 447 0 445 0 446 0 176 0 243 0 229 0 241 0 447 0 174 0 176 0 257 0 448 0 449 0 175 0 448 0 257 0 242 0 241 0 258 0 449 0 258 0 257 0 243 0 260 0 229 0 243 0 254 0 253 0 249 0 248 0 253 0 163 0 162 0 247 0 164 0 244 0 450 0 450 0 162 0 164 0 104 0 246 0 245 0 244 0 246 0 450 0 105 0 63 0 103 0 104 0 103 0 246 0 451 0 56 0 58 0 62 0 451 0 58 0 105 0 94 0 63 0 49 0 452 0 453 0 452 0 49 0 56 0 57 0 56 0 49 0 252 0 452 0 250 0 452 0 252 0 453 0 251 0 454 0 252 0 439 0 454 0 455 0 251 0 455 0 454 0 456 0 439 0 457 0 439 0 455 0 457 0 440 0 439 0 456 0 458 1 459 1 460 1 461 1 462 1 463 1 464 2 465 2 466 2 467 1 468 1 469 1 468 1 470 1 471 1 472 1 473 1 474 1 474 1 467 1 475 1 472 1 476 1 473 1 477 1 478 1 479 1 473 1 476 1 480 1 481 1 482 1 483 1 484 1 485 1 486 1 487 3 488 3 489 3 490 1 491 1 492 1 493 1 494 1 495 1 496 4 497 4 498 4 499 5 500 5 501 5 502 1 503 1 504 1 504 1 503 1 505 1 506 1 490 1 507 1 506 1 508 1 502 1 505 1 509 1 495 1 505 1 495 1 504 1 494 1 493 1 486 1 495 1 509 1 493 1 484 1 510 1 485 1 494 1 486 1 485 1 483 1 510 1 511 1 512 1 513 1 477 1 514 1 515 1 516 1 517 1 518 1 519 1 480 1 476 1 520 1 521 1 522 1 514 1 480 1 520 1 523 1 524 1 525 1 470 1 480 1 523 1 526 1 527 1 528 1 529 1 530 1 531 1 532 1 533 1 534 1 460 1 535 1 536 1 537 1 538 1 539 1 540 1 534 1 541 1 460 1 540 1 461 1 463 1 542 1 538 1 543 1 544 1 545 1 546 1 462 1 547 1 463 1 548 1 547 1 462 1 549 1 550 1 551 1 544 1 552 1 553 1 554 1 555 1 556 1 557 1 558 1 559 1 560 1 561 1 562 1 563 1 564 1 565 1 566 1 567 1 568 1 568 1 569 1 560 1 570 1 571 1 528 1 572 1 570 1 567 1 562 1 573 1 563 1 574 1 575 1 576 1 577 1 578 1 525 1 579 1 580 1 581 1 580 1 582 1 583 1 584 1 459 1 585 1 586 1 587 1 582 1 588 1 589 1 584 1 586 1 590 1 591 1 592 1 593 1 594 1 595 1 596 1 597 1 598 1 599 1 600 1 601 1 602 1 603 1 604 1 605 1 459 1 606 1 607 1 608 1 609 1 610 1 611 1 610 1 612 1 613 1 614 1 459 1 610 1 610 1 615 1 616 1 617 1 618 1 619 1 617 1 620 1 610 1 599 1 619 1 621 1 597 1 622 1 623 1 598 1 624 1 622 1 625 1 626 1 627 1 596 1 628 1 627 1 629 1 630 1 631 1 632 1 633 1 634 1 635 1 636 1 637 1 638 1 639 1 640 1 641 1 642 1 643 1 644 1 594 1 645 1 646 1 647 1 648 1 649 1 650 1 651 1 649 1 634 1 633 1 652 1 637 1 653 1 650 1 654 1 653 1 632 1 655 1 656 1 645 1 656 1 657 1 636 1 658 1 659 1 660 1 651 1 661 1 662 1 590 1 663 1 664 6 665 6 666 6 667 7 668 7 669 7 670 8 671 8 667 8 672 9 669 9 673 9 674 10 670 10 675 10 672 11 676 11 677 11 678 12 679 12 675 12 464 13 676 13 680 13 681 14 664 14 678 14 466 15 682 15 500 15 499 16 498 16 683 16 684 17 666 17 685 17 686 1 487 1 687 1 487 1 489 1 687 1 487 1 686 1 688 1 689 1 526 1 690 1 523 1 690 1 526 1 581 1 689 1 579 1 579 1 689 1 690 1 583 1 581 1 580 1 586 1 582 1 580 1 586 1 591 1 587 1 590 1 662 1 591 1 659 1 658 1 663 1 663 1 658 1 662 1 637 1 636 1 659 1 637 1 652 1 635 1 653 1 654 1 652 1 653 1 651 1 650 1 651 1 634 1 649 1 633 1 632 1 656 1 655 1 657 1 656 1 657 1 644 1 645 1 594 1 593 1 645 1 588 1 593 1 589 1 589 1 593 1 592 1 585 1 588 1 584 1 458 1 585 1 459 1 541 1 458 1 460 1 533 1 691 1 534 1 536 1 533 1 537 1 533 1 536 1 691 1 532 1 535 1 537 1 692 1 531 1 530 1 531 1 535 1 532 1 527 1 693 1 692 1 692 1 530 1 527 1 529 1 528 1 694 1 693 1 527 1 529 1 525 1 524 1 528 1 694 1 528 1 524 1 525 1 471 1 470 1 471 1 469 1 468 1 469 1 475 1 467 1 474 1 473 1 467 1 548 1 695 1 547 1 696 1 697 1 567 1 575 1 698 1 695 1 547 1 695 1 698 1 575 1 574 1 699 1 575 1 699 1 698 1 575 1 700 1 701 1 576 1 575 1 701 1 575 1 578 1 702 1 700 1 575 1 702 1 577 1 525 1 703 1 575 1 525 1 578 1 525 1 704 1 705 1 703 1 525 1 705 1 525 1 706 1 707 1 704 1 525 1 707 1 528 1 571 1 706 1 525 1 528 1 706 1 528 1 567 1 570 1 572 1 567 1 697 1 566 1 696 1 567 1 569 1 568 1 567 1 561 1 560 1 569 1 573 1 562 1 561 1 564 1 708 1 565 1 564 1 563 1 573 1 708 1 556 1 555 1 556 1 708 1 564 1 709 1 555 1 554 1 554 1 557 1 559 1 559 1 709 1 554 1 558 1 557 1 551 1 549 1 551 1 553 1 558 1 551 1 550 1 552 1 544 1 546 1 549 1 553 1 552 1 546 1 545 1 543 1 542 1 539 1 538 1 545 1 542 1 543 1 540 1 463 1 538 1 648 1 460 1 710 1 710 1 646 1 648 1 711 1 626 1 712 1 460 1 713 1 714 1 710 1 460 1 714 1 715 1 713 1 459 1 460 1 459 1 713 1 716 1 717 1 459 1 459 1 717 1 715 1 459 1 605 1 716 1 604 1 459 1 614 1 614 1 610 1 616 1 609 1 615 1 610 1 610 1 613 1 611 1 612 1 610 1 620 1 620 1 617 1 619 1 618 1 621 1 619 1 621 1 600 1 599 1 598 1 622 1 599 1 623 1 622 1 624 1 595 1 597 1 623 1 628 1 596 1 595 1 625 1 627 1 628 1 712 1 626 1 625 1 606 1 712 1 607 1 712 1 606 1 711 1 629 1 608 1 607 1 718 1 629 1 631 1 718 1 608 1 629 1 639 1 631 1 630 1 603 1 638 1 640 1 639 1 630 1 640 1 602 1 601 1 642 1 603 1 640 1 601 1 641 1 643 1 719 1 602 1 642 1 641 1 720 1 719 1 648 1 643 1 648 1 719 1 647 1 721 1 648 1 648 1 721 1 720 1 722 1 479 1 723 1 481 1 722 1 724 1 517 1 725 1 513 1 511 1 510 1 484 1 481 1 483 1 511 1 481 1 724 1 482 1 722 1 723 1 724 1 479 1 478 1 723 1 479 1 512 1 477 1 512 1 517 1 513 1 726 1 579 1 727 1 725 1 517 1 519 1 728 1 518 1 729 1 518 1 728 1 519 1 729 1 730 1 731 1 731 1 728 1 729 1 514 1 522 1 730 1 731 1 730 1 522 1 521 1 514 1 732 1 733 1 514 1 516 1 732 1 514 1 733 1 580 1 734 1 515 1 515 1 514 1 580 1 579 1 735 1 580 1 734 1 580 1 735 1 736 1 737 1 579 1 579 1 737 1 735 1 579 1 726 1 738 1 579 1 738 1 736 1 492 1 739 1 579 1 727 1 579 1 739 1 740 1 741 1 492 1 492 1 741 1 739 1 742 1 743 1 492 1 492 1 743 1 740 1 491 1 744 1 492 1 492 1 744 1 742 1 492 1 507 1 490 1 507 1 508 1 506 1 502 1 504 1 506 1 745 1 746 1 747 1 497 18 496 18 488 18 488 19 496 19 489 19 683 20 498 20 497 20 500 21 499 21 683 21 500 22 682 22 501 22 466 23 465 23 682 23 464 24 680 24 465 24 464 25 677 25 676 25 677 26 669 26 672 26 673 27 669 27 668 27 668 28 667 28 671 28 671 29 670 29 674 29 674 30 675 30 679 30 679 31 678 31 664 31 681 32 665 32 664 32 665 33 685 33 666 33 748 34 684 34 749 34 684 35 748 35 666 35 749 36 750 36 748 36 746 37 751 37 750 37 748 38 750 38 751 38 747 1 746 1 752 1 746 1 745 1 751 1 746 1 753 1 754 1 752 1 746 1 754 1 746 1 755 1 756 1 753 1 746 1 756 1 757 1 755 1 651 1 746 1 651 1 755 1 758 1 759 1 651 1 651 1 759 1 757 1 661 1 651 1 760 1 651 1 660 1 758 1 761 1 762 1 653 1 653 1 762 1 760 1 651 1 653 1 760 1 763 1 761 1 487 1 653 1 487 1 761 1 688 1 763 1 487 1 667 39 6 39 9 39 6 40 669 40 7 40 669 40 6 40 667 40 22 41 7 41 677 41 669 41 677 41 7 41 464 42 0 42 22 42 22 42 677 42 464 42 0 43 466 43 25 43 466 43 0 43 464 43 30 44 25 44 500 44 466 44 500 44 25 44 683 45 33 45 30 45 30 45 500 45 683 45 33 46 497 46 39 46 497 46 33 46 683 46 43 47 39 47 488 47 497 47 488 47 39 47 487 48 41 48 43 48 43 48 488 48 487 48 667 39 9 39 670 39 19 49 675 49 670 49 670 49 9 49 19 49 675 50 23 50 678 50 23 50 675 50 19 50 681 51 678 51 27 51 23 51 27 51 678 51 235 52 665 52 681 52 681 52 27 52 235 52 665 53 37 53 685 53 37 53 665 53 235 53 684 54 685 54 36 54 37 54 36 54 685 54 325 55 749 55 684 55 684 55 36 55 325 55 749 56 326 56 750 56 326 56 749 56 325 56 326 57 323 57 750 57 750 57 323 57 746 57 487 58 271 58 41 58 487 58 653 58 271 58 663 59 590 59 229 59 241 60 590 60 586 60 590 59 241 59 229 59 580 61 257 61 586 61 241 60 586 60 257 60 176 61 257 61 580 61 228 62 663 62 229 62 228 63 269 63 659 63 659 62 663 62 228 62 637 64 269 64 271 64 269 63 637 63 659 63 637 64 271 64 653 64 580 65 88 65 176 65 580 65 514 65 88 65 484 66 67 66 85 66 67 67 486 67 68 67 486 67 67 67 484 67 73 68 68 68 493 68 486 68 493 68 68 68 509 69 83 69 73 69 73 69 493 69 509 69 83 70 505 70 79 70 505 70 83 70 509 70 78 71 79 71 503 71 505 71 503 71 79 71 502 72 76 72 78 72 78 72 503 72 502 72 76 73 508 73 82 73 508 73 76 73 502 73 81 74 82 74 507 74 508 74 507 74 82 74 492 75 71 75 81 75 81 75 507 75 492 75 484 66 85 66 511 66 64 76 481 76 511 76 511 76 85 76 64 76 481 77 340 77 722 77 340 77 481 77 64 77 479 78 722 78 60 78 340 78 60 78 722 78 86 79 512 79 479 79 479 79 60 79 86 79 512 80 91 80 517 80 91 80 512 80 86 80 518 81 517 81 93 81 91 81 93 81 517 81 347 82 729 82 518 82 518 82 93 82 347 82 729 83 349 83 730 83 349 83 729 83 347 83 349 84 88 84 730 84 730 84 88 84 514 84 492 85 165 85 71 85 492 85 579 85 165 85 49 86 472 86 474 86 475 87 421 87 474 87 49 88 474 88 421 88 475 89 469 89 52 89 52 90 421 90 475 90 55 91 469 91 471 91 469 92 55 92 52 92 525 93 46 93 471 93 55 94 471 94 46 94 158 93 46 93 525 93 453 95 472 95 49 95 476 96 453 96 252 96 453 97 476 97 472 97 454 98 520 98 252 98 476 99 252 99 520 99 454 100 439 100 523 100 523 101 520 101 454 101 690 102 439 102 165 102 439 103 690 103 523 103 690 102 165 102 579 102 525 104 155 104 158 104 525 104 575 104 155 104 553 105 137 105 133 105 137 106 551 106 134 106 551 106 137 106 553 106 144 107 134 107 557 107 551 107 557 107 134 107 554 108 141 108 144 108 144 108 557 108 554 108 141 109 556 109 139 109 556 109 141 109 554 109 149 110 139 110 564 110 556 110 564 110 139 110 573 111 161 111 149 111 149 111 564 111 573 111 161 112 561 112 146 112 561 112 161 112 573 112 153 113 146 113 569 113 561 113 569 113 146 113 567 114 121 114 153 114 153 114 569 114 567 114 553 105 133 105 544 105 132 115 545 115 544 115 544 115 133 115 132 115 545 116 126 116 542 116 126 116 545 116 132 116 539 117 542 117 124 117 126 117 124 117 542 117 119 118 540 118 539 118 539 118 124 118 119 118 540 119 118 119 461 119 118 119 540 119 119 119 462 120 461 120 128 120 118 120 128 120 461 120 130 121 548 121 462 121 462 121 128 121 130 121 548 122 363 122 695 122 363 122 548 122 130 122 363 123 155 123 695 123 695 123 155 123 575 123 567 124 98 124 121 124 567 124 528 124 98 124 532 125 537 125 107 125 108 126 537 126 533 126 537 125 108 125 107 125 460 127 289 127 533 127 108 126 533 126 289 126 114 127 289 127 460 127 423 128 532 128 107 128 423 129 420 129 530 129 530 128 532 128 423 128 527 130 420 130 98 130 420 129 527 129 530 129 527 130 98 130 528 130 460 131 220 131 114 131 460 131 648 131 220 131 628 132 198 132 202 132 198 133 595 133 14 133 595 133 198 133 628 133 196 134 14 134 623 134 595 134 623 134 14 134 624 135 4 135 196 135 196 135 623 135 624 135 4 136 598 136 5 136 598 136 4 136 624 136 11 137 5 137 600 137 598 137 600 137 5 137 621 138 20 138 11 138 11 138 600 138 621 138 20 139 618 139 193 139 618 139 20 139 621 139 194 140 193 140 617 140 618 140 617 140 193 140 610 141 186 141 194 141 194 141 617 141 610 141 628 132 202 132 625 132 311 142 712 142 625 142 625 142 202 142 311 142 712 143 183 143 607 143 183 143 712 143 311 143 629 144 607 144 209 144 183 144 209 144 607 144 208 145 630 145 629 145 629 145 209 145 208 145 630 146 206 146 640 146 206 146 630 146 208 146 601 147 640 147 179 147 206 147 179 147 640 147 215 148 642 148 601 148 601 148 179 148 215 148 642 149 214 149 643 149 214 149 642 149 215 149 214 150 220 150 643 150 643 150 220 150 648 150 610 151 117 151 186 151 610 151 459 151 117 151 222 152 644 152 657 152 655 153 392 153 657 153 222 154 657 154 392 154 655 155 632 155 236 155 236 156 392 156 655 156 273 157 632 157 634 157 632 158 273 158 236 158 651 159 232 159 634 159 273 160 634 160 232 160 225 159 232 159 651 159 402 161 644 161 222 161 594 162 402 162 397 162 402 163 594 163 644 163 404 164 592 164 397 164 594 165 397 165 592 165 404 166 110 166 589 166 589 167 592 167 404 167 584 168 110 168 117 168 110 169 584 169 589 169 584 168 117 168 459 168 651 170 323 170 225 170 651 170 746 170 323 170 465 171 680 171 1 171 44 172 763 172 688 172 676 173 2 173 680 173 1 173 680 173 2 173 16 174 676 174 672 174 676 174 16 174 2 174 672 175 673 175 17 175 17 175 16 175 672 175 668 176 8 176 673 176 17 176 673 176 8 176 10 177 668 177 671 177 668 177 10 177 8 177 671 178 674 178 18 178 18 178 10 178 671 178 679 179 24 179 674 179 18 179 674 179 24 179 28 180 679 180 664 180 679 180 28 180 24 180 35 181 28 181 664 181 35 181 664 181 666 181 1 171 26 171 465 171 682 182 26 182 29 182 26 182 682 182 465 182 29 183 34 183 501 183 501 183 682 183 29 183 32 184 499 184 34 184 501 184 34 184 499 184 498 185 32 185 31 185 32 185 498 185 499 185 31 186 38 186 496 186 496 186 498 186 31 186 40 187 489 187 38 187 496 187 38 187 489 187 687 188 40 188 42 188 40 188 687 188 489 188 42 189 45 189 686 189 686 189 687 189 42 189 686 190 45 190 688 190 337 191 761 191 339 191 45 190 44 190 688 190 240 192 661 192 336 192 338 193 760 193 762 193 334 194 335 194 759 194 660 195 239 195 758 195 756 196 332 196 331 196 755 197 757 197 333 197 328 198 752 198 329 198 330 199 754 199 753 199 745 200 747 200 322 200 328 201 322 201 747 201 745 202 321 202 751 202 321 200 745 200 322 200 327 203 748 203 751 203 751 202 321 202 327 202 666 204 748 204 324 204 327 203 324 203 748 203 35 204 666 204 324 204 329 198 752 198 754 198 328 201 747 201 752 201 330 205 753 205 331 205 329 199 754 199 330 199 756 196 755 196 332 196 753 205 756 205 331 205 757 206 335 206 333 206 755 197 333 197 332 197 758 194 334 194 759 194 759 206 335 206 757 206 240 207 239 207 660 207 239 195 334 195 758 195 336 192 661 192 760 192 240 207 660 207 661 207 338 208 762 208 337 208 336 193 760 193 338 193 761 191 763 191 339 191 762 208 761 208 337 208 44 172 339 172 763 172 478 171 477 171 59 171 77 172 506 172 504 172 513 173 87 173 477 173 59 173 477 173 87 173 343 174 513 174 725 174 513 174 343 174 87 174 725 175 519 175 92 175 92 175 343 175 725 175 728 176 346 176 519 176 92 176 519 176 346 176 348 177 728 177 731 177 728 177 348 177 346 177 731 178 522 178 96 178 96 178 348 178 731 178 521 179 95 179 522 179 96 179 522 179 95 179 350 180 521 180 732 180 521 180 350 180 95 180 351 181 350 181 732 181 351 181 732 181 733 181 59 171 61 171 478 171 723 182 61 182 341 182 61 182 723 182 478 182 341 183 342 183 724 183 724 183 723 183 341 183 66 184 482 184 342 184 724 184 342 184 482 184 483 185 66 185 65 185 66 185 483 185 482 185 65 186 84 186 510 186 510 186 483 186 65 186 69 187 485 187 84 187 510 187 84 187 485 187 494 188 69 188 75 188 69 188 494 188 485 188 75 189 74 189 495 189 495 189 494 189 75 189 495 190 74 190 504 190 70 191 490 191 80 191 74 190 77 190 504 190 360 192 742 192 362 192 72 193 744 193 491 193 358 194 359 194 741 194 743 195 361 195 740 195 726 196 345 196 344 196 727 197 739 197 357 197 355 198 737 198 354 198 356 199 736 199 738 199 734 200 735 200 353 200 355 201 353 201 735 201 734 202 352 202 515 202 352 200 734 200 353 200 90 203 516 203 515 203 515 202 352 202 90 202 733 204 516 204 89 204 90 203 89 203 516 203 351 204 733 204 89 204 354 198 737 198 736 198 355 201 735 201 737 201 356 205 738 205 344 205 354 199 736 199 356 199 726 196 727 196 345 196 738 205 726 205 344 205 739 206 359 206 357 206 727 197 357 197 345 197 740 194 358 194 741 194 741 206 359 206 739 206 360 207 361 207 743 207 361 195 358 195 740 195 362 192 742 192 744 192 360 207 743 207 742 207 72 208 491 208 70 208 362 193 744 193 72 193 490 191 506 191 80 191 491 208 490 208 70 208 77 172 80 172 506 172 604 171 614 171 190 171 221 172 721 172 647 172 616 173 191 173 614 173 190 173 614 173 191 173 192 174 616 174 615 174 616 174 192 174 191 174 615 175 609 175 187 175 187 175 192 175 615 175 611 176 185 176 609 176 187 176 609 176 185 176 188 177 611 177 613 177 611 177 188 177 185 177 613 178 612 178 189 178 189 178 188 178 613 178 620 179 195 179 612 179 189 179 612 179 195 179 21 180 620 180 619 180 620 180 21 180 195 180 12 181 21 181 619 181 12 181 619 181 599 181 190 171 181 171 604 171 605 182 181 182 180 182 181 182 605 182 604 182 180 183 315 183 716 183 716 183 605 183 180 183 316 184 717 184 315 184 716 184 315 184 717 184 715 185 316 185 314 185 316 185 715 185 717 185 314 186 313 186 713 186 713 186 715 186 314 186 312 187 714 187 313 187 713 187 313 187 714 187 710 188 312 188 309 188 312 188 710 188 714 188 309 189 219 189 646 189 646 189 710 189 309 189 646 190 219 190 647 190 319 191 720 191 320 191 219 190 221 190 647 190 178 192 602 192 213 192 318 193 641 193 719 193 205 194 204 194 639 194 603 195 177 195 638 195 608 196 317 196 182 196 718 197 631 197 207 197 203 198 626 198 310 198 184 199 711 199 606 199 596 200 627 200 197 200 203 201 197 201 627 201 596 202 13 202 597 202 13 200 596 200 197 200 15 203 622 203 597 203 597 202 13 202 15 202 599 204 622 204 3 204 15 203 3 203 622 203 12 204 599 204 3 204 310 198 626 198 711 198 203 201 627 201 626 201 184 205 606 205 182 205 310 199 711 199 184 199 608 196 718 196 317 196 606 205 608 205 182 205 631 206 204 206 207 206 718 197 207 197 317 197 638 194 205 194 639 194 639 206 204 206 631 206 178 207 177 207 603 207 177 195 205 195 638 195 213 192 602 192 641 192 178 207 603 207 602 207 318 208 719 208 319 208 213 193 641 193 318 193 720 191 721 191 320 191 719 208 720 208 319 208 221 172 320 172 721 172 578 171 577 171 160 171 120 172 538 172 463 172 703 173 371 173 577 173 160 173 577 173 371 173 372 174 703 174 705 174 703 174 372 174 371 174 705 175 704 175 373 175 373 175 372 175 705 175 707 176 374 176 704 176 373 176 704 176 374 176 375 177 707 177 706 177 707 177 375 177 374 177 706 178 571 178 157 178 157 178 375 178 706 178 570 179 122 179 571 179 157 179 571 179 122 179 123 180 570 180 572 180 570 180 123 180 122 180 365 181 123 181 572 181 365 181 572 181 697 181 160 171 159 171 578 171 702 182 159 182 370 182 159 182 702 182 578 182 370 183 369 183 700 183 700 183 702 183 370 183 368 184 701 184 369 184 700 184 369 184 701 184 576 185 368 185 154 185 368 185 576 185 701 185 154 186 156 186 574 186 574 186 576 186 154 186 367 187 699 187 156 187 574 187 156 187 699 187 698 188 367 188 366 188 367 188 698 188 699 188 366 189 129 189 547 189 547 189 698 189 366 189 547 190 129 190 463 190 127 191 543 191 125 191 129 190 120 190 463 190 136 192 549 192 138 192 131 193 552 193 546 193 143 194 142 194 559 194 550 195 135 195 558 195 708 196 140 196 376 196 555 197 709 197 377 197 145 198 562 198 150 198 148 199 563 199 565 199 568 200 560 200 147 200 145 201 147 201 560 201 568 202 151 202 566 202 151 200 568 200 147 200 152 203 696 203 566 203 566 202 151 202 152 202 697 204 696 204 364 204 152 203 364 203 696 203 365 204 697 204 364 204 150 198 562 198 563 198 145 201 560 201 562 201 148 205 565 205 376 205 150 199 563 199 148 199 708 196 555 196 140 196 565 205 708 205 376 205 709 206 142 206 377 206 555 197 377 197 140 197 558 194 143 194 559 194 559 206 142 206 709 206 136 207 135 207 550 207 135 195 143 195 558 195 138 192 549 192 552 192 136 207 550 207 549 207 131 208 546 208 127 208 138 193 552 193 131 193 543 191 538 191 125 191 546 208 543 208 127 208 120 172 125 172 538 172 662 209 658 209 259 209 57 210 467 210 473 210 636 211 211 211 658 211 259 212 658 212 211 212 212 213 636 213 635 213 636 214 212 214 211 214 635 215 652 215 263 215 263 216 212 216 635 216 654 217 380 217 652 217 263 218 652 218 380 218 381 219 654 219 650 219 654 220 381 220 380 220 650 221 649 221 265 221 265 222 381 222 650 222 633 223 266 223 649 223 265 224 649 224 266 224 200 225 633 225 656 225 633 226 200 226 266 226 217 227 200 227 656 227 217 228 656 228 645 228 259 229 260 229 662 229 591 230 260 230 253 230 260 231 591 231 662 231 253 232 248 232 587 232 587 233 591 233 253 233 162 234 582 234 248 234 587 235 248 235 582 235 583 236 162 236 450 236 162 237 583 237 582 237 450 238 246 238 581 238 581 239 583 239 450 239 103 240 689 240 246 240 581 241 246 241 689 241 526 242 103 242 63 242 103 243 526 243 689 243 63 244 58 244 480 244 480 245 526 245 63 245 480 246 58 246 473 246 300 247 468 247 305 247 58 248 57 248 473 248 425 249 694 249 301 249 304 250 524 250 470 250 292 251 102 251 692 251 529 252 296 252 693 252 536 253 290 253 284 253 535 254 531 254 101 254 169 255 541 255 282 255 283 256 534 256 691 256 585 257 458 257 168 257 169 258 168 258 458 258 585 259 276 259 588 259 276 260 585 260 168 260 173 261 593 261 588 261 588 262 276 262 173 262 645 263 593 263 218 263 173 264 218 264 593 264 217 265 645 265 218 265 282 266 541 266 534 266 169 267 458 267 541 267 283 268 691 268 284 268 282 269 534 269 283 269 536 270 535 270 290 270 691 271 536 271 284 271 531 272 102 272 101 272 535 273 101 273 290 273 693 274 292 274 692 274 692 275 102 275 531 275 425 276 296 276 529 276 296 277 292 277 693 277 301 278 694 278 524 278 425 279 529 279 694 279 304 280 470 280 300 280 301 281 524 281 304 281 468 282 467 282 305 282 470 283 468 283 300 283 57 284 305 284 467 284 386 197 764 197 389 197 765 285 231 285 210 285 388 286 389 286 766 286 764 286 766 286 389 286 767 287 272 287 388 287 388 287 766 287 767 287 272 288 768 288 270 288 768 288 272 288 767 288 223 289 270 289 769 289 768 289 769 289 270 289 770 290 224 290 223 290 223 290 769 290 770 290 224 291 771 291 226 291 771 291 224 291 770 291 227 292 226 292 772 292 771 292 772 292 226 292 773 293 390 293 227 293 227 293 772 293 773 293 774 294 390 294 773 294 774 294 233 294 390 294 764 197 386 197 775 197 387 295 776 295 775 295 775 295 386 295 387 295 776 296 385 296 777 296 385 296 776 296 387 296 778 297 777 297 384 297 385 297 384 297 777 297 383 298 779 298 778 298 778 298 384 298 383 298 779 299 268 299 780 299 268 299 779 299 383 299 781 300 780 300 267 300 268 300 267 300 780 300 378 301 782 301 781 301 781 301 267 301 378 301 782 302 230 302 783 302 230 302 782 302 378 302 230 303 231 303 783 303 784 304 785 304 262 304 783 303 231 303 765 303 786 305 787 305 379 305 788 306 261 306 396 306 789 307 264 307 790 307 395 308 394 308 791 308 199 309 792 309 793 309 382 171 794 171 393 171 795 310 796 310 238 310 797 311 201 311 275 311 274 312 798 312 237 312 795 313 237 313 798 313 274 314 391 314 799 314 799 312 798 312 274 312 800 315 391 315 234 315 391 314 800 314 799 314 233 316 801 316 234 316 800 315 234 315 801 315 774 316 801 316 233 316 796 310 275 310 238 310 795 313 238 313 237 313 797 317 792 317 201 317 796 311 797 311 275 311 199 309 793 309 382 309 201 317 792 317 199 317 393 318 794 318 790 318 382 171 793 171 794 171 394 307 264 307 789 307 264 318 393 318 790 318 786 319 395 319 791 319 791 308 394 308 789 308 787 305 396 305 379 305 786 319 379 319 395 319 788 320 784 320 261 320 787 306 788 306 396 306 262 304 785 304 210 304 261 320 784 320 262 320 765 285 210 285 785 285 171 197 802 197 172 197 803 285 285 285 106 285 403 321 172 321 804 321 802 321 804 321 172 321 805 322 216 322 403 322 403 322 804 322 805 322 216 323 806 323 401 323 806 323 216 323 805 323 398 324 401 324 807 324 806 324 807 324 401 324 808 290 399 290 398 290 398 290 807 290 808 290 399 325 809 325 111 325 809 325 399 325 808 325 109 326 111 326 810 326 809 326 810 326 111 326 811 293 405 293 109 293 109 293 810 293 811 293 812 294 405 294 811 294 812 294 406 294 405 294 802 197 171 197 813 197 278 327 814 327 813 327 813 327 171 327 278 327 814 328 277 328 815 328 277 328 814 328 278 328 816 329 815 329 400 329 277 329 400 329 815 329 170 330 817 330 816 330 816 330 400 330 170 330 817 299 279 299 818 299 279 299 817 299 170 299 819 331 818 331 281 331 279 331 281 331 818 331 280 332 820 332 819 332 819 332 281 332 280 332 820 302 286 302 821 302 286 302 820 302 280 302 286 303 285 303 821 303 822 304 823 304 291 304 821 303 285 303 803 303 824 305 825 305 287 305 826 333 416 333 288 333 827 334 113 334 828 334 415 335 414 335 829 335 413 336 830 336 831 336 412 171 832 171 112 171 833 337 834 337 115 337 835 338 411 338 116 338 410 339 836 339 409 339 833 313 409 313 836 313 410 340 407 340 837 340 837 339 836 339 410 339 838 315 407 315 408 315 407 340 838 340 837 340 406 316 839 316 408 316 838 315 408 315 839 315 812 316 839 316 406 316 834 337 116 337 115 337 833 313 115 313 409 313 835 341 830 341 411 341 834 338 835 338 116 338 413 336 831 336 412 336 411 341 830 341 413 341 112 342 832 342 828 342 412 171 831 171 832 171 414 334 113 334 827 334 113 342 112 342 828 342 824 343 415 343 829 343 829 335 414 335 827 335 825 305 288 305 287 305 824 343 287 343 415 343 826 344 822 344 416 344 825 333 826 333 288 333 291 304 823 304 106 304 416 344 822 344 291 344 803 285 106 285 823 285 306 197 840 197 298 197 841 285 307 285 437 285 299 321 298 321 842 321 840 321 842 321 298 321 843 345 302 345 299 345 299 345 842 345 843 345 302 346 844 346 303 346 844 346 302 346 843 346 424 324 303 324 845 324 844 324 845 324 303 324 846 347 294 347 424 347 424 347 845 347 846 347 294 348 847 348 295 348 847 348 294 348 846 348 297 349 295 349 848 349 847 349 848 349 295 349 849 293 293 293 297 293 297 293 848 293 849 293 850 294 293 294 849 294 850 294 426 294 293 294 840 197 306 197 851 197 417 327 852 327 851 327 851 327 306 327 417 327 852 350 51 350 853 350 51 350 852 350 417 350 854 351 853 351 50 351 51 351 50 351 853 351 53 330 855 330 854 330 854 330 50 330 53 330 855 352 54 352 856 352 54 352 855 352 53 352 857 353 856 353 48 353 54 353 48 353 856 353 47 354 858 354 857 354 857 354 48 354 47 354 858 302 308 302 859 302 308 302 858 302 47 302 308 303 307 303 859 303 860 304 861 304 438 304 859 303 307 303 841 303 862 355 863 355 434 355 864 356 435 356 436 356 865 357 432 357 866 357 431 358 430 358 867 358 99 336 868 336 869 336 97 171 870 171 433 171 871 337 872 337 427 337 873 359 429 359 428 359 418 360 874 360 419 360 871 361 419 361 874 361 418 362 422 362 875 362 875 360 874 360 418 360 876 315 422 315 100 315 422 362 876 362 875 362 426 316 877 316 100 316 876 315 100 315 877 315 850 316 877 316 426 316 872 337 428 337 427 337 871 361 427 361 419 361 873 363 868 363 429 363 872 359 873 359 428 359 99 336 869 336 97 336 429 363 868 363 99 363 433 342 870 342 866 342 97 171 869 171 870 171 430 357 432 357 865 357 432 342 433 342 866 342 862 343 431 343 867 343 867 358 430 358 865 358 863 355 436 355 434 355 862 343 434 343 431 343 864 364 860 364 435 364 863 356 864 356 436 356 438 304 861 304 437 304 435 364 860 364 438 364 841 285 437 285 861 285 445 197 878 197 446 197 879 285 440 285 456 285 447 286 446 286 880 286 878 286 880 286 446 286 881 365 174 365 447 365 447 365 880 365 881 365 174 366 882 366 175 366 882 366 174 366 881 366 448 289 175 289 883 289 882 289 883 289 175 289 884 347 449 347 448 347 448 347 883 347 884 347 449 367 885 367 258 367 885 367 449 367 884 367 242 368 258 368 886 368 885 368 886 368 258 368 887 293 243 293 242 293 242 293 886 293 887 293 888 294 243 294 887 294 888 294 254 294 243 294 878 197 445 197 889 197 256 295 890 295 889 295 889 295 445 295 256 295 890 369 255 369 891 369 255 369 890 369 256 369 892 370 891 370 167 370 255 370 167 370 891 370 166 298 893 298 892 298 892 298 167 298 166 298 893 352 443 352 894 352 443 352 893 352 166 352 895 371 894 371 444 371 443 371 444 371 894 371 441 372 896 372 895 372 895 372 444 372 441 372 896 302 442 302 897 302 442 302 896 302 441 302 442 303 440 303 897 303 898 304 899 304 457 304 897 303 440 303 879 303 900 355 901 355 250 355 902 373 455 373 251 373 903 374 451 374 904 374 452 375 56 375 905 375 105 309 906 309 907 309 94 171 908 171 62 171 909 310 910 310 244 310 911 376 104 376 245 376 163 377 912 377 164 377 909 361 164 361 912 361 163 378 247 378 913 378 913 377 912 377 163 377 914 315 247 315 249 315 247 378 914 378 913 378 254 316 915 316 249 316 914 315 249 315 915 315 888 316 915 316 254 316 910 310 245 310 244 310 909 361 244 361 164 361 911 379 906 379 104 379 910 376 911 376 245 376 105 309 907 309 94 309 104 379 906 379 105 379 62 318 908 318 904 318 94 171 907 171 908 171 56 374 451 374 903 374 451 318 62 318 904 318 900 319 452 319 905 319 905 375 56 375 903 375 901 355 251 355 250 355 900 319 250 319 452 319 902 380 898 380 455 380 901 373 902 373 251 373 457 304 899 304 456 304 455 380 898 380 457 380 879 285 456 285 899 285 916 197 917 197 918 197 919 381 920 381 921 381 917 382 922 382 923 382 922 382 917 382 916 382 924 383 923 383 925 383 922 383 925 383 923 383 926 384 927 384 924 384 924 384 925 384 926 384 927 385 928 385 929 385 928 385 927 385 926 385 930 386 929 386 931 386 928 386 931 386 929 386 932 387 933 387 930 387 930 387 931 387 932 387 933 388 934 388 935 388 934 388 933 388 932 388 936 389 935 389 937 389 934 389 937 389 935 389 938 390 939 390 936 390 936 390 937 390 938 390 940 391 939 391 938 391 940 391 941 391 939 391 916 197 918 197 942 197 943 392 942 392 944 392 918 392 944 392 942 392 945 393 946 393 943 393 943 393 944 393 945 393 946 394 947 394 948 394 947 394 946 394 945 394 949 395 948 395 950 395 947 395 950 395 948 395 951 396 952 396 949 396 949 396 950 396 951 396 952 397 953 397 954 397 953 397 952 397 951 397 955 398 954 398 956 398 953 398 956 398 954 398 957 399 958 399 955 399 955 399 956 399 957 399 958 400 959 400 960 400 959 400 958 400 957 400 959 401 920 401 960 401 961 402 962 402 963 402 960 401 920 401 919 401 964 403 965 403 966 403 967 404 968 404 969 404 970 405 971 405 972 405 973 406 974 406 975 406 976 171 977 171 978 171 979 407 980 407 981 407 982 408 983 408 984 408 985 409 986 409 987 409 988 410 989 410 990 410 991 411 989 411 992 411 993 412 994 412 990 412 988 410 990 410 994 410 993 413 995 413 996 413 996 412 994 412 993 412 997 414 995 414 998 414 995 413 997 413 996 413 941 415 999 415 998 415 997 414 998 414 999 414 940 415 999 415 941 415 991 416 992 416 982 416 992 411 989 411 988 411 983 408 987 408 984 408 982 416 984 416 991 416 985 417 977 417 986 417 983 409 985 409 987 409 976 171 978 171 979 171 986 417 977 417 976 417 981 418 980 418 972 418 979 407 978 407 980 407 974 405 971 405 970 405 971 418 981 418 972 418 964 419 973 419 975 419 975 406 974 406 970 406 965 403 969 403 966 403 964 419 966 419 973 419 967 420 961 420 968 420 965 404 967 404 969 404 963 402 962 402 921 402 968 420 961 420 963 420 919 381 921 381 962 381 1000 0 1001 0 1002 0 1003 0 977 0 1004 0 1005 0 1006 0 1007 0 1008 0 1009 0 1010 0 1011 0 1012 0 1013 0 1014 0 1015 0 988 0 1016 0 1009 0 1008 0 1017 0 988 0 1018 0 1019 0 977 0 1003 0 1010 0 1020 0 1008 0 980 0 978 0 1021 0 919 0 1022 0 1023 0 996 0 1024 0 1025 0 940 0 938 0 1026 0 1027 0 967 0 965 0 943 0 1028 0 1029 0 942 0 1030 0 1031 0 934 0 1032 0 1033 0 1034 0 925 0 1035 0 916 0 1036 0 922 0 1037 0 928 0 1038 0 926 0 1039 0 1040 0 1041 0 1042 0 928 0 931 0 1043 0 1044 0 1045 0 934 0 932 0 1046 0 1047 0 932 0 1048 0 1049 0 946 0 1050 0 938 0 937 0 934 0 1051 0 937 0 954 0 1052 0 952 0 1050 0 1053 0 938 0 1054 0 1055 0 1056 0 943 0 1030 0 942 0 1027 0 965 0 1057 0 1058 0 1059 0 1060 0 1061 0 1020 0 1010 0 1062 0 1063 0 967 0 999 0 1064 0 1065 0 1066 0 972 0 1067 0 1049 0 1068 0 946 0 1069 0 949 0 1070 0 1071 0 1036 0 916 0 1071 0 916 0 942 0 922 0 1072 0 1035 0 1036 0 1072 0 922 0 922 0 1035 0 925 0 925 0 1073 0 1074 0 1034 0 1073 0 925 0 926 0 1074 0 1039 0 925 0 1074 0 926 0 928 0 926 0 1075 0 1040 0 1075 0 926 0 928 0 1075 0 1038 0 1037 0 1041 0 928 0 931 0 1042 0 1043 0 1042 0 931 0 928 0 1046 0 931 0 1044 0 1076 0 932 0 1047 0 1046 0 932 0 931 0 1076 0 1045 0 932 0 1032 0 934 0 1045 0 934 0 1033 0 1051 0 937 0 1051 0 1050 0 1026 0 938 0 1053 0 1077 0 1056 0 1055 0 1078 0 1060 0 1059 0 940 0 1026 0 1002 0 1079 0 1080 0 994 0 985 0 1081 0 1082 0 1083 0 1084 0 1005 0 1084 0 1078 0 1085 0 962 0 1086 0 1087 0 1016 0 1088 0 1089 0 1090 0 1071 0 1031 0 961 0 1086 0 962 0 1029 0 1030 0 943 0 1031 0 1071 0 942 0 1091 0 949 0 1092 0 1070 0 949 0 1093 0 1094 0 1095 0 983 0 982 0 992 0 1096 0 1097 0 1098 0 1099 0 1086 0 961 0 1063 0 1100 0 1058 0 1101 0 1060 0 1101 0 1058 0 1054 0 1056 0 1100 0 1100 0 1101 0 1054 0 1055 0 1001 0 1077 0 1000 0 1077 0 1001 0 1026 0 1000 0 1002 0 1002 0 1064 0 999 0 1002 0 999 0 940 0 997 0 1065 0 1024 0 1065 0 997 0 999 0 997 0 1024 0 996 0 996 0 1102 0 1079 0 1025 0 1102 0 996 0 996 0 1079 0 994 0 994 0 1103 0 1014 0 1080 0 1103 0 994 0 994 0 1014 0 988 0 1104 0 992 0 1017 0 1015 0 1018 0 988 0 988 0 1017 0 992 0 992 0 1105 0 1106 0 1104 0 1105 0 992 0 1096 0 1107 0 982 0 1106 0 1096 0 992 0 982 0 1108 0 1094 0 1107 0 1108 0 982 0 1095 0 1109 0 983 0 982 0 1094 0 983 0 985 0 983 0 1081 0 1109 0 1081 0 983 0 1082 0 1004 0 985 0 1110 0 1019 0 1003 0 985 0 1004 0 977 0 1083 0 1005 0 1007 0 1012 0 1011 0 1111 0 954 0 1112 0 1052 0 1113 0 955 0 1114 0 952 0 1115 0 1116 0 1052 0 1115 0 952 0 952 0 1092 0 949 0 1116 0 1092 0 952 0 1091 0 1093 0 949 0 948 0 949 0 1069 0 1117 0 1118 0 948 0 1117 0 948 0 1069 0 948 0 1048 0 946 0 1048 0 948 0 1118 0 1028 0 943 0 946 0 1028 0 946 0 1068 0 1098 0 1090 0 1031 0 1119 0 960 0 1120 0 1098 0 1097 0 1090 0 1061 0 1099 0 1020 0 1097 0 1099 0 1061 0 1121 0 1122 0 1123 0 1016 0 1089 0 1009 0 1085 0 1059 0 1088 0 1089 0 1088 0 1059 0 1124 0 1125 0 1126 0 1127 0 1128 0 1129 0 1078 0 1059 0 1085 0 1087 0 1022 0 962 0 1130 0 965 0 964 0 1131 0 1057 0 965 0 970 0 1132 0 1133 0 1063 0 961 0 967 0 1023 0 1120 0 960 0 1023 0 960 0 919 0 958 0 1119 0 1114 0 1119 0 958 0 960 0 1113 0 1134 0 955 0 958 0 1114 0 955 0 954 0 955 0 1135 0 1134 0 1135 0 955 0 1112 0 954 0 1136 0 954 0 1135 0 1136 0 1137 0 975 0 1138 0 1085 0 1139 0 1084 0 1062 0 967 0 1140 0 1140 0 967 0 1027 0 1084 0 1139 0 1129 0 919 0 962 0 1022 0 1123 0 1023 0 1121 0 1022 0 1121 0 1023 0 1123 0 1122 0 1124 0 1127 0 1129 0 1139 0 1124 0 1122 0 1125 0 1128 0 1127 0 1126 0 1128 0 1126 0 1125 0 1083 0 1078 0 1084 0 1141 0 1142 0 1006 0 1007 0 1006 0 1142 0 1141 0 1013 0 1143 0 1143 0 1142 0 1141 0 1013 0 1012 0 1143 0 1110 0 1003 0 1111 0 1111 0 1011 0 1110 0 1019 0 1021 0 978 0 1019 0 978 0 977 0 980 0 1144 0 1067 0 1021 0 1144 0 980 0 980 0 1067 0 972 0 972 0 1145 0 1146 0 1066 0 1145 0 972 0 970 0 1146 0 1132 0 972 0 1146 0 970 0 975 0 970 0 1147 0 1133 0 1147 0 970 0 1137 0 1148 0 975 0 975 0 1147 0 1138 0 964 0 975 0 1149 0 1148 0 1149 0 975 0 1150 0 964 0 1151 0 964 0 1149 0 1151 0 965 0 1130 0 1131 0 964 0 1150 0 1130 0 819 1 846 1 818 1 821 1 803 1 849 1 989 1 836 1 837 1 830 1 991 1 984 1 904 1 908 1 851 1 976 1 822 1 826 1 840 1 907 1 842 1 979 1 981 1 875 1 963 1 854 1 855 1 858 1 969 1 968 1 911 1 844 1 843 1 924 1 778 1 779 1 897 1 953 1 951 1 950 1 891 1 892 1 880 1 947 1 945 1 785 1 915 1 888 1 884 1 883 1 944 1 882 1 945 1 883 1 886 1 885 1 918 1 884 1 944 1 885 1 945 1 881 1 880 1 886 1 782 1 783 1 765 1 888 1 887 1 783 1 887 1 886 1 889 1 947 1 878 1 769 1 929 1 770 1 890 1 950 1 947 1 893 1 894 1 950 1 781 1 917 1 923 1 816 1 791 1 815 1 959 1 905 1 903 1 790 1 794 1 813 1 820 1 847 1 819 1 854 1 963 1 921 1 969 1 858 1 859 1 845 1 844 1 910 1 968 1 855 1 856 1 953 1 897 1 879 1 956 1 901 1 900 1 951 1 895 1 896 1 897 1 951 1 896 1 951 1 950 1 894 1 895 1 951 1 894 1 893 1 950 1 892 1 890 1 891 1 950 1 889 1 890 1 947 1 947 1 880 1 878 1 881 1 945 1 882 1 883 1 945 1 944 1 918 1 885 1 944 1 887 1 783 1 765 1 918 1 782 1 886 1 784 1 788 1 914 1 802 1 793 1 804 1 838 1 839 1 989 1 775 1 927 1 764 1 910 1 844 1 911 1 843 1 842 1 906 1 908 1 840 1 851 1 852 1 920 1 904 1 853 1 921 1 852 1 828 1 987 1 827 1 854 1 921 1 853 1 861 1 966 1 969 1 841 1 969 1 859 1 869 1 974 1 870 1 855 1 968 1 963 1 904 1 959 1 903 1 904 1 920 1 959 1 957 1 900 1 905 1 905 1 959 1 957 1 901 1 956 1 902 1 957 1 956 1 900 1 953 1 898 1 956 1 902 1 956 1 898 1 879 1 899 1 953 1 953 1 899 1 898 1 865 1 973 1 867 1 971 1 872 1 871 1 856 1 857 1 968 1 857 1 858 1 968 1 920 1 852 1 921 1 939 1 796 1 936 1 800 1 933 1 935 1 851 1 852 1 904 1 933 1 774 1 773 1 840 1 908 1 907 1 847 1 846 1 819 1 847 1 820 1 848 1 907 1 906 1 842 1 910 1 909 1 845 1 911 1 843 1 906 1 798 1 935 1 795 1 821 1 848 1 820 1 806 1 805 1 998 1 811 1 810 1 990 1 849 1 803 1 850 1 877 1 850 1 823 1 824 1 986 1 825 1 822 1 976 1 876 1 876 1 979 1 875 1 876 1 976 1 979 1 981 1 871 1 874 1 875 1 981 1 874 1 981 1 971 1 871 1 971 1 868 1 873 1 872 1 971 1 873 1 974 1 869 1 868 1 971 1 974 1 868 1 973 1 866 1 974 1 870 1 974 1 866 1 867 1 973 1 862 1 973 1 865 1 866 1 966 1 863 1 973 1 862 1 973 1 863 1 860 1 864 1 966 1 966 1 864 1 863 1 969 1 841 1 861 1 966 1 861 1 860 1 821 1 849 1 848 1 807 1 993 1 808 1 817 1 818 1 845 1 846 1 845 1 818 1 815 1 791 1 789 1 909 1 817 1 845 1 786 1 817 1 909 1 929 1 768 1 767 1 930 1 772 1 771 1 800 1 935 1 799 1 795 1 935 1 936 1 804 1 998 1 805 1 804 1 941 1 998 1 995 1 807 1 806 1 806 1 998 1 995 1 995 1 993 1 807 1 993 1 810 1 809 1 808 1 993 1 809 1 993 1 990 1 810 1 990 1 839 1 812 1 811 1 990 1 812 1 990 1 989 1 839 1 833 1 836 1 991 1 838 1 989 1 837 1 989 1 991 1 836 1 991 1 835 1 834 1 833 1 991 1 834 1 830 1 984 1 831 1 835 1 991 1 830 1 984 1 828 1 832 1 831 1 984 1 832 1 827 1 987 1 829 1 984 1 987 1 828 1 986 1 824 1 987 1 829 1 987 1 824 1 825 1 986 1 826 1 822 1 876 1 877 1 986 1 976 1 826 1 850 1 803 1 823 1 877 1 823 1 822 1 913 1 787 1 912 1 797 1 939 1 792 1 782 1 917 1 781 1 782 1 918 1 917 1 923 1 779 1 780 1 781 1 923 1 780 1 923 1 924 1 779 1 924 1 776 1 777 1 778 1 924 1 777 1 927 1 775 1 776 1 924 1 927 1 776 1 929 1 766 1 927 1 764 1 927 1 766 1 929 1 767 1 766 1 768 1 929 1 769 1 930 1 771 1 770 1 770 1 929 1 930 1 773 1 772 1 930 1 801 1 774 1 933 1 773 1 930 1 933 1 801 1 933 1 800 1 796 1 795 1 936 1 798 1 799 1 935 1 792 1 939 1 941 1 797 1 796 1 939 1 793 1 792 1 804 1 941 1 804 1 792 1 802 1 794 1 793 1 814 1 790 1 813 1 813 1 794 1 802 1 786 1 791 1 816 1 789 1 814 1 815 1 789 1 790 1 814 1 786 1 909 1 912 1 817 1 786 1 816 1 787 1 913 1 788 1 786 1 912 1 787 1 914 1 915 1 784 1 913 1 914 1 788 1 888 1 765 1 785 1 915 1 785 1 784 1 1039 197 1152 197 1040 197 1153 285 1097 285 1061 285 1075 286 1040 286 1154 286 1152 286 1154 286 1040 286 1155 287 1038 287 1075 287 1075 287 1154 287 1155 287 1038 288 1156 288 1037 288 1156 288 1038 288 1155 288 1041 289 1037 289 1157 289 1156 289 1157 289 1037 289 1158 290 1042 290 1041 290 1041 290 1157 290 1158 290 1042 291 1159 291 1043 291 1159 291 1042 291 1158 291 1044 292 1043 292 1160 292 1159 292 1160 292 1043 292 1161 293 1046 293 1044 293 1044 293 1160 293 1161 293 1162 294 1046 294 1161 294 1162 294 1047 294 1046 294 1152 197 1039 197 1163 197 1074 295 1164 295 1163 295 1163 295 1039 295 1074 295 1164 296 1073 296 1165 296 1073 296 1164 296 1074 296 1166 297 1165 297 1034 297 1073 297 1034 297 1165 297 1035 298 1167 298 1166 298 1166 298 1034 298 1035 298 1167 299 1072 299 1168 299 1072 299 1167 299 1035 299 1169 300 1168 300 1036 300 1072 300 1036 300 1168 300 1071 301 1170 301 1169 301 1169 301 1036 301 1071 301 1170 302 1090 302 1171 302 1090 302 1170 302 1071 302 1090 303 1097 303 1171 303 1172 304 1173 304 1010 304 1171 303 1097 303 1153 303 1174 305 1175 305 1059 305 1176 306 1009 306 1089 306 1177 307 1056 307 1178 307 1058 308 1100 308 1179 308 1026 309 1180 309 1181 309 1000 171 1182 171 1077 171 1183 310 1184 310 1051 310 1185 311 1053 311 1050 311 1032 312 1186 312 1033 312 1183 313 1033 313 1186 313 1032 314 1045 314 1187 314 1187 312 1186 312 1032 312 1188 315 1045 315 1076 315 1045 314 1188 314 1187 314 1047 316 1189 316 1076 316 1188 315 1076 315 1189 315 1162 316 1189 316 1047 316 1184 310 1050 310 1051 310 1183 313 1051 313 1033 313 1185 317 1180 317 1053 317 1184 311 1185 311 1050 311 1026 309 1181 309 1000 309 1053 317 1180 317 1026 317 1077 318 1182 318 1178 318 1000 171 1181 171 1182 171 1100 307 1056 307 1177 307 1056 318 1077 318 1178 318 1174 319 1058 319 1179 319 1179 308 1100 308 1177 308 1175 305 1089 305 1059 305 1174 319 1059 319 1058 319 1176 320 1172 320 1009 320 1175 306 1176 306 1089 306 1010 304 1173 304 1061 304 1009 320 1172 320 1010 320 1153 285 1061 285 1173 285 1190 0 1191 0 1192 0 1193 0 1194 0 1195 0 1195 0 1196 0 1193 0 1194 0 1197 0 1198 0 1197 0 1194 0 1193 0 1199 0 1198 0 1200 0 1197 0 1200 0 1198 0 1201 0 1202 0 1199 0 1199 0 1200 0 1201 0 1202 0 1191 0 1190 0 1191 0 1202 0 1201 0 1203 0 1204 0 1205 0 1192 0 1206 0 1207 0 1208 0 1209 0 1210 0 1211 0 1212 0 1213 0 1214 0 1215 0 1216 0 1217 0 1218 0 1219 0 1220 0 1221 0 1222 0 1223 0 1224 0 1225 0 1225 0 1226 0 1227 0 1218 0 1227 0 1226 0 1227 0 1223 0 1225 0 1219 0 1218 0 1226 0 1220 0 1217 0 1221 0 1221 0 1217 0 1219 0 1211 0 1213 0 1222 0 1222 0 1213 0 1220 0 1216 0 1215 0 1212 0 1211 0 1216 0 1212 0 1214 0 1210 0 1209 0 1215 0 1214 0 1209 0 1208 0 1203 0 1205 0 1208 0 1210 0 1203 0 1206 0 1204 0 1207 0 1206 0 1205 0 1204 0 1207 0 1190 0 1192 0 1055 197 1228 197 1001 197 1229 285 1012 285 1111 285 1002 321 1001 321 1230 321 1228 321 1230 321 1001 321 1231 322 1064 322 1002 322 1002 322 1230 322 1231 322 1064 323 1232 323 1065 323 1232 323 1064 323 1231 323 1024 324 1065 324 1233 324 1232 324 1233 324 1065 324 1234 290 1025 290 1024 290 1024 290 1233 290 1234 290 1025 325 1235 325 1102 325 1235 325 1025 325 1234 325 1079 326 1102 326 1236 326 1235 326 1236 326 1102 326 1237 293 1080 293 1079 293 1079 293 1236 293 1237 293 1238 294 1080 294 1237 294 1238 294 1103 294 1080 294 1228 197 1055 197 1239 197 1054 327 1240 327 1239 327 1239 327 1055 327 1054 327 1240 328 1101 328 1241 328 1101 328 1240 328 1054 328 1242 329 1241 329 1060 329 1101 329 1060 329 1241 329 1078 330 1243 330 1242 330 1242 330 1060 330 1078 330 1243 299 1083 299 1244 299 1083 299 1243 299 1078 299 1245 331 1244 331 1007 331 1083 331 1007 331 1244 331 1142 332 1246 332 1245 332 1245 332 1007 332 1142 332 1246 302 1143 302 1247 302 1143 302 1246 302 1142 302 1143 303 1012 303 1247 303 1248 304 1249 304 1003 304 1247 303 1012 303 1229 303 1250 305 1251 305 1081 305 1252 333 1004 333 1082 333 1253 334 1094 334 1254 334 1109 335 1095 335 1255 335 1096 336 1256 336 1257 336 1107 171 1258 171 1108 171 1259 337 1260 337 1104 337 1261 338 1106 338 1105 338 1018 339 1262 339 1017 339 1259 313 1017 313 1262 313 1018 340 1015 340 1263 340 1263 339 1262 339 1018 339 1264 315 1015 315 1014 315 1015 340 1264 340 1263 340 1103 316 1265 316 1014 316 1264 315 1014 315 1265 315 1238 316 1265 316 1103 316 1260 337 1105 337 1104 337 1259 313 1104 313 1017 313 1261 341 1256 341 1106 341 1260 338 1261 338 1105 338 1096 336 1257 336 1107 336 1106 341 1256 341 1096 341 1108 342 1258 342 1254 342 1107 171 1257 171 1258 171 1095 334 1094 334 1253 334 1094 342 1108 342 1254 342 1250 343 1109 343 1255 343 1255 335 1095 335 1253 335 1251 305 1082 305 1081 305 1250 343 1081 343 1109 343 1252 344 1248 344 1004 344 1251 333 1252 333 1082 333 1003 304 1249 304 1111 304 1004 344 1248 344 1003 344 1229 285 1111 285 1249 285 1266 0 1267 0 1268 0 1269 0 1270 0 1271 0 1271 0 1272 0 1269 0 1270 0 1273 0 1274 0 1273 0 1270 0 1269 0 1275 0 1274 0 1276 0 1273 0 1276 0 1274 0 1277 0 1278 0 1275 0 1275 0 1276 0 1277 0 1278 0 1267 0 1266 0 1267 0 1278 0 1277 0 1279 0 1280 0 1281 0 1268 0 1282 0 1283 0 1284 0 1285 0 1286 0 1287 0 1288 0 1289 0 1290 0 1291 0 1292 0 1293 0 1294 0 1295 0 1296 0 1297 0 1298 0 1299 0 1300 0 1301 0 1301 0 1302 0 1303 0 1294 0 1303 0 1302 0 1303 0 1299 0 1301 0 1295 0 1294 0 1302 0 1296 0 1293 0 1297 0 1297 0 1293 0 1295 0 1287 0 1289 0 1298 0 1298 0 1289 0 1296 0 1292 0 1291 0 1288 0 1287 0 1292 0 1288 0 1290 0 1286 0 1285 0 1291 0 1290 0 1285 0 1284 0 1279 0 1281 0 1284 0 1286 0 1279 0 1282 0 1280 0 1283 0 1282 0 1281 0 1280 0 1283 0 1266 0 1268 0 1117 197 1304 197 1118 197 1305 285 1112 285 1136 285 1048 286 1118 286 1306 286 1304 286 1306 286 1118 286 1307 365 1049 365 1048 365 1048 365 1306 365 1307 365 1049 366 1308 366 1068 366 1308 366 1049 366 1307 366 1028 289 1068 289 1309 289 1308 289 1309 289 1068 289 1310 347 1029 347 1028 347 1028 347 1309 347 1310 347 1029 367 1311 367 1030 367 1311 367 1029 367 1310 367 1031 368 1030 368 1312 368 1311 368 1312 368 1030 368 1313 293 1098 293 1031 293 1031 293 1312 293 1313 293 1314 294 1098 294 1313 294 1314 294 1099 294 1098 294 1304 197 1117 197 1315 197 1069 295 1316 295 1315 295 1315 295 1117 295 1069 295 1316 369 1070 369 1317 369 1070 369 1316 369 1069 369 1318 370 1317 370 1093 370 1070 370 1093 370 1317 370 1091 298 1319 298 1318 298 1318 298 1093 298 1091 298 1319 352 1092 352 1320 352 1092 352 1319 352 1091 352 1321 371 1320 371 1116 371 1092 371 1116 371 1320 371 1115 372 1322 372 1321 372 1321 372 1116 372 1115 372 1322 302 1052 302 1323 302 1052 302 1322 302 1115 302 1052 303 1112 303 1323 303 1324 304 1325 304 1135 304 1323 303 1112 303 1305 303 1326 355 1327 355 1114 355 1328 373 1134 373 1113 373 1329 374 1023 374 1330 374 1119 375 1120 375 1331 375 1126 309 1332 309 1333 309 1124 171 1334 171 1123 171 1335 310 1336 310 1085 310 1337 376 1127 376 1139 376 1016 377 1338 377 1088 377 1335 361 1088 361 1338 361 1016 378 1008 378 1339 378 1339 377 1338 377 1016 377 1340 315 1008 315 1020 315 1008 378 1340 378 1339 378 1099 316 1341 316 1020 316 1340 315 1020 315 1341 315 1314 316 1341 316 1099 316 1336 310 1139 310 1085 310 1335 361 1085 361 1088 361 1337 379 1332 379 1127 379 1336 376 1337 376 1139 376 1126 309 1333 309 1124 309 1127 379 1332 379 1126 379 1123 318 1334 318 1330 318 1124 171 1333 171 1334 171 1120 374 1023 374 1329 374 1023 318 1123 318 1330 318 1326 319 1119 319 1331 319 1331 375 1120 375 1329 375 1327 355 1113 355 1114 355 1326 319 1114 319 1119 319 1328 380 1324 380 1134 380 1327 373 1328 373 1113 373 1135 304 1325 304 1136 304 1134 380 1324 380 1135 380 1305 285 1136 285 1325 285 1342 0 1343 0 1344 0 1345 0 1346 0 1347 0 1347 0 1348 0 1345 0 1346 0 1349 0 1350 0 1349 0 1346 0 1345 0 1351 0 1350 0 1352 0 1349 0 1352 0 1350 0 1353 0 1354 0 1351 0 1351 0 1352 0 1353 0 1354 0 1343 0 1342 0 1343 0 1354 0 1353 0 1355 0 1356 0 1357 0 1344 0 1358 0 1359 0 1360 0 1361 0 1362 0 1363 0 1364 0 1365 0 1366 0 1367 0 1368 0 1369 0 1370 0 1371 0 1372 0 1373 0 1374 0 1375 0 1376 0 1377 0 1377 0 1378 0 1379 0 1370 0 1379 0 1378 0 1379 0 1375 0 1377 0 1371 0 1370 0 1378 0 1372 0 1369 0 1373 0 1373 0 1369 0 1371 0 1363 0 1365 0 1374 0 1374 0 1365 0 1372 0 1368 0 1367 0 1364 0 1363 0 1368 0 1364 0 1366 0 1362 0 1361 0 1367 0 1366 0 1361 0 1360 0 1355 0 1357 0 1360 0 1362 0 1355 0 1358 0 1356 0 1359 0 1358 0 1357 0 1356 0 1359 0 1342 0 1344 0 1121 197 1380 197 1122 197 1381 285 1131 285 1130 285 1125 321 1122 321 1382 321 1380 321 1382 321 1122 321 1383 345 1128 345 1125 345 1125 345 1382 345 1383 345 1128 346 1384 346 1129 346 1384 346 1128 346 1383 346 1084 324 1129 324 1385 324 1384 324 1385 324 1129 324 1386 347 1005 347 1084 347 1084 347 1385 347 1386 347 1005 348 1387 348 1006 348 1387 348 1005 348 1386 348 1141 349 1006 349 1388 349 1387 349 1388 349 1006 349 1389 293 1013 293 1141 293 1141 293 1388 293 1389 293 1390 294 1013 294 1389 294 1390 294 1011 294 1013 294 1380 197 1121 197 1391 197 1022 327 1392 327 1391 327 1391 327 1121 327 1022 327 1392 350 1087 350 1393 350 1087 350 1392 350 1022 350 1394 351 1393 351 1086 351 1087 351 1086 351 1393 351 1063 330 1395 330 1394 330 1394 330 1086 330 1063 330 1395 352 1062 352 1396 352 1062 352 1395 352 1063 352 1397 353 1396 353 1140 353 1062 353 1140 353 1396 353 1027 354 1398 354 1397 354 1397 354 1140 354 1027 354 1398 302 1057 302 1399 302 1057 302 1398 302 1027 302 1057 303 1131 303 1399 303 1400 304 1401 304 1150 304 1399 303 1131 303 1381 303 1402 355 1403 355 1148 355 1404 356 1151 356 1149 356 1405 357 1147 357 1406 357 1137 358 1138 358 1407 358 1146 336 1408 336 1409 336 1132 171 1410 171 1133 171 1411 337 1412 337 1067 337 1413 359 1145 359 1066 359 1021 360 1414 360 1144 360 1411 361 1144 361 1414 361 1021 362 1019 362 1415 362 1415 360 1414 360 1021 360 1416 315 1019 315 1110 315 1019 362 1416 362 1415 362 1011 316 1417 316 1110 316 1416 315 1110 315 1417 315 1390 316 1417 316 1011 316 1412 337 1066 337 1067 337 1411 361 1067 361 1144 361 1413 363 1408 363 1145 363 1412 359 1413 359 1066 359 1146 336 1409 336 1132 336 1145 363 1408 363 1146 363 1133 342 1410 342 1406 342 1132 171 1409 171 1410 171 1138 357 1147 357 1405 357 1147 342 1133 342 1406 342 1402 343 1137 343 1407 343 1407 358 1138 358 1405 358 1403 355 1149 355 1148 355 1402 343 1148 343 1137 343 1404 364 1400 364 1151 364 1403 356 1404 356 1149 356 1150 304 1401 304 1130 304 1151 364 1400 364 1150 364 1381 285 1130 285 1401 285 1418 0 1419 0 1420 0 1421 0 1422 0 1423 0 1423 0 1424 0 1421 0 1422 0 1425 0 1426 0 1425 0 1422 0 1421 0 1427 0 1426 0 1428 0 1425 0 1428 0 1426 0 1429 0 1430 0 1427 0 1427 0 1428 0 1429 0 1430 0 1419 0 1418 0 1419 0 1430 0 1429 0 1431 0 1432 0 1433 0 1420 0 1434 0 1435 0 1436 0 1437 0 1438 0 1439 0 1440 0 1441 0 1442 0 1443 0 1444 0 1445 0 1446 0 1447 0 1448 0 1449 0 1450 0 1451 0 1452 0 1453 0 1453 0 1454 0 1455 0 1446 0 1455 0 1454 0 1455 0 1451 0 1453 0 1447 0 1446 0 1454 0 1448 0 1445 0 1449 0 1449 0 1445 0 1447 0 1439 0 1441 0 1450 0 1450 0 1441 0 1448 0 1444 0 1443 0 1440 0 1439 0 1444 0 1440 0 1442 0 1438 0 1437 0 1443 0 1442 0 1437 0 1436 0 1431 0 1433 0 1436 0 1438 0 1431 0 1434 0 1432 0 1435 0 1434 0 1433 0 1432 0 1435 0 1418 0 1420 0 1258 421 1257 421 1277 421 1266 422 1283 422 1247 422 1267 423 1257 423 1256 423 1257 424 1267 424 1277 424 1261 425 1268 425 1256 425 1267 426 1256 426 1268 426 1261 427 1260 427 1282 427 1282 428 1268 428 1261 428 1281 429 1260 429 1259 429 1260 430 1281 430 1282 430 1262 431 1284 431 1259 431 1281 432 1259 432 1284 432 1262 433 1263 433 1285 433 1285 434 1284 434 1262 434 1291 435 1263 435 1264 435 1263 436 1291 436 1285 436 1265 437 1288 437 1264 437 1291 438 1264 438 1288 438 1265 439 1238 439 1289 439 1289 440 1288 440 1265 440 1276 441 1254 441 1258 441 1258 421 1277 421 1276 421 1254 442 1273 442 1253 442 1273 443 1254 443 1276 443 1255 444 1253 444 1269 444 1273 442 1269 442 1253 442 1272 445 1250 445 1255 445 1255 446 1269 446 1272 446 1250 447 1271 447 1251 447 1271 448 1250 448 1272 448 1252 449 1251 449 1270 449 1271 450 1270 450 1251 450 1274 451 1248 451 1252 451 1252 452 1270 452 1274 452 1248 453 1275 453 1249 453 1275 454 1248 454 1274 454 1229 455 1249 455 1278 455 1275 456 1278 456 1249 456 1245 457 1246 457 1280 457 1229 458 1278 458 1266 458 1242 459 1243 459 1290 459 1244 460 1279 460 1286 460 1240 461 1298 461 1239 461 1292 462 1287 462 1241 462 1302 463 1231 463 1230 463 1295 464 1228 464 1297 464 1234 465 1233 465 1299 465 1232 466 1301 466 1300 466 1303 467 1235 467 1234 467 1234 468 1299 468 1303 468 1235 469 1294 469 1236 469 1294 470 1235 470 1303 470 1237 471 1236 471 1293 471 1294 472 1293 472 1236 472 1296 473 1238 473 1237 473 1237 474 1293 474 1296 474 1289 475 1238 475 1296 475 1233 476 1300 476 1299 476 1232 477 1231 477 1301 477 1233 478 1232 478 1300 478 1302 479 1230 479 1295 479 1301 480 1231 480 1302 480 1297 464 1228 464 1239 464 1295 481 1230 481 1228 481 1287 482 1298 482 1240 482 1298 483 1297 483 1239 483 1242 484 1292 484 1241 484 1241 485 1287 485 1240 485 1243 486 1286 486 1290 486 1242 487 1290 487 1292 487 1244 488 1245 488 1279 488 1243 489 1244 489 1286 489 1280 490 1246 490 1283 490 1279 491 1245 491 1280 491 1266 492 1247 492 1229 492 1283 493 1246 493 1247 493 1410 421 1409 421 1429 421 1418 494 1435 494 1399 494 1419 423 1409 423 1408 423 1409 424 1419 424 1429 424 1413 426 1420 426 1408 426 1419 426 1408 426 1420 426 1413 495 1412 495 1434 495 1434 496 1420 496 1413 496 1433 497 1412 497 1411 497 1412 498 1433 498 1434 498 1414 499 1436 499 1411 499 1433 500 1411 500 1436 500 1414 501 1415 501 1437 501 1437 502 1436 502 1414 502 1443 503 1415 503 1416 503 1415 504 1443 504 1437 504 1417 505 1440 505 1416 505 1443 506 1416 506 1440 506 1417 439 1390 439 1441 439 1441 507 1440 507 1417 507 1428 441 1406 441 1410 441 1410 421 1429 421 1428 421 1406 508 1425 508 1405 508 1425 443 1406 443 1428 443 1407 509 1405 509 1421 509 1425 510 1421 510 1405 510 1424 511 1402 511 1407 511 1407 512 1421 512 1424 512 1402 513 1423 513 1403 513 1423 514 1402 514 1424 514 1404 515 1403 515 1422 515 1423 516 1422 516 1403 516 1426 517 1400 517 1404 517 1404 518 1422 518 1426 518 1400 519 1427 519 1401 519 1427 520 1400 520 1426 520 1381 521 1401 521 1430 521 1427 522 1430 522 1401 522 1397 523 1398 523 1432 523 1381 524 1430 524 1418 524 1394 525 1395 525 1442 525 1396 526 1431 526 1438 526 1392 461 1450 461 1391 461 1444 527 1439 527 1393 527 1454 528 1383 528 1382 528 1447 464 1380 464 1449 464 1386 529 1385 529 1451 529 1384 530 1453 530 1452 530 1455 531 1387 531 1386 531 1386 532 1451 532 1455 532 1387 533 1446 533 1388 533 1446 534 1387 534 1455 534 1389 535 1388 535 1445 535 1446 536 1445 536 1388 536 1448 537 1390 537 1389 537 1389 538 1445 538 1448 538 1441 539 1390 539 1448 539 1385 540 1452 540 1451 540 1384 541 1383 541 1453 541 1385 542 1384 542 1452 542 1454 479 1382 479 1447 479 1453 543 1383 543 1454 543 1449 464 1380 464 1391 464 1447 481 1382 481 1380 481 1439 482 1450 482 1392 482 1450 483 1449 483 1391 483 1394 544 1444 544 1393 544 1393 545 1439 545 1392 545 1395 546 1438 546 1442 546 1394 547 1442 547 1444 547 1396 548 1397 548 1431 548 1395 549 1396 549 1438 549 1432 550 1398 550 1435 550 1431 551 1397 551 1432 551 1418 492 1399 492 1381 492 1435 552 1398 552 1399 552 1182 553 1181 553 1201 553 1190 422 1207 422 1171 422 1191 554 1181 554 1180 554 1181 555 1191 555 1201 555 1185 556 1192 556 1180 556 1191 557 1180 557 1192 557 1185 558 1184 558 1206 558 1206 559 1192 559 1185 559 1205 560 1184 560 1183 560 1184 561 1205 561 1206 561 1186 562 1208 562 1183 562 1205 563 1183 563 1208 563 1186 564 1187 564 1209 564 1209 565 1208 565 1186 565 1215 566 1187 566 1188 566 1187 567 1215 567 1209 567 1189 437 1212 437 1188 437 1215 438 1188 438 1212 438 1189 439 1162 439 1213 439 1213 440 1212 440 1189 440 1200 568 1178 568 1182 568 1182 553 1201 553 1200 553 1178 569 1197 569 1177 569 1197 570 1178 570 1200 570 1179 571 1177 571 1193 571 1197 572 1193 572 1177 572 1196 573 1174 573 1179 573 1179 574 1193 574 1196 574 1174 447 1195 447 1175 447 1195 575 1174 575 1196 575 1176 576 1175 576 1194 576 1195 577 1194 577 1175 577 1198 578 1172 578 1176 578 1176 579 1194 579 1198 579 1172 453 1199 453 1173 453 1199 454 1172 454 1198 454 1153 455 1173 455 1202 455 1199 456 1202 456 1173 456 1169 580 1170 580 1204 580 1153 458 1202 458 1190 458 1166 581 1167 581 1214 581 1168 582 1203 582 1210 582 1164 583 1222 583 1163 583 1216 584 1211 584 1165 584 1226 585 1155 585 1154 585 1219 586 1152 586 1221 586 1158 465 1157 465 1223 465 1156 587 1225 587 1224 587 1227 588 1159 588 1158 588 1158 589 1223 589 1227 589 1159 590 1218 590 1160 590 1218 591 1159 591 1227 591 1161 471 1160 471 1217 471 1218 472 1217 472 1160 472 1220 473 1162 473 1161 473 1161 474 1217 474 1220 474 1213 475 1162 475 1220 475 1157 592 1224 592 1223 592 1156 593 1155 593 1225 593 1157 594 1156 594 1224 594 1226 595 1154 595 1219 595 1225 596 1155 596 1226 596 1221 586 1152 586 1163 586 1219 597 1154 597 1152 597 1211 598 1222 598 1164 598 1222 599 1221 599 1163 599 1166 600 1216 600 1165 600 1165 598 1211 598 1164 598 1167 601 1210 601 1214 601 1166 602 1214 602 1216 602 1168 603 1169 603 1203 603 1167 604 1168 604 1210 604 1204 490 1170 490 1207 490 1203 605 1169 605 1204 605 1190 492 1171 492 1153 492 1207 493 1170 493 1171 493 1334 553 1333 553 1353 553 1342 494 1359 494 1323 494 1343 554 1333 554 1332 554 1333 555 1343 555 1353 555 1337 606 1344 606 1332 606 1343 557 1332 557 1344 557 1337 607 1336 607 1358 607 1358 608 1344 608 1337 608 1357 609 1336 609 1335 609 1336 610 1357 610 1358 610 1338 611 1360 611 1335 611 1357 612 1335 612 1360 612 1338 613 1339 613 1361 613 1361 614 1360 614 1338 614 1367 615 1339 615 1340 615 1339 616 1367 616 1361 616 1341 505 1364 505 1340 505 1367 506 1340 506 1364 506 1341 439 1314 439 1365 439 1365 507 1364 507 1341 507 1352 568 1330 568 1334 568 1334 553 1353 553 1352 553 1330 617 1349 617 1329 617 1349 570 1330 570 1352 570 1331 618 1329 618 1345 618 1349 619 1345 619 1329 619 1348 620 1326 620 1331 620 1331 621 1345 621 1348 621 1326 513 1347 513 1327 513 1347 622 1326 622 1348 622 1328 623 1327 623 1346 623 1347 624 1346 624 1327 624 1350 625 1324 625 1328 625 1328 626 1346 626 1350 626 1324 519 1351 519 1325 519 1351 520 1324 520 1350 520 1305 521 1325 521 1354 521 1351 522 1354 522 1325 522 1321 627 1322 627 1356 627 1305 524 1354 524 1342 524 1318 628 1319 628 1366 628 1320 629 1355 629 1362 629 1316 583 1374 583 1315 583 1368 630 1363 630 1317 630 1378 631 1307 631 1306 631 1371 586 1304 586 1373 586 1310 529 1309 529 1375 529 1308 632 1377 632 1376 632 1379 633 1311 633 1310 633 1310 634 1375 634 1379 634 1311 635 1370 635 1312 635 1370 636 1311 636 1379 636 1313 535 1312 535 1369 535 1370 536 1369 536 1312 536 1372 537 1314 537 1313 537 1313 538 1369 538 1372 538 1365 539 1314 539 1372 539 1309 637 1376 637 1375 637 1308 638 1307 638 1377 638 1309 639 1308 639 1376 639 1378 595 1306 595 1371 595 1377 631 1307 631 1378 631 1373 586 1304 586 1315 586 1371 597 1306 597 1304 597 1363 598 1374 598 1316 598 1374 599 1373 599 1315 599 1318 640 1368 640 1317 640 1317 641 1363 641 1316 641 1319 642 1362 642 1366 642 1318 643 1366 643 1368 643 1320 644 1321 644 1355 644 1319 645 1320 645 1362 645 1356 550 1322 550 1359 550 1355 646 1321 646 1356 646 1342 492 1323 492 1305 492 1359 552 1322 552 1323 552</p>
        </triangles>
      </mesh>
    </geometry>
  </library_geometries>
  <library_visual_scenes>
    <visual_scene id="DefaultScene">
      <node id="node_29fda489_70ca_4c2d_912b_142a931b8666" type="NODE">
        <matrix>1 0 0 0 0 1 0 0 0 0 1 0 0 0 0 1</matrix>
        <node id="node_c685f20e_35de_4e19_b67d_6872b4294767" type="NODE">
          <matrix>1 0 0 0 0 1 0 0 0 0 1 0 0 0 0 1</matrix>
          <node id="node_c685f20e_35de_4e19_b67d_6872b4294767_mesh0" type="NODE">
            <matrix>1 0 0 0 0 1 0 0 0 0 1 0 0 0 0 1</matrix>
            <instance_geometry url="#geometry_475bd164_ffdc_443c_b8c9_9e0b2e143465">
              <bind_material>
                <technique_common>
                  <instance_material symbol="mat_0" target="#mat_0"/>
                </technique_common>
              </bind_material>
            </instance_geometry>
          </node>
        </node>
      </node>
    </visual_scene>
  </library_visual_scenes>
  <scene>
    <instance_visual_scene url="#DefaultScene"/>
  </scene>
</COLLADA>
