<?xml version="1.0" encoding="UTF-8"?>
<COLLADA xmlns="http://www.collada.org/2005/11/COLLADASchema" version="1.4.1">
<!--
# File generated by ImageToStl.com - Free Image and 3D model conversion tools
-->
  <asset>
    <contributor>
      <author>ImageToStl.com</author>
      <authoring_tool>ImageToStl.com</authoring_tool>
    </contributor>
    <created>2026-05-09T04:21:04</created>
    <modified>2026-05-09T04:21:04</modified>
    <up_axis>Z_UP</up_axis>
  </asset>
  <library_effects>
    <effect id="effect_0">
        <profile_COMMON>
          <technique sid="common">
            <phong>
              <diffuse>
                <color>0.85 0.85 0.85 1</color>
              </diffuse>
              <specular>
                <color>0.05 0.05 0.05 1</color>
              </specular>
              <shininess>
                <float>64</float>
              </shininess>
            </phong>
          </technique>
        </profile_COMMON>
    </effect>
  </library_effects>
  <library_materials>
    <material id="mat_0">
      <instance_effect url="#effect_0"/>
    </material>
  </library_materials>
  <library_geometries>
    <geometry id="geometry_da4466e7_9e8e_47be_b68d_e906ce637174">
      <mesh>
        <source id="pos_0">
          <float_array id="pos_0-array" count="16506">-17.5 109 50 -20.63009644 109 49.75348663 -23.68033981 109 49.02112961 32.5 109 38 31.64108276 109 44.14310837 17.5 109 50 -26.58106232 109 47.8194313 -29.25570488 109 46.18033981 -32.5 109 38 -31.64311028 109 44.14108276 29.25570488 109 46.18033981 33.68033981 109 41.75570679 26.57850647 109 47.82073212 23.68033981 109 49.02112961 20.62726402 109 49.75393677 35.3194313 109 39.08106232 37.25348663 109 33.13009644 36.52112961 109 36.18033981 32.5 109 31 37.5 109 30 37.5 109 21.10000038 -32.5 109 31 -36.52112961 109 36.18033981 -37.25393677 109 33.12726593 -37.5 109 21.10000038 -37.5 109 30 -33.68033981 109 41.75570679 -35.32073212 109 39.07850647 5.63458824 126 -46.83848953 7.75562429 126 -45.704422 8.38274574 126 -47.67092133 1.64275765 126 -17.58324814 0 126 -19.5 -1.14911485 126 -17.54067993 -13.90828609 126 -30.64988899 -15.54450893 126 -29.01389122 -13.18899727 126 -28.35538483 -3.90706015 126 -17.97668839 -2.39676857 126 -19.70300865 2.10762763 126 -19.65672493 -6.91626692 126 -21.29122543 -8.99886513 126 -20.21918488 -6.54965067 126 -18.87839699 -4.72317886 126 -20.30569839 -8.91248989 126 -22.631464 -10.65500069 126 -24.2882843 -11.18239021 126 -21.95946693 -14.50425053 126 -26.42270851 -12.09416962 126 -26.21453285 -13.03575897 126 -24.0478611 -14.14949417 126 -35.43602753 -16.23102188 126 -34.5351181 -14.23152828 126 -33.03272247 -16.12582016 126 -31.74490547 -12.79031563 126 -40.03164673 -15.0148201 126 -39.96431351 -13.66449356 126 -37.79136276 -15.85700798 126 -37.30215454 -9.98430729 126 -43.91689682 -12.03847504 126 -44.66501617 -11.55183506 126 -42.09306717 -13.72932434 126 -42.44299316 -9.99219322 126 -46.56478119 -8.13236237 126 -45.45117188 -6.048738 126 -46.6521759 -7.65089464 126 -48.08618927 -3.79277658 126 -47.48568344 -1.42873454 126 -47.92792511 -2.36642218 126 -49.82677078 -5.0837059 126 -49.18432617 0.97604686 126 -47.96629333 3.3530612 126 -47.59967041 3.19545889 126 -49.68272018 0.42072928 126 -49.99455261 5.87584352 126 -48.90047836 11.28077412 126 -42.45651627 12.58734798 126 -44.02721786 9.65573406 126 -44.22976303 10.64214993 126 -46.03035736 14.1609087 126 -41.7206459 12.58443737 126 -40.43519974 13.52957058 126 -38.22339249 14.08923626 126 -35.88411331 16.01962471 126 -36.47655869 15.31637192 126 -39.17874146 14.24748039 126 -33.4840126 13.99978828 126 -31.09147453 16.00040817 126 -30.91284561 16.24990273 126 -33.69387436 13.35321045 126 -28.77467155 12.32616615 126 -26.59961891 14.10550976 126 -25.68172264 15.27850533 126 -28.2155838 12.5160532 126 -23.38607788 10.94791794 126 -24.62829208 10.55706501 126 -21.39642143 9.25773335 126 -22.91686249 4.16889477 126 -20.12345123 4.38612843 126 -18.10313606 7 126 -19.08499146 6.13846159 126 -20.88991547 14.14274693 120 -25.74717331 10.55706501 120 -21.39642143 12.54003334 120 -23.41510391 16.24946213 120 -33.88212585 16.02601433 120 -31.0612545 15.31660557 120 -28.32191658 14.01074123 120 -41.98174286 15.22631359 120 -39.42642975 15.98017406 120 -36.69898987 8.02526283 120 -47.88002777 12.37031841 120 -44.28744507 10.35478592 120 -46.27361298 1.37289524 119.34944916 -49.94210434 4.10560799 119.89128113 -49.47245026 -7.9746356 120 -47.90866089 -10.26486969 120 -46.34741974 -1.37289524 119.34944916 -49.94210434 -4.10560799 119.89128113 -49.47245026 -5.45238733 120 -49.05797195 -12.25645733 120 -44.41966629 -2.742419 119.65288544 -49.76646042 -15.12229252 120 -39.69800568 -15.91316223 120 -37.04146957 -14.4200716 120 -26.25840378 -15.48348713 120 -28.81805038 -16.09642601 120 -31.52119064 -12.93711758 120 -23.91671562 -11.07777119 120 -21.86111832 -8.89612579 120 -20.15141869 -6.45565701 120 -18.83735466 -3.82736659 120 -17.95716095 -1.08772266 120 -17.53644562 1.68356764 120 -17.58744812 4.40587616 120 -18.10868454 7 120 -19.08499146 -16.24105263 120 -34.28917313 -13.8914547 120 -42.18148804 0 119 -50 2.7447896 119.66809845 -49.76695633 5.45238686 120 -49.05797195 -2.40826178 111 -19.70497322 -4.74724197 111 -20.31399727 -0 111 -19.5 -8.95213509 111 -22.66299057 -10.69708061 111 -24.33538437 -6.94965315 111 -21.30954933 -13.22241879 111 -28.43679428 -13.93016243 111 -30.7478199 -12.13428974 111 -26.27862167 -13.62537575 111 -37.92272568 -14.13458157 111 -35.56000519 -14.23716068 111 -33.14521408 -11.45695877 111 -42.22352219 -9.86012936 111 -44.03787613 -12.72419357 111 -40.16540146 -5.86959267 111 -46.73500443 -3.59068727 111 -47.54019547 -7.97964048 111 -45.55626297 3.59068727 111 -47.54019547 1.20848441 111 -47.94866562 -1.20848441 111 -47.94866562 7.97964048 111 -45.55626297 9.86012936 111 -44.03787613 5.86959267 111 -46.73500443 12.72419357 111 -40.16540146 13.62537575 111 -37.92272568 11.45695877 111 -42.22352219 14.23716068 111 -33.14521408 14.13458157 111 -35.56000519 13.93016243 111 -30.7478199 13.22241879 111 -28.43679428 6.13846159 119 -20.88991547 6.94965315 111 -21.30954933 4.74724197 111 -20.31399727 7.76452398 119 -21.80116463 12.13428974 111 -26.27862167 8.95213509 111 -22.66299057 9.25773335 119 -22.91686249 10.69708061 111 -24.33538437 2.40826178 111 -19.70497322 8.51912498 119 -48.74956512 7.5 119 -50 5.78791857 119 -50 -23.68033981 119 49.02112961 -20.62726402 119 49.75393677 -26.59252739 119 35.77106857 -28.71320343 119 -41.21320343 -26.1968956 119 -28.09673119 -25.40282822 119 -28.23288727 25.13355827 119 -44.27051163 21.11971474 119 -46.73019409 16.96356964 119 -36.88046646 13.13156891 119 -44.93590164 12.19303417 119 -49.63064957 10.99200344 119 -47.04429626 20.45820808 119 -24.89090729 16.25916672 119 -27.98788071 20.28847313 119 -24.10333443 17.2494297 119 -33.89025497 22.34012032 119 -27.43542099 23.04346848 119 -27.82833481 25.40282822 119 -28.23288727 28.71320343 119 -41.21320343 24.59717178 119 -28.23288727 15.01306915 119 -25.25469208 20.25428009 119 -23.29840469 31 119 38.75 30.19724655 119 38.68167496 31.64311028 119 44.14108276 -26.45820808 119 32.60909271 -17.5 119 50 26.45820808 119 32.60909271 37.25393677 119 33.12726593 35.71152878 119 33.39666367 35.74571991 119 34.20159531 33.68033981 119 41.75570679 31.80275345 119 38.68167496 17.5 119 50 26.28847313 119 33.39666367 -29.25570488 119 46.18033981 -28.68344879 119 38.14681625 -29.41758537 119 38.47866821 11.20672989 119 -20.63620186 7.43076897 119 -18.18252754 -31.80275345 119 38.68167496 -31.64108276 119 44.14310837 -31 119 38.75 -35.3194313 119 39.08106232 -33.98404312 119 37.69567108 -34.5656929 119 37.13820648 -33.68033981 119 41.75570679 -35.40747452 119 35.77106857 -35.64338684 119 35.00072479 -36.52112961 119 36.18033981 -13.73324871 119 -23.31159019 -20.95523643 119 -21.00954056 -11.75947952 119 -21.12949562 -26.35661316 119 35.00072479 -24.59717178 119 -28.23288727 -25.13355827 119 -44.27051163 -20.45820808 119 -24.89090729 -16.43631744 119 -28.51454735 -20.75860214 119 -25.63846779 -29.54179192 119 -24.89090729 -36.03169632 119 -29.27050972 -29.71152687 119 -24.10333443 -28.5656929 119 -20.36179543 -37.5 119 -20 -27.98404503 119 -19.80433083 -16.05289459 119 -40.06403732 -21.11971474 119 -46.73019409 -16.89243317 119 -37.24402237 -17.2405014 119 -34.32235336 -13.01070023 119 -45.07625961 -16.77050972 119 -48.53169632 -14.7463131 119 -42.7003479 -12.19303417 119 -49.63064957 -10.89655399 119 -47.12264252 -8.46538258 119 -48.77996445 -7.5 119 -50 -5.78791857 119 -50 -37.13064957 119 -24.69303322 -29.74571991 119 -23.29840469 -34.23019409 119 -33.61971664 -29.24139786 119 -25.63846779 -28.81898689 119 -26.32450676 -37.5 119 30 -32.95653152 119 29.67166519 -32.1968956 119 29.40326881 -29.40747261 119 -21.72893143 -29.64338684 119 -22.4992733 -23.41758537 119 -19.02133179 -24.19724655 119 -18.81832504 -28.34012032 119 30.06457901 -22.01595497 119 -19.80433083 -22.68344879 119 -19.35318375 -9.44357967 119 -19.31458282 -35.74571991 119 34.20159531 -37.25348663 119 33.13009644 -30.59717178 119 29.26711273 -26.58241463 119 -19.02133179 -31.40282822 119 29.26711273 -27.71329117 119 30.57070923 29.25570488 119 46.18033981 28.01595497 119 37.69567108 26.58106232 119 47.8194313 26.95523643 119 36.49045944 26.59252739 119 35.77106857 23.68033981 119 49.02112961 37.5 119 30 34.81898499 119 31.17549324 35.24139786 119 31.86153221 37.5 119 -20 32.1968956 119 29.40326881 35.32073212 119 39.07850647 34.5656929 119 37.13820648 33.98404312 119 37.69567108 29.41758537 119 38.47866821 26.75860214 119 31.86153221 27.18101311 119 31.17549324 4.6770072 119 -17.14614105 28.68344879 119 38.14681625 27.98404503 119 -19.80433083 27.31655121 119 -19.35318375 13.31172752 119 -22.77910995 20.95523643 119 -21.00954056 22.01595497 119 -19.80433083 22.68344879 119 -19.35318375 26.95653152 119 -27.82833481 31.77050972 119 -37.63355637 26.1968956 119 -28.09673119 23.8031044 119 -28.09673119 20.75860214 119 -25.63846779 20.35661316 119 -22.4992733 16.16331673 119 -39.77574921 16.77050972 119 -48.53169632 14.87294102 119 -42.48831177 1.78717184 119 -16.59282875 27.65987968 119 -27.43542099 28.28670883 119 -26.92929077 34.23019409 119 -33.61971664 -1.15465939 119 -16.53868866 21.4343071 119 -20.36179543 20.59252739 119 -21.72893143 17.01223183 119 -30.89579391 21.71329117 119 -26.92929077 21.18101311 119 -26.32450676 29.24139786 119 -25.63846779 36.03169632 119 -29.27050972 28.81898689 119 -26.32450676 29.54179192 119 -24.89090729 29.71152687 119 -24.10333443 37.13064957 119 -24.69303322 29.74571991 119 -23.29840469 29.64338684 119 -22.4992733 29.04476357 119 -21.00954056 29.40747261 119 -21.72893143 28.5656929 119 -20.36179543 26.58241463 119 -19.02133179 25.80275345 119 -18.81832504 30.59717178 119 29.26711273 28.34012032 119 30.06457901 24.19724655 119 -18.81832504 23.41758537 119 -19.02133179 29.8031044 119 29.40326881 25 119 -18.75 27.71329117 119 30.57070923 -15.30746078 119 -25.79738235 -20.25428009 119 -23.29840469 -20.35661316 119 -22.4992733 -23.8031044 119 -28.09673119 -23.04346848 119 -27.82833481 -33.65988159 119 30.06457901 -34.28670883 119 30.57070923 -34.81898499 119 31.17549324 -27.31655121 119 -19.35318375 -29.04476357 119 -21.00954056 -31.77050972 119 -37.63355637 -28.28670883 119 -26.92929077 -27.65987968 119 -27.43542099 -26.95653152 119 -27.82833481 -17.0869751 119 -31.3840332 -22.34012032 119 -27.43542099 -21.71329117 119 -26.92929077 -21.18101311 119 -26.32450676 -20.28847313 119 -24.10333443 -20.59252739 119 -21.72893143 -21.4343071 119 -20.36179543 -25 119 -18.75 -29.04346848 119 29.67166519 -35.54179382 119 32.60909271 -35.24139786 119 31.86153221 -26.25428009 119 34.20159531 -26.28847313 119 33.39666367 26.25428009 119 34.20159531 -32.58241272 119 38.47866821 -33.31655121 119 38.14681625 -35.04476166 119 36.49045944 -35.71152878 119 33.39666367 -25.80275345 119 -18.81832504 -26.95523643 119 36.49045944 -27.4343071 119 37.13820648 -29.8031044 119 29.40326881 -27.18101311 119 31.17549324 -6.85292816 119 -17.91965294 -4.06289673 119 -16.98529434 -26.75860214 119 31.86153221 -26.57850647 119 47.82073212 -28.01595497 119 37.69567108 -30.19724655 119 38.68167496 36.52112961 119 36.18033981 35.64338684 119 35.00072479 35.40747452 119 35.77106857 27.4343071 119 37.13820648 26.35661316 119 35.00072479 20.63009644 119 49.75348663 29.04346848 119 29.67166519 31.40282822 119 29.26711273 33.65988159 119 30.06457901 32.95653152 119 29.67166519 34.28670883 119 30.57070923 35.54179382 119 32.60909271 35.04476166 119 36.49045944 33.31655121 119 38.14681625 32.58241272 119 38.47866821 49.34999847 109 -20.10000038 42.5 109 20.10000038 49.34999847 109 20.10000038 42.49985886 109 -20 42.49985886 109 -20.10000038 28.29000092 -8.5 39.35525131 29.38573837 -8.5 34.79074097 29.34974098 -2.5 35.01366043 26.1765213 -2.5 44.28691101 26.48947906 -8.5 43.69141769 28.14764214 -2.5 39.78186035 29.74997711 -2.5 30.11257935 29.74997711 -8.5 30.11257935 16.28324699 -2.5 55.04816055 18.22326088 -8.5 53.66534424 20.16216469 -2.5 52.02577591 23.49023056 -2.5 48.40572739 23.1227169 -8.5 48.86888123 23.55020142 -8.5 48.3282814 4.71247244 -8.5 59.52434921 9.30470562 -8.5 58.40742493 7.30892086 -2.5 58.98820877 13.66193485 -8.5 56.57748413 11.95945644 -2.5 57.39030075 -18.22340012 -8.5 53.66521835 -17.67422867 -8.5 54.08081818 -16.28324699 -2.5 55.04816055 2.45869827 -2.5 59.7982254 -2.45869827 -2.5 59.7982254 0.00113356 -8.5 59.89996338 -25.12692833 -8.5 46.07795715 -26.1765213 -2.5 44.28691101 -25.48767853 -8.5 45.49404907 -23.49023056 -2.5 48.40572739 -24.36520004 -8.5 47.22032928 -23.96422386 -8.5 47.77878952 -26.48947906 -8.5 43.69141769 -26.16895485 -8.5 44.30077744 -25.83502197 -8.5 44.90165329 -28.14764214 -2.5 39.78186035 -28.2890892 -8.5 39.35791016 -29.38534355 -8.5 34.7935257 -29.34974098 -2.5 35.01366043 -29.74997711 -2.5 30.11257935 -29.74997711 -8.5 30.11257935 -24.75276947 -8.5 46.65338516 -23.54983711 -8.5 48.32876587 -23.12397575 -8.5 48.86742401 -22.23434067 -8.5 49.91589355 -22.6854763 -8.5 49.39646912 -21.77057076 -8.5 50.42570496 -20.16216469 -2.5 52.02577591 -21.29699707 -8.5 50.92259216 -20.81192207 -8.5 51.40854645 -20.31534386 -8.5 51.88355637 -19.80726433 -8.5 52.34762955 -19.28991699 -8.5 52.79862213 -18.76196289 -8.5 53.23781586 -13.66106892 -8.5 56.5779686 -11.95945644 -2.5 57.39030075 -7.30892086 -2.5 58.98820877 -9.30310249 -8.5 58.40799332 -4.71037769 -8.5 59.52470779 17.67422867 -8.5 54.08081818 18.76173973 -8.5 53.23802185 19.28966522 -8.5 52.79885101 19.80703735 -8.5 52.34783173 20.31385422 -8.5 51.88496017 20.81011963 -8.5 51.41024399 21.29582977 -8.5 50.92367935 21.77098656 -8.5 50.42526627 22.23310852 -8.5 49.91737366 22.6836853 -8.5 49.39857864 23.96334076 -8.5 47.78011703 24.36381531 -8.5 47.22238541 24.75162506 -8.5 46.6550827 25.48749542 -8.5 45.49433517 25.12676811 -8.5 46.07821655 26.16884995 -8.5 44.30093384 25.83485603 -8.5 44.90190887 -46.84999847 106.5 -17.60000038 -44.34999847 2.5 -17.60000038 46.84999847 106.5 -17.60000038 -46.84999847 2.5 -17.60000038 46.84999847 0 -17.60000038 -44.34999847 0 -17.60000038 -44.34999847 2.5 17.60000038 46.84999847 0 17.60000038 -44.34999847 0 17.60000038 46.84999847 106.5 17.60000038 -46.84999847 106.5 17.60000038 -46.84999847 2.5 17.60000038 -46.84999847 -8.5 -20.10000038 -46.84999847 -8.5 20.10000038 -46.84999847 109 20.10000038 -46.84999847 109 -20.10000038 49.34999847 -8.5 -20.10000038 49.34999847 5 6.4000001 49.34999847 -8.5 20.10000038 49.34999847 5 -11.60000038 49.34999847 100.5 6.4000001 49.34999847 100.5 -11.60000038 -38.95933914 107.5 -20.10000038 38.95933914 107.5 -20.10000038 39.55664444 109.9580307 -20.10000038 40.22538376 109.54736328 -20.10000038 41.71596146 109.06184387 -20.10000038 40.95144272 109.24588776 -20.10000038 38.95945358 110.46958923 -20.09892273 -38.9594574 110.46958923 -20.09899902 -39.55760956 109.9574585 -20.10000038 -42.49985886 109 -20.10000038 -40.95294189 109.24537659 -20.10000038 -40.22720337 109.54640961 -20.10000038 -41.71639252 109.06175995 -20.10000038 39.74996948 7.5 20.10000038 38.5 108 20.10000038 -40.97900009 109.23696136 20.10000038 -38.5 108 20.10000038 -40.26393127 109.52786255 20.10000038 39.74996948 -8.5 20.10000038 -39.74996948 7.5 20.10000038 -39.60216522 109.92537689 20.10000038 -42.5 109 20.10000038 -39.74996948 -8.5 20.10000038 -41.73032761 109.0595932 20.10000038 -39.00947952 110.42002106 20.10000038 -38.5 111 20.10000038 38.5 111 20.10000038 39.00947952 110.42002106 20.10000038 40.26393127 109.52786255 20.10000038 39.60216522 109.92537689 20.10000038 41.73032761 109.0595932 20.10000038 40.97900009 109.23696136 20.10000038 -42.49985886 109 -20 46.84999847 100.5 6.4000001 46.84999847 100.5 -11.60000038 46.84999847 5 -11.60000038 46.84999847 5 6.4000001 7.68750906 -8.5 48.87623596 -7.01324701 -8.5 47.31225586 7.01210737 -8.5 47.30871582 -14.2798996 -8.5 53.90037918 -12.65467548 -8.5 53.38099289 -15.9694252 -8.5 54.13589859 -11.14095783 -8.5 52.59262466 -9.78279209 -8.5 51.55792618 22.09910583 -8.5 24.43551445 30.2368412 -8.5 27.01811218 29.87152863 -8.5 28.54603386 -8.62059689 -8.5 50.30751038 -24.97962189 -8.5 38.84960556 -25.75732994 -8.5 40.36857605 -6.61376953 -8.5 45.65329361 6.61317015 -8.5 45.64971924 -7.6887641 -8.5 48.87879181 6.68192387 -8.5 42.25121689 6.50207615 -8.5 43.94742584 -6.68185949 -8.5 42.2517395 -6.50213051 -8.5 43.94998169 -7.88516188 -8.5 39.07225037 7.14819431 -8.5 40.60858917 -7.14744616 -8.5 40.61029434 -8.87375832 -8.5 37.68173981 8.87621593 -8.5 37.67884445 7.88691854 -8.5 39.06943893 13.02828503 -8.5 34.77202225 11.48456764 -8.5 35.49868774 12.38086796 -8.5 25.26222992 25.75871468 -8.5 40.37177658 26.26621056 -8.5 42.00040054 -8.99310589 -8.5 9.54345036 7.98505354 -8.5 10.90638447 -7.98424053 -8.5 10.90787411 20.61877441 -8.5 25.26236343 19.73085022 -8.5 34.6863327 25.7794323 -8.5 12.42313099 25.01576042 -8.5 10.90787411 7.22167921 -8.5 12.42014885 -7.22056723 -8.5 12.42313099 -23.42061234 -8.5 23.36821175 -30.83534622 -8.5 25.5691433 -24.54094505 -8.5 22.09486961 -25.42977333 -8.5 20.65093803 -31.65446281 -8.5 24.22961617 -26.06177902 -8.5 19.07785416 -32.67323685 -8.5 23.03473663 -33.86661148 -8.5 22.01398087 -19.7281208 -8.5 34.68551254 -21.29132462 -8.5 35.37265015 -22.10068512 -8.5 24.43433189 -29.87125015 -8.5 28.54731369 -30.23603058 -8.5 27.0202961 -22.71412849 -8.5 36.3151741 -23.95527458 -8.5 37.48531342 -26.26563072 -8.5 41.99824524 33.86940765 -8.5 22.01188469 26.06139946 -8.5 19.07886696 26.41893196 -8.5 17.42069054 -26.41903305 -8.5 17.41929436 14.81086636 -8.5 6.29370928 13.17010403 -8.5 6.72076225 -14.80868912 -8.5 6.29418278 -35.20521927 -8.5 21.19255066 -36.65611649 -8.5 20.59075737 -26.49078751 -8.5 15.723876 26.27583885 -8.5 14.04498482 36.65829849 -8.5 20.58994293 26.49100304 -8.5 15.72690201 35.207901 -8.5 21.19108391 30.83680916 -8.5 25.56645966 23.41827202 -8.5 23.37055206 -25.01494598 -8.5 10.90638447 -7.57159901 -8.5 20.65345192 7.57022619 -8.5 20.65093803 8.45905495 -8.5 22.09486961 -22.78090477 -8.5 8.36876011 -21.37526894 -8.5 7.41904974 -10.08469582 -8.5 36.47920227 -9.58172703 -8.5 23.37055206 10.08718204 -8.5 36.47701263 16.37335014 -8.5 34.1509285 15.65031147 -8.5 26.11376381 17.34619713 -8.5 26.11401367 21.29223824 -8.5 35.37307739 22.71521378 -8.5 36.31614304 32.67581177 -8.5 23.03216171 25.42840195 -8.5 20.65345192 10.21909523 -8.5 8.36876011 8.99363041 -8.5 9.54292488 -10.21695518 -8.5 8.37036133 16.5 -8.5 6.1500001 13.97925854 -8.5 25.82705498 14.67459488 -8.5 34.31814957 23.95726776 -8.5 37.48768616 24.98160744 -8.5 38.85282135 11.13828945 -8.5 52.59104538 9.78166199 -8.5 51.55701065 -18.07154083 -8.5 34.27438354 -19.02074242 -8.5 25.82705498 -17.34968758 -8.5 26.11376381 -20.61913109 -8.5 25.26222992 -8.46121597 -8.5 22.09775734 9.57938671 -8.5 23.36821175 18.07522202 -8.5 34.27492905 19.01833725 -8.5 25.82757759 -38.18357849 -8.5 20.22352219 -26.27506828 -8.5 14.04143906 -11.48300838 -8.5 35.49970245 -10.90089417 -8.5 24.43551445 10.89931393 -8.5 24.43433189 8.62002659 -8.5 50.30667877 12.65117931 -8.5 53.37955475 15.96720695 -8.5 54.13567734 14.27651501 -8.5 53.89953613 38.18485641 -8.5 20.22324371 24.53878403 -8.5 22.09775734 -13.1669035 -8.5 6.72195625 -11.62160301 -8.5 7.42075825 11.62473106 -8.5 7.41904974 -25.77832031 -8.5 12.42014885 -6.58106756 -8.5 17.42069054 -6.50899649 -8.5 15.72690201 6.58096743 -8.5 17.41929436 -6.93859959 -8.5 19.07886696 6.93822145 -8.5 19.07785416 -13.9816637 -8.5 25.82757759 -12.38122654 -8.5 25.26236343 -13.02778339 -8.5 34.77217102 -15.65380383 -8.5 26.11401367 -14.67206192 -8.5 34.31851196 -16.36972618 -8.5 34.15092087 31.65655518 -8.5 24.22681808 22.78304482 -8.5 8.37036133 24.00689507 -8.5 9.54345036 19.83309555 -8.5 6.72195625 21.37839699 -8.5 7.42075825 18.19131088 -8.5 6.29418278 6.50921297 -8.5 15.723876 -6.72416067 -8.5 14.04498482 6.72493172 -8.5 14.04143906 -19.82989693 -8.5 6.72076225 -18.1891346 -8.5 6.29370928 -16.5 -8.5 6.1500001 -24.00636864 -8.5 9.54292488 17.8167572 -23.5 52.04088974 18.63223648 -10.38030624 51.86061096 18.04373741 -10.4671669 51.99964142 24.47267532 -23.5 43.48936462 24.25520134 -23.5 42.18611526 24.31955719 -10.5 42.46105576 21.75166702 -9.34849358 50.18489456 22.38579178 -23.5 49.56825256 22.18946075 -9.21162033 49.77390289 22.59977341 -9.15678692 49.32616806 21.28784943 -9.52841282 50.55908585 21.41370201 -23.5 50.46312332 19.76258659 -10.09285259 51.45448303 19.09759521 -23.5 51.71653748 20.30757904 -23.5 51.18579102 20.80287552 -9.72156525 50.89427185 20.29477501 -9.913064 51.19269562 19.20593452 -10.25217533 51.67844772 22.97614288 -9.21125317 48.8467598 23.19733238 -23.5 48.52558517 23.30992889 -9.34863663 48.34815216 17.43938255 -10.5 52.0946579 23.60346794 -9.52859974 47.82976913 16.5 -23.5 52.15000153 16.5 -10.5 52.14987564 23.82618713 -23.5 47.36356354 23.85556221 -9.72209835 47.29572678 24.25520134 -23.5 46.11388397 24.06719971 -9.91361713 46.74565887 24.36878395 -10.25241756 45.59293747 24.23838234 -10.09298134 46.179142 24.47267532 -23.5 44.81063461 24.45476723 -10.3806839 44.99759674 24.4961071 -10.46783447 44.39189529 23.33657074 -10.5 39.99557877 23.93084908 -10.5 41.18689728 23.82618713 -23.5 40.9364357 24.49158287 -10.5 43.78313446 20.50734329 -10.5 37.22624207 21.60062408 -10.5 37.98712158 21.41370201 -23.5 37.83687592 22.55270386 -10.5 38.91906357 23.19733238 -23.5 39.77441406 22.38579178 -23.5 38.73174667 18.02143097 -10.5 36.29616928 17.8167572 -23.5 36.2591095 16.69731903 -10.5 36.15259933 20.30757904 -23.5 37.11420822 19.09759521 -23.5 36.58346176 19.30343246 -10.5 36.65744781 13.90240383 -23.5 36.58346176 12.83899784 -10.5 37.03697968 14.06986141 -10.5 36.52814865 15.18324375 -23.5 36.2591095 15.36777782 -10.5 36.23069 16.5 -23.5 36.15000153 11.70962811 -10.5 37.74296188 12.69242096 -23.5 37.11420822 11.58629799 -23.5 37.83687592 9.2244339 -10.5 40.8236084 9.80266857 -23.5 39.77441406 9.17381382 -23.5 40.9364357 10.71327686 -10.5 38.62618256 10.61420918 -23.5 38.73174667 9.87714005 -10.5 39.66259384 8.52732372 -23.5 43.48936462 8.52732372 -23.5 44.81063461 8.52023029 -10.5 44.71836472 8.74479771 -23.5 42.18611526 8.53650856 -10.5 43.38670349 8.77342319 -10.5 42.07662582 9.17381382 -23.5 47.36356354 9.76922226 -10.5 48.47401047 9.14553738 -10.5 47.29817581 8.72517014 -10.5 46.03448105 8.74479771 -23.5 46.11388397 9.80266857 -23.5 48.52558517 10.57993031 -10.5 49.53077698 11.55521107 -10.5 50.43869781 10.61420918 -23.5 49.56825256 11.58629799 -23.5 50.46312332 12.66697693 -10.5 51.17185974 12.69242096 -23.5 51.18579102 13.88406944 -10.5 51.71020508 15.17424297 -10.5 52.03938293 13.90240383 -23.5 51.71653748 15.18324375 -23.5 52.04088974 20.7208271 -23.5 48.55393219 21.40438271 -23.5 47.77726364 22.16012383 -23.5 41.87557602 22.46308708 -23.5 42.86485672 22.5945034 -23.5 43.89110947 21.69432831 -23.5 40.95172501 22.55059242 -23.5 44.9248085 21.07910156 -23.5 40.11988449 20.33214188 -23.5 39.40398026 22.33261681 -23.5 45.93621826 19.47493935 -23.5 38.82461548 21.94684792 -23.5 46.89624405 18.53215218 -23.5 38.39844894 17.53090477 -23.5 38.13774109 15.46909523 -23.5 38.13774109 19.01259804 -23.5 49.70849228 19.91584587 -23.5 49.20390701 15.98268414 -23.5 50.22802353 17.01731682 -23.5 50.22802353 13.08415413 -23.5 49.20390701 13.98740196 -23.5 49.70849228 13.52506065 -23.5 38.82461548 11.05315208 -23.5 46.89624405 11.59561729 -23.5 47.77726364 11.30567265 -23.5 40.95172501 10.44940758 -23.5 44.9248085 10.4054966 -23.5 43.89110947 10.66738319 -23.5 45.93621826 10.53691292 -23.5 42.86485672 12.2791729 -23.5 48.55393219 10.83987713 -23.5 41.87557602 11.92089939 -23.5 40.11988449 14.96293354 -23.5 50.05316925 12.66785812 -23.5 39.40398026 18.03706551 -23.5 50.05316925 14.46784687 -23.5 38.39844894 16.5 -23.5 38.04999924 -21.60282707 -10.5 37.98876572 -20.51046753 -10.5 37.22793961 -21.41370201 -23.5 37.83687592 -16.5 -23.5 52.15000153 -17.43938255 -10.5 52.0946579 -17.8167572 -23.5 52.04088974 -24.49158287 -10.5 43.78313446 -24.47267532 -23.5 43.48936462 -24.49625015 -10.4671669 44.39489365 -24.32002449 -10.5 42.46263885 -23.93215942 -10.5 41.19007874 -24.25520134 -23.5 42.18611526 -24.25520134 -23.5 46.11388397 -24.36859512 -10.25217533 45.59388351 -24.47267532 -23.5 44.81063461 -23.82618713 -23.5 47.36356354 -24.06663704 -9.913064 46.74728775 -24.2382679 -10.09285259 46.17957306 -24.45490646 -10.38030624 44.99817657 -23.33791733 -10.5 39.99765778 -22.55393982 -10.5 38.9202652 -23.19733238 -23.5 39.77441406 -23.82618713 -23.5 40.9364357 -22.38579178 -23.5 38.73174667 -19.09759521 -23.5 36.58346176 -18.02433968 -10.5 36.29656219 -17.8167572 -23.5 36.2591095 -16.70051384 -10.5 36.15251923 -11.71275234 -10.5 37.74055862 -10.71595573 -10.5 38.62343216 -11.58629799 -23.5 37.83687592 -10.61420918 -23.5 38.73174667 -9.87916088 -10.5 39.65968323 -12.69242096 -23.5 37.11420822 -9.22598743 -10.5 40.82027435 -9.80266857 -23.5 39.77441406 -8.77450848 -10.5 42.07291412 -9.17381382 -23.5 40.9364357 -8.74479771 -23.5 42.18611526 -8.53697968 -10.5 43.38337708 -8.52013397 -10.5 44.71522903 -8.52732372 -23.5 43.48936462 -8.72449589 -10.5 46.03120422 -8.52732372 -23.5 44.81063461 -8.74479771 -23.5 46.11388397 -9.14427948 -10.5 47.29493332 -9.76813698 -10.5 48.47197723 -9.17381382 -23.5 47.36356354 -10.57854652 -10.5 49.5290451 -9.80266857 -23.5 48.52558517 -10.61420918 -23.5 49.56825256 -11.55274296 -10.5 50.43666077 -12.66414165 -10.5 51.17023087 -11.58629799 -23.5 50.46312332 -13.88266182 -10.5 51.70962143 -12.69242096 -23.5 51.18579102 -13.90240383 -23.5 51.71653748 -15.17334557 -10.5 52.03916168 -16.5 -10.5 52.14987564 -15.18324375 -23.5 52.04088974 -12.84210873 -10.5 37.03528214 -13.90240383 -23.5 36.58346176 -14.07315159 -10.5 36.52703476 -15.18324375 -23.5 36.2591095 -15.37155437 -10.5 36.23006439 -16.5 -23.5 36.15000153 -19.30620956 -10.5 36.6583519 -20.30757904 -23.5 37.11420822 -23.85493279 -9.72156525 47.29720306 -23.60319328 -9.52841282 47.83028412 -23.30952644 -9.34849358 48.34884644 -23.19733238 -23.5 48.52558517 -22.38579178 -23.5 49.56825256 -22.97531319 -9.21162033 48.8477211 -22.18864632 -9.21125317 49.77487946 -22.60037041 -9.15678692 49.32546616 -21.41370201 -23.5 50.46312332 -21.75105095 -9.34863663 50.18540573 -20.8015213 -9.72209835 50.89513397 -21.28738594 -9.52859974 50.55944061 -20.30757904 -23.5 51.18579102 -20.29325867 -9.91361713 51.19351959 -19.76217842 -10.09298134 51.45466995 -19.09759521 -23.5 51.71653748 -18.63163948 -10.3806839 51.86056519 -19.20503426 -10.25241756 51.67878723 -18.04075432 -10.46783447 51.99998856 -12.2791729 -23.5 48.55393219 -11.59561729 -23.5 47.77726364 -10.83987713 -23.5 41.87557602 -10.53691292 -23.5 42.86485672 -10.4054966 -23.5 43.89110947 -11.30567265 -23.5 40.95172501 -10.44940758 -23.5 44.9248085 -11.92089939 -23.5 40.11988449 -12.66785812 -23.5 39.40398026 -10.66738319 -23.5 45.93621826 -13.52506065 -23.5 38.82461548 -11.05315208 -23.5 46.89624405 -14.46784687 -23.5 38.39844894 -15.46909523 -23.5 38.13774109 -17.53090477 -23.5 38.13774109 -13.98740196 -23.5 49.70849228 -13.08415413 -23.5 49.20390701 -17.01731682 -23.5 50.22802353 -15.98268414 -23.5 50.22802353 -19.91584587 -23.5 49.20390701 -19.01259804 -23.5 49.70849228 -19.47493935 -23.5 38.82461548 -21.94684792 -23.5 46.89624405 -21.40438271 -23.5 47.77726364 -21.69432831 -23.5 40.95172501 -22.55059242 -23.5 44.9248085 -22.5945034 -23.5 43.89110947 -22.33261681 -23.5 45.93621826 -22.46308708 -23.5 42.86485672 -20.7208271 -23.5 48.55393219 -22.16012383 -23.5 41.87557602 -21.07910156 -23.5 40.11988449 -18.03706551 -23.5 50.05316925 -20.33214188 -23.5 39.40398026 -14.96293354 -23.5 50.05316925 -18.53215218 -23.5 38.39844894 -16.5 -23.5 38.04999924 24.47267532 -10.5 16.81063461 24.47267532 -23.5 16.81063461 24.47267532 -23.5 15.48936558 15.18324375 -23.5 8.2591095 16.5 -10.5 8.14999962 16.5 -23.5 8.14999962 24.25520134 -10.5 18.11388397 24.25520134 -23.5 18.11388397 23.82618713 -23.5 19.36356354 23.82618713 -10.5 19.36356354 23.19733238 -10.5 20.52558517 23.19733238 -23.5 20.52558517 22.38579178 -10.5 21.56825256 22.38579178 -23.5 21.56825256 21.41370201 -23.5 22.46312332 21.41370201 -10.5 22.46312332 20.30757904 -10.5 23.18578911 20.30757904 -23.5 23.18578911 19.09759521 -10.5 23.71653748 19.09759521 -23.5 23.71653748 17.8167572 -23.5 24.04088974 17.8167572 -10.5 24.04088974 16.5 -10.5 24.14999962 16.5 -23.5 24.14999962 24.47267532 -10.5 15.48936558 24.25520134 -23.5 14.18611622 24.25520134 -10.5 14.18611622 23.82618713 -23.5 12.93643665 23.82618713 -10.5 12.93643665 23.19733238 -10.5 11.77441502 23.19733238 -23.5 11.77441502 22.38579178 -23.5 10.73174763 22.38579178 -10.5 10.73174763 21.41370201 -23.5 9.83687592 21.41370201 -10.5 9.83687592 20.30757904 -10.5 9.11421013 20.30757904 -23.5 9.11421013 19.09759521 -23.5 8.58346176 19.09759521 -10.5 8.58346176 17.8167572 -23.5 8.2591095 17.8167572 -10.5 8.2591095 11.58629799 -23.5 9.83687592 12.69242096 -10.5 9.11421013 12.69242096 -23.5 9.11421013 13.90240383 -23.5 8.58346176 13.90240383 -10.5 8.58346176 15.18324375 -10.5 8.2591095 9.80266857 -10.5 11.77441502 9.80266857 -23.5 11.77441502 9.17381382 -23.5 12.93643665 11.58629799 -10.5 9.83687592 10.61420918 -23.5 10.73174763 10.61420918 -10.5 10.73174763 8.52732372 -23.5 15.48936558 8.52732372 -23.5 16.81063461 8.52732372 -10.5 15.48936558 8.74479771 -23.5 14.18611622 8.74479771 -10.5 14.18611622 9.17381382 -10.5 12.93643665 9.80266857 -23.5 20.52558517 9.17381382 -10.5 19.36356354 9.17381382 -23.5 19.36356354 8.74479771 -10.5 18.11388397 8.52732372 -10.5 16.81063461 8.74479771 -23.5 18.11388397 11.58629799 -10.5 22.46312332 10.61420918 -10.5 21.56825256 11.58629799 -23.5 22.46312332 9.80266857 -10.5 20.52558517 10.61420918 -23.5 21.56825256 12.69242096 -23.5 23.18578911 12.69242096 -10.5 23.18578911 13.90240383 -23.5 23.71653748 13.90240383 -10.5 23.71653748 15.18324375 -10.5 24.04088974 15.18324375 -23.5 24.04088974 20.7208271 -23.5 20.55393219 21.40438271 -23.5 19.77726173 22.16012383 -23.5 13.87557507 22.46308708 -23.5 14.86485672 22.5945034 -23.5 15.89110851 21.69432831 -23.5 12.95172596 22.55059242 -23.5 16.9248085 21.07910156 -23.5 12.11988449 20.33214188 -23.5 11.40398216 22.33261681 -23.5 17.93621826 19.47493935 -23.5 10.82461357 21.94684792 -23.5 18.89624214 18.53215218 -23.5 10.39844799 17.53090477 -23.5 10.137743 15.46909523 -23.5 10.137743 19.01259804 -23.5 21.70849419 19.91584587 -23.5 21.20390892 15.98268414 -23.5 22.22802544 17.01731682 -23.5 22.22802544 13.08415413 -23.5 21.20390892 13.98740196 -23.5 21.70849419 13.52506065 -23.5 10.82461357 11.05315208 -23.5 18.89624214 11.59561729 -23.5 19.77726173 11.30567265 -23.5 12.95172596 10.44940758 -23.5 16.9248085 10.4054966 -23.5 15.89110851 10.66738319 -23.5 17.93621826 10.53691292 -23.5 14.86485672 12.2791729 -23.5 20.55393219 10.83987713 -23.5 13.87557507 11.92089939 -23.5 12.11988449 14.96293354 -23.5 22.05317116 12.66785812 -23.5 11.40398216 18.03706551 -23.5 22.05317116 14.46784687 -23.5 10.39844799 16.5 -23.5 10.05000019 -8.52732372 -10.5 16.81063461 -8.52732372 -23.5 16.81063461 -8.52732372 -23.5 15.48936558 -17.8167572 -23.5 8.2591095 -16.5 -10.5 8.14999962 -16.5 -23.5 8.14999962 -8.74479771 -10.5 18.11388397 -8.74479771 -23.5 18.11388397 -9.17381382 -23.5 19.36356354 -9.17381382 -10.5 19.36356354 -9.80266857 -10.5 20.52558517 -9.80266857 -23.5 20.52558517 -10.61420918 -10.5 21.56825256 -10.61420918 -23.5 21.56825256 -11.58629799 -23.5 22.46312332 -11.58629799 -10.5 22.46312332 -12.69242096 -10.5 23.18578911 -12.69242096 -23.5 23.18578911 -13.90240383 -10.5 23.71653748 -13.90240383 -23.5 23.71653748 -15.18324375 -23.5 24.04088974 -15.18324375 -10.5 24.04088974 -16.5 -10.5 24.14999962 -16.5 -23.5 24.14999962 -8.52732372 -10.5 15.48936558 -8.74479771 -23.5 14.18611622 -8.74479771 -10.5 14.18611622 -9.17381382 -23.5 12.93643665 -9.17381382 -10.5 12.93643665 -9.80266857 -10.5 11.77441502 -9.80266857 -23.5 11.77441502 -10.61420918 -23.5 10.73174763 -10.61420918 -10.5 10.73174763 -11.58629799 -23.5 9.83687592 -11.58629799 -10.5 9.83687592 -12.69242096 -10.5 9.11421013 -12.69242096 -23.5 9.11421013 -13.90240383 -23.5 8.58346176 -13.90240383 -10.5 8.58346176 -15.18324375 -23.5 8.2591095 -15.18324375 -10.5 8.2591095 -21.41370201 -23.5 9.83687592 -20.30757904 -10.5 9.11421013 -20.30757904 -23.5 9.11421013 -19.09759521 -23.5 8.58346176 -19.09759521 -10.5 8.58346176 -17.8167572 -10.5 8.2591095 -23.19733238 -10.5 11.77441502 -23.19733238 -23.5 11.77441502 -23.82618713 -23.5 12.93643665 -21.41370201 -10.5 9.83687592 -22.38579178 -23.5 10.73174763 -22.38579178 -10.5 10.73174763 -24.47267532 -23.5 15.48936558 -24.47267532 -23.5 16.81063461 -24.47267532 -10.5 15.48936558 -24.25520134 -23.5 14.18611622 -24.25520134 -10.5 14.18611622 -23.82618713 -10.5 12.93643665 -23.19733238 -23.5 20.52558517 -23.82618713 -10.5 19.36356354 -23.82618713 -23.5 19.36356354 -24.25520134 -10.5 18.11388397 -24.47267532 -10.5 16.81063461 -24.25520134 -23.5 18.11388397 -21.41370201 -10.5 22.46312332 -22.38579178 -10.5 21.56825256 -21.41370201 -23.5 22.46312332 -23.19733238 -10.5 20.52558517 -22.38579178 -23.5 21.56825256 -20.30757904 -23.5 23.18578911 -20.30757904 -10.5 23.18578911 -19.09759521 -23.5 23.71653748 -19.09759521 -10.5 23.71653748 -17.8167572 -10.5 24.04088974 -17.8167572 -23.5 24.04088974 -12.2791729 -23.5 20.55393219 -11.59561729 -23.5 19.77726173 -10.83987713 -23.5 13.87557507 -10.53691292 -23.5 14.86485672 -10.4054966 -23.5 15.89110851 -11.30567265 -23.5 12.95172596 -10.44940758 -23.5 16.9248085 -11.92089939 -23.5 12.11988449 -12.66785812 -23.5 11.40398216 -10.66738319 -23.5 17.93621826 -13.52506065 -23.5 10.82461357 -11.05315208 -23.5 18.89624214 -14.46784687 -23.5 10.39844799 -15.46909523 -23.5 10.137743 -17.53090477 -23.5 10.137743 -13.98740196 -23.5 21.70849419 -13.08415413 -23.5 21.20390892 -17.01731682 -23.5 22.22802544 -15.98268414 -23.5 22.22802544 -19.91584587 -23.5 21.20390892 -19.01259804 -23.5 21.70849419 -19.47493935 -23.5 10.82461357 -21.94684792 -23.5 18.89624214 -21.40438271 -23.5 19.77726173 -21.69432831 -23.5 12.95172596 -22.55059242 -23.5 16.9248085 -22.5945034 -23.5 15.89110851 -22.33261681 -23.5 17.93621826 -22.46308708 -23.5 14.86485672 -20.7208271 -23.5 20.55393219 -22.16012383 -23.5 13.87557507 -21.07910156 -23.5 12.11988449 -18.03706551 -23.5 22.05317116 -20.33214188 -23.5 11.40398216 -14.96293354 -23.5 22.05317116 -18.53215218 -23.5 10.39844799 -16.5 -23.5 10.05000019 30.79725647 -1.45271063 25.63912392 30.25080299 -1.99916434 27.0254879 29.8949604 -2.35500789 28.52801132 33.28973007 1.03976345 22.46562386 31.51935387 -0.73061496 24.41867638 36.40683746 4.15686846 20.6750164 35.32874298 3.07877588 21.12985611 34.28520584 2.03523779 21.72437477 37.50879288 5.2588253 20.35419273 38.62575531 6.37578821 20.16333199 32.35997009 0.11000215 23.36141205 -37.50951004 5.25954103 20.3543911 -38.62612915 6.37616014 20.16338539 -34.28697968 2.03701043 21.72488022 -35.33012009 3.08015275 21.13027382 -36.40787506 4.15790558 20.67531586 -32.36273956 0.11277088 23.36160851 -33.29197693 1.04201007 22.4661026 -30.8019886 -1.44797897 25.63839149 -31.52256203 -0.72740626 24.4181881 -29.89369202 -2.35627627 28.52718925 -30.23915863 -2.0108099 27.01437187 -15.63809586 -13.30000019 11.12335873 -16.5 -13.30000019 11.05000019 -16.5 -22.5 11.05000019 -13.29607773 -13.30000019 12.18201733 -14.01275539 -13.30000019 11.69762802 -14.01275539 -22.5 11.69762802 -14.80098724 -13.30000019 11.34132481 -15.63809586 -22.5 11.12335873 -14.80098724 -22.5 11.34132481 -12.15720177 -22.5 13.47603321 -11.767766 -13.30000019 14.24843216 -12.15720177 -13.30000019 13.47603321 -13.29607773 -22.5 12.18201733 -12.67157078 -22.5 12.78055859 -12.67157078 -13.30000019 12.78055859 -11.40459538 -13.30000019 15.93354988 -11.40459538 -22.5 15.93354988 -11.44130802 -13.30000019 16.79779053 -11.51446819 -13.30000019 15.07553577 -11.767766 -22.5 14.24843216 -11.51446819 -22.5 15.07553577 -12.39961433 -13.30000019 19.18262863 -11.9460783 -13.30000019 18.4460392 -11.9460783 -22.5 18.4460392 -11.62354946 -22.5 17.64339638 -11.62354946 -13.30000019 17.64339638 -11.44130802 -22.5 16.79779053 -13.6441288 -22.5 20.37539864 -14.39930344 -13.30000019 20.79726601 -13.6441288 -13.30000019 20.37539864 -12.39961433 -22.5 19.18262863 -12.9711113 -22.5 19.83197594 -12.9711113 -13.30000019 19.83197594 -16.06748962 -13.30000019 21.23162651 -16.06748962 -22.5 21.23162651 -16.93251038 -13.30000019 21.23162651 -15.21491146 -13.30000019 21.08543777 -14.39930344 -22.5 20.79726601 -15.21491146 -22.5 21.08543777 -19.3558712 -13.30000019 20.37539864 -18.60069656 -13.30000019 20.79726601 -18.60069656 -22.5 20.79726601 -17.78508759 -22.5 21.08543777 -17.78508759 -13.30000019 21.08543777 -16.93251038 -22.5 21.23162651 -20.60038567 -22.5 19.18262863 -21.05392265 -13.30000019 18.4460392 -20.60038567 -13.30000019 19.18262863 -19.3558712 -22.5 20.37539864 -20.0288887 -22.5 19.83197594 -20.0288887 -13.30000019 19.83197594 -21.55869293 -13.30000019 16.79779053 -21.55869293 -22.5 16.79779053 -21.59540558 -13.30000019 15.93354988 -21.37644958 -13.30000019 17.64339638 -21.05392265 -22.5 18.4460392 -21.37644958 -22.5 17.64339638 -21.59540558 -22.5 15.93354988 -21.48553085 -22.5 15.07553577 -21.48553085 -13.30000019 15.07553577 -21.23223495 -22.5 14.24843216 -21.23223495 -13.30000019 14.24843216 -20.84279823 -13.30000019 13.47603321 -20.84279823 -22.5 13.47603321 -20.32842827 -22.5 12.78055859 -20.32842827 -13.30000019 12.78055859 -19.70392227 -22.5 12.18201733 -19.70392227 -13.30000019 12.18201733 -18.98724365 -13.30000019 11.69762802 -18.98724365 -22.5 11.69762802 -18.19901276 -22.5 11.34132481 -18.19901276 -13.30000019 11.34132481 -17.36190414 -22.5 11.12335873 -17.36190414 -13.30000019 11.12335873 17.36190414 -13.30000019 11.12335873 16.5 -13.30000019 11.05000019 16.5 -22.5 11.05000019 19.70392227 -13.30000019 12.18201733 18.98724365 -13.30000019 11.69762802 18.98724365 -22.5 11.69762802 18.19901276 -13.30000019 11.34132481 17.36190414 -22.5 11.12335873 18.19901276 -22.5 11.34132481 20.84279823 -22.5 13.47603321 21.23223495 -13.30000019 14.24843216 20.84279823 -13.30000019 13.47603321 19.70392227 -22.5 12.18201733 20.32842827 -22.5 12.78055859 20.32842827 -13.30000019 12.78055859 21.59540558 -13.30000019 15.93354988 21.59540558 -22.5 15.93354988 21.55869293 -13.30000019 16.79779053 21.48553085 -13.30000019 15.07553577 21.23223495 -22.5 14.24843216 21.48553085 -22.5 15.07553577 20.60038567 -13.30000019 19.18262863 21.05392265 -13.30000019 18.4460392 21.05392265 -22.5 18.4460392 21.37644958 -22.5 17.64339638 21.37644958 -13.30000019 17.64339638 21.55869293 -22.5 16.79779053 19.3558712 -22.5 20.37539864 18.60069656 -13.30000019 20.79726601 19.3558712 -13.30000019 20.37539864 20.60038567 -22.5 19.18262863 20.0288887 -22.5 19.83197594 20.0288887 -13.30000019 19.83197594 16.93251038 -13.30000019 21.23162651 16.93251038 -22.5 21.23162651 16.06748962 -13.30000019 21.23162651 17.78508759 -13.30000019 21.08543777 18.60069656 -22.5 20.79726601 17.78508759 -22.5 21.08543777 13.6441288 -13.30000019 20.37539864 14.39930344 -13.30000019 20.79726601 14.39930344 -22.5 20.79726601 15.21491146 -22.5 21.08543777 15.21491146 -13.30000019 21.08543777 16.06748962 -22.5 21.23162651 12.39961433 -22.5 19.18262863 11.9460783 -13.30000019 18.4460392 12.39961433 -13.30000019 19.18262863 13.6441288 -22.5 20.37539864 12.9711113 -22.5 19.83197594 12.9711113 -13.30000019 19.83197594 11.44130802 -13.30000019 16.79779053 11.44130802 -22.5 16.79779053 11.40459538 -13.30000019 15.93354988 11.62354946 -13.30000019 17.64339638 11.9460783 -22.5 18.4460392 11.62354946 -22.5 17.64339638 11.40459538 -22.5 15.93354988 11.51446819 -22.5 15.07553577 11.51446819 -13.30000019 15.07553577 11.767766 -22.5 14.24843216 11.767766 -13.30000019 14.24843216 12.15720177 -13.30000019 13.47603321 12.15720177 -22.5 13.47603321 12.67157078 -22.5 12.78055859 12.67157078 -13.30000019 12.78055859 13.29607773 -22.5 12.18201733 13.29607773 -13.30000019 12.18201733 14.01275539 -13.30000019 11.69762802 14.01275539 -22.5 11.69762802 14.80098724 -22.5 11.34132481 14.80098724 -13.30000019 11.34132481 15.63809586 -22.5 11.12335873 15.63809586 -13.30000019 11.12335873 -15.63809586 -13.30000019 39.12335968 -16.5 -13.30000019 39.04999924 -16.5 -22.5 39.04999924 -13.29607773 -13.30000019 40.18201828 -14.01275539 -13.30000019 39.69762802 -14.01275539 -22.5 39.69762802 -14.80098724 -13.30000019 39.34132385 -15.63809586 -22.5 39.12335968 -14.80098724 -22.5 39.34132385 -12.15720177 -22.5 41.47603226 -11.767766 -13.30000019 42.24843216 -12.15720177 -13.30000019 41.47603226 -13.29607773 -22.5 40.18201828 -12.67157078 -22.5 40.78055954 -12.67157078 -13.30000019 40.78055954 -11.40459538 -13.30000019 43.93354797 -11.40459538 -22.5 43.93354797 -11.44130802 -13.30000019 44.79779053 -11.51446819 -13.30000019 43.07553482 -11.767766 -22.5 42.24843216 -11.51446819 -22.5 43.07553482 -12.39961433 -13.30000019 47.18262863 -11.9460783 -13.30000019 46.44603729 -11.9460783 -22.5 46.44603729 -11.62354946 -22.5 45.64339447 -11.62354946 -13.30000019 45.64339447 -11.44130802 -22.5 44.79779053 -13.6441288 -22.5 48.37540054 -14.39930344 -13.30000019 48.7972641 -13.6441288 -13.30000019 48.37540054 -12.39961433 -22.5 47.18262863 -12.9711113 -22.5 47.83197784 -12.9711113 -13.30000019 47.83197784 -16.06748962 -13.30000019 49.23162842 -16.06748962 -22.5 49.23162842 -16.93251038 -13.30000019 49.23162842 -15.21491146 -13.30000019 49.08543777 -14.39930344 -22.5 48.7972641 -15.21491146 -22.5 49.08543777 -19.3558712 -13.30000019 48.37540054 -18.60069656 -13.30000019 48.7972641 -18.60069656 -22.5 48.7972641 -17.78508759 -22.5 49.08543777 -17.78508759 -13.30000019 49.08543777 -16.93251038 -22.5 49.23162842 -20.60038567 -22.5 47.18262863 -21.05392265 -13.30000019 46.44603729 -20.60038567 -13.30000019 47.18262863 -19.3558712 -22.5 48.37540054 -20.0288887 -22.5 47.83197784 -20.0288887 -13.30000019 47.83197784 -21.55869293 -13.30000019 44.79779053 -21.55869293 -22.5 44.79779053 -21.59540558 -13.30000019 43.93354797 -21.37644958 -13.30000019 45.64339447 -21.05392265 -22.5 46.44603729 -21.37644958 -22.5 45.64339447 -21.59540558 -22.5 43.93354797 -21.48553085 -22.5 43.07553482 -21.48553085 -13.30000019 43.07553482 -21.23223495 -22.5 42.24843216 -21.23223495 -13.30000019 42.24843216 -20.84279823 -13.30000019 41.47603226 -20.84279823 -22.5 41.47603226 -20.32842827 -22.5 40.78055954 -20.32842827 -13.30000019 40.78055954 -19.70392227 -22.5 40.18201828 -19.70392227 -13.30000019 40.18201828 -18.98724365 -13.30000019 39.69762802 -18.98724365 -22.5 39.69762802 -18.19901276 -22.5 39.34132385 -18.19901276 -13.30000019 39.34132385 -17.36190414 -22.5 39.12335968 -17.36190414 -13.30000019 39.12335968 17.36190414 -13.30000019 39.12335968 16.5 -13.30000019 39.04999924 16.5 -22.5 39.04999924 19.70392227 -13.30000019 40.18201828 18.98724365 -13.30000019 39.69762802 18.98724365 -22.5 39.69762802 18.19901276 -13.30000019 39.34132385 17.36190414 -22.5 39.12335968 18.19901276 -22.5 39.34132385 20.84279823 -22.5 41.47603226 21.23223495 -13.30000019 42.24843216 20.84279823 -13.30000019 41.47603226 19.70392227 -22.5 40.18201828 20.32842827 -22.5 40.78055954 20.32842827 -13.30000019 40.78055954 21.59540558 -13.30000019 43.93354797 21.59540558 -22.5 43.93354797 21.55869293 -13.30000019 44.79779053 21.48553085 -13.30000019 43.07553482 21.23223495 -22.5 42.24843216 21.48553085 -22.5 43.07553482 20.60038567 -13.30000019 47.18262863 21.05392265 -13.30000019 46.44603729 21.05392265 -22.5 46.44603729 21.37644958 -22.5 45.64339447 21.37644958 -13.30000019 45.64339447 21.55869293 -22.5 44.79779053 19.3558712 -22.5 48.37540054 18.60069656 -13.30000019 48.7972641 19.3558712 -13.30000019 48.37540054 20.60038567 -22.5 47.18262863 20.0288887 -22.5 47.83197784 20.0288887 -13.30000019 47.83197784 16.93251038 -13.30000019 49.23162842 16.93251038 -22.5 49.23162842 16.06748962 -13.30000019 49.23162842 17.78508759 -13.30000019 49.08543777 18.60069656 -22.5 48.7972641 17.78508759 -22.5 49.08543777 13.6441288 -13.30000019 48.37540054 14.39930344 -13.30000019 48.7972641 14.39930344 -22.5 48.7972641 15.21491146 -22.5 49.08543777 15.21491146 -13.30000019 49.08543777 16.06748962 -22.5 49.23162842 12.39961433 -22.5 47.18262863 11.9460783 -13.30000019 46.44603729 12.39961433 -13.30000019 47.18262863 13.6441288 -22.5 48.37540054 12.9711113 -22.5 47.83197784 12.9711113 -13.30000019 47.83197784 11.44130802 -13.30000019 44.79779053 11.44130802 -22.5 44.79779053 11.40459538 -13.30000019 43.93354797 11.62354946 -13.30000019 45.64339447 11.9460783 -22.5 46.44603729 11.62354946 -22.5 45.64339447 11.40459538 -22.5 43.93354797 11.51446819 -22.5 43.07553482 11.51446819 -13.30000019 43.07553482 11.767766 -22.5 42.24843216 11.767766 -13.30000019 42.24843216 12.15720177 -13.30000019 41.47603226 12.15720177 -22.5 41.47603226 12.67157078 -22.5 40.78055954 12.67157078 -13.30000019 40.78055954 13.29607773 -22.5 40.18201828 13.29607773 -13.30000019 40.18201828 14.01275539 -13.30000019 39.69762802 14.01275539 -22.5 39.69762802 14.80098724 -22.5 39.34132385 14.80098724 -13.30000019 39.34132385 15.63809586 -22.5 39.12335968 15.63809586 -13.30000019 39.12335968 -16.45875549 109 -48.63038635 -7.5 109 -50 -20.68212891 109 -46.94784164 -24.60364151 109 -44.64596939 -12.03719997 109 -49.65488052 7.5 109 -50 33.70644379 109 -34.60058594 -33.69956589 109 -34.61396408 31.19869614 109 -38.39374924 28.14587593 109 -41.76496887 -31.1883812 109 -38.40750504 -28.13287926 109 -41.77729034 36.87069321 109 -26.11233521 -36.87069321 109 -26.11233521 35.61183929 109 -30.47295952 -35.60838318 109 -30.48388863 -37.45730209 109 -21.60000038 37.45730209 109 -21.60000038 24.61792755 109 -44.63640213 20.69585609 109 -46.94168854 12.03719997 109 -49.65488052 16.46985435 109 -48.6275177 37.5 114 21.10000038 37.5 114 -20 4.34093904 119 -50 2.89395928 119 -50 1.44697964 119 -50 -1.44697964 119 -50 -2.89395928 119 -50 -4.34093904 119 -50 -37.5 114 21.10000038 -37.5 114 -20 37.46127319 114 -21.52380943 37.46035767 108.99796295 -21.52375603 -37.46127701 114 -21.52380943 -37.46035767 108.99795532 -21.52375793 -23.00380898 126 -26.0647068 -24.02004433 126 -24.94989204 -23.78910637 126 -24.76342392 -21.84944916 126 -22.70217133 -23.28927803 126 -23.13131142 -23.376194 126 -22.84750175 -21.76110077 126 -23.76838303 -23.25157738 126 -23.42572784 -21.76110077 126 -23.23161697 -22.27920914 126 -21.72241783 -22.02373695 126 -22.19449043 -23.50982475 126 -22.58246231 -23.26417351 126 -23.7222805 -21.84944916 126 -24.29782867 -23.32670784 126 -24.01243973 -23.68632317 126 -22.34381866 -23.90061569 126 -22.13843727 -22.60889816 126 -21.29883575 -22.02373695 126 -24.80550957 -23.43737984 126 -24.28785706 -23.45317078 126 -20.64171028 -23.00380898 126 -20.9352932 -24.14653397 126 -21.97222519 -22.27920914 126 -25.27758217 -23.59300423 126 -24.54060745 -24.41700554 126 -21.84996414 -24.70424843 126 -21.77517128 -23.94472694 126 -20.42609406 -22.60889816 126 -25.70116425 -25.29575157 126 -21.77517128 -26.05527306 126 -20.42609406 -25.53493309 126 -20.29432487 -23.45317078 126 -26.35828972 -24.2791729 126 -25.09465027 -25 126 -26.75 -25.53493309 126 -26.70567513 -25.1484108 126 -25.24369621 -26.54682922 126 -26.35828972 -26.99619102 126 -26.0647068 -25.97995567 126 -24.94989204 -25.58299446 126 -21.84996414 -25.85346603 126 -21.97222519 -26.54682922 126 -20.64171028 -27.97626305 126 -24.80550957 -26.56262016 126 -24.28785706 -27.72079086 126 -25.27758217 -27.39110184 126 -21.29883575 -26.31367683 126 -22.34381866 -27.72079086 126 -21.72241783 -26.74842262 126 -23.42572784 -28.23889923 126 -23.76838303 -28.23889923 126 -23.23161697 -26.71072197 126 -23.13131142 -28.15055084 126 -22.70217133 -28.15055084 126 -24.29782867 -26.67329216 126 -24.01243973 -26.73582649 126 -23.7222805 -26.623806 126 -22.84750175 -27.97626305 126 -22.19449043 -26.40699577 126 -24.54060745 -27.39110184 126 -25.70116425 -26.49017525 126 -22.58246231 -26.09938431 126 -22.13843727 -26.99619102 126 -20.9352932 -26.21089363 126 -24.76342392 -25.7208271 126 -25.09465027 -26.05527306 126 -26.57390594 -25.44096184 126 -25.19353294 -24.8515892 126 -25.24369621 -24.46506691 126 -26.70567513 -23.94472694 126 -26.57390594 -24.55903816 126 -25.19353294 -25 126 -20.25 -24.46506691 126 -20.29432487 -25 126 -21.75 -21.76110077 120.5 -23.76838303 -25 120.5 -20.25 -21.84944916 120.5 -24.29782867 -22.02373695 120.5 -24.80550957 -22.27920914 120.5 -25.27758217 -22.60889816 120.5 -25.70116425 -23.00380898 120.5 -26.0647068 -23.45317078 120.5 -26.35828972 -23.94472694 120.5 -26.57390594 -24.46506691 120.5 -26.70567513 -25 120.5 -26.75 -21.76110077 120.5 -23.23161697 -21.84944916 120.5 -22.70217133 -22.02373695 120.5 -22.19449043 -22.27920914 120.5 -21.72241783 -22.60889816 120.5 -21.29883575 -23.00380898 120.5 -20.9352932 -23.45317078 120.5 -20.64171028 -23.94472694 120.5 -20.42609406 -24.46506691 120.5 -20.29432487 -26.54682922 120.5 -20.64171028 -26.05527306 120.5 -20.42609406 -25.53493309 120.5 -20.29432487 -27.72079086 120.5 -21.72241783 -26.99619102 120.5 -20.9352932 -27.39110184 120.5 -21.29883575 -28.23889923 120.5 -23.23161697 -28.15055084 120.5 -22.70217133 -27.97626305 120.5 -22.19449043 -27.97626305 120.5 -24.80550957 -28.15055084 120.5 -24.29782867 -28.23889923 120.5 -23.76838303 -26.99619102 120.5 -26.0647068 -27.39110184 120.5 -25.70116425 -27.72079086 120.5 -25.27758217 -26.54682922 120.5 -26.35828972 -26.05527306 120.5 -26.57390594 -25.53493309 120.5 -26.70567513 -23.59300423 117 -24.54060745 -25.85346603 117 -21.97222519 -23.43737984 117 -24.28785706 -23.90061569 117 -22.13843727 -23.50982475 117 -22.58246231 -24.14653397 117 -21.97222519 -23.68632317 117 -22.34381866 -24.41700554 117 -21.84996414 -23.376194 117 -22.84750175 -23.28927803 117 -23.13131142 -24.70424843 117 -21.77517128 -23.25157738 117 -23.42572784 -25 117 -21.75 -23.32670784 117 -24.01243973 -25.58299446 117 -21.84996414 -25.29575157 117 -21.77517128 -23.26417351 117 -23.7222805 -24.02004433 117 -24.94989204 -24.2791729 117 -25.09465027 -26.49017525 117 -22.58246231 -26.31367683 117 -22.34381866 -26.09938431 117 -22.13843727 -23.78910637 117 -24.76342392 -24.55903816 117 -25.19353294 -26.71072197 117 -23.13131142 -26.623806 117 -22.84750175 -25.44096184 117 -25.19353294 -26.67329216 117 -24.01243973 -26.73582649 117 -23.7222805 -25.1484108 117 -25.24369621 -26.74842262 117 -23.42572784 -24.8515892 117 -25.24369621 -25.97995567 117 -24.94989204 -26.21089363 117 -24.76342392 -26.40699577 117 -24.54060745 -26.56262016 117 -24.28785706 -25.7208271 117 -25.09465027 26.99619102 126 -26.0647068 25.97995567 126 -24.94989204 26.21089363 126 -24.76342392 28.15055084 126 -22.70217133 26.71072197 126 -23.13131142 26.623806 126 -22.84750175 28.23889923 126 -23.76838303 26.74842262 126 -23.42572784 28.23889923 126 -23.23161697 27.72079086 126 -21.72241783 27.97626305 126 -22.19449043 26.49017525 126 -22.58246231 26.73582649 126 -23.7222805 28.15055084 126 -24.29782867 26.67329216 126 -24.01243973 26.31367683 126 -22.34381866 26.09938431 126 -22.13843727 27.39110184 126 -21.29883575 27.97626305 126 -24.80550957 26.56262016 126 -24.28785706 26.54682922 126 -20.64171028 26.99619102 126 -20.9352932 25.85346603 126 -21.97222519 27.72079086 126 -25.27758217 26.40699577 126 -24.54060745 25.58299446 126 -21.84996414 25.29575157 126 -21.77517128 26.05527306 126 -20.42609406 27.39110184 126 -25.70116425 24.70424843 126 -21.77517128 23.94472694 126 -20.42609406 24.46506691 126 -20.29432487 26.54682922 126 -26.35828972 25.7208271 126 -25.09465027 25 126 -26.75 24.46506691 126 -26.70567513 24.8515892 126 -25.24369621 23.45317078 126 -26.35828972 23.00380898 126 -26.0647068 24.02004433 126 -24.94989204 24.41700554 126 -21.84996414 24.14653397 126 -21.97222519 23.45317078 126 -20.64171028 22.02373695 126 -24.80550957 23.43737984 126 -24.28785706 22.27920914 126 -25.27758217 22.60889816 126 -21.29883575 23.68632317 126 -22.34381866 22.27920914 126 -21.72241783 23.25157738 126 -23.42572784 21.76110077 126 -23.76838303 21.76110077 126 -23.23161697 23.28927803 126 -23.13131142 21.84944916 126 -22.70217133 21.84944916 126 -24.29782867 23.32670784 126 -24.01243973 23.26417351 126 -23.7222805 23.376194 126 -22.84750175 22.02373695 126 -22.19449043 23.59300423 126 -24.54060745 22.60889816 126 -25.70116425 23.50982475 126 -22.58246231 23.90061569 126 -22.13843727 23.00380898 126 -20.9352932 23.78910637 126 -24.76342392 24.2791729 126 -25.09465027 23.94472694 126 -26.57390594 24.55903816 126 -25.19353294 25.1484108 126 -25.24369621 25.53493309 126 -26.70567513 26.05527306 126 -26.57390594 25.44096184 126 -25.19353294 25 126 -20.25 25.53493309 126 -20.29432487 25 126 -21.75 28.23889923 120.5 -23.76838303 25 120.5 -20.25 28.15055084 120.5 -24.29782867 27.97626305 120.5 -24.80550957 27.72079086 120.5 -25.27758217 27.39110184 120.5 -25.70116425 26.99619102 120.5 -26.0647068 26.54682922 120.5 -26.35828972 26.05527306 120.5 -26.57390594 25.53493309 120.5 -26.70567513 25 120.5 -26.75 28.23889923 120.5 -23.23161697 28.15055084 120.5 -22.70217133 27.97626305 120.5 -22.19449043 27.72079086 120.5 -21.72241783 27.39110184 120.5 -21.29883575 26.99619102 120.5 -20.9352932 26.54682922 120.5 -20.64171028 26.05527306 120.5 -20.42609406 25.53493309 120.5 -20.29432487 23.45317078 120.5 -20.64171028 23.94472694 120.5 -20.42609406 24.46506691 120.5 -20.29432487 22.27920914 120.5 -21.72241783 23.00380898 120.5 -20.9352932 22.60889816 120.5 -21.29883575 21.76110077 120.5 -23.23161697 21.84944916 120.5 -22.70217133 22.02373695 120.5 -22.19449043 22.02373695 120.5 -24.80550957 21.84944916 120.5 -24.29782867 21.76110077 120.5 -23.76838303 23.00380898 120.5 -26.0647068 22.60889816 120.5 -25.70116425 22.27920914 120.5 -25.27758217 23.45317078 120.5 -26.35828972 23.94472694 120.5 -26.57390594 24.46506691 120.5 -26.70567513 26.40699577 117 -24.54060745 24.14653397 117 -21.97222519 26.56262016 117 -24.28785706 26.09938431 117 -22.13843727 26.49017525 117 -22.58246231 25.85346603 117 -21.97222519 26.31367683 117 -22.34381866 25.58299446 117 -21.84996414 26.623806 117 -22.84750175 26.71072197 117 -23.13131142 25.29575157 117 -21.77517128 26.74842262 117 -23.42572784 25 117 -21.75 26.67329216 117 -24.01243973 24.41700554 117 -21.84996414 24.70424843 117 -21.77517128 26.73582649 117 -23.7222805 25.97995567 117 -24.94989204 25.7208271 117 -25.09465027 23.50982475 117 -22.58246231 23.68632317 117 -22.34381866 23.90061569 117 -22.13843727 26.21089363 117 -24.76342392 25.44096184 117 -25.19353294 23.28927803 117 -23.13131142 23.376194 117 -22.84750175 24.55903816 117 -25.19353294 23.32670784 117 -24.01243973 23.26417351 117 -23.7222805 24.8515892 117 -25.24369621 23.25157738 117 -23.42572784 25.1484108 117 -25.24369621 24.02004433 117 -24.94989204 23.78910637 117 -24.76342392 23.59300423 117 -24.54060745 23.43737984 117 -24.28785706 24.2791729 117 -25.09465027 32.99619293 126 31.4352932 31.97995567 126 32.55010986 32.21089172 126 32.73657608 34.15055084 126 34.79782867 32.71072006 126 34.36869049 32.623806 126 34.65250015 34.23889923 126 33.73161697 32.74842453 126 34.07427216 34.23889923 126 34.26838303 33.72079086 126 35.77758026 33.97626495 126 35.30551147 32.49017715 126 34.91753769 32.73582458 126 33.77771759 34.15055084 126 33.20217133 32.67329025 126 33.48756027 32.31367493 126 35.15618134 32.09938431 126 35.36156082 33.39110184 126 36.20116425 33.97626495 126 32.69448853 32.56262207 126 33.21214294 32.54682922 126 36.85828781 32.99619293 126 36.5647049 31.85346603 126 35.52777481 33.72079086 126 32.22241974 32.40699387 126 32.95939255 31.58299446 126 35.65003586 31.29575157 126 35.72482681 32.05527496 126 37.07390594 33.39110184 126 31.79883575 30.70424843 126 35.72482681 29.94472694 126 37.07390594 30.46506691 126 37.20567322 32.54682922 126 31.14171028 31.7208271 126 32.40534973 31 126 30.75 30.46506691 126 30.79432487 30.8515892 126 32.25630569 29.45317078 126 31.14171028 29.00380898 126 31.4352932 30.02004433 126 32.55010986 30.41700554 126 35.65003586 30.14653397 126 35.52777481 29.45317078 126 36.85828781 28.02373695 126 32.69448853 29.43737984 126 33.21214294 28.27920914 126 32.22241974 28.60889816 126 36.20116425 29.68632317 126 35.15618134 28.27920914 126 35.77758026 29.25157738 126 34.07427216 27.76110077 126 33.73161697 27.76110077 126 34.26838303 29.28927803 126 34.36869049 27.84944916 126 34.79782867 27.84944916 126 33.20217133 29.32670784 126 33.48756027 29.26417351 126 33.77771759 29.376194 126 34.65250015 28.02373695 126 35.30551147 29.59300423 126 32.95939255 28.60889816 126 31.79883575 29.50982475 126 34.91753769 29.90061569 126 35.36156082 29.00380898 126 36.5647049 29.78910637 126 32.73657608 30.2791729 126 32.40534973 29.94472694 126 30.92609406 30.55903816 126 32.30646896 31.1484108 126 32.25630569 31.53493309 126 30.79432487 32.05527496 126 30.92609406 31.44096184 126 32.30646896 31 126 37.25 31.53493309 126 37.20567322 31 126 35.75 34.23889923 120.5 33.73161697 31 120.5 37.25 34.15055084 120.5 33.20217133 33.97626495 120.5 32.69448853 33.72079086 120.5 32.22241974 33.39110184 120.5 31.79883575 32.99619293 120.5 31.4352932 32.54682922 120.5 31.14171028 32.05527496 120.5 30.92609406 31.53493309 120.5 30.79432487 31 120.5 30.75 34.23889923 120.5 34.26838303 34.15055084 120.5 34.79782867 33.97626495 120.5 35.30551147 33.72079086 120.5 35.77758026 33.39110184 120.5 36.20116425 32.99619293 120.5 36.5647049 32.54682922 120.5 36.85828781 32.05527496 120.5 37.07390594 31.53493309 120.5 37.20567322 29.45317078 120.5 36.85828781 29.94472694 120.5 37.07390594 30.46506691 120.5 37.20567322 28.27920914 120.5 35.77758026 29.00380898 120.5 36.5647049 28.60889816 120.5 36.20116425 27.76110077 120.5 34.26838303 27.84944916 120.5 34.79782867 28.02373695 120.5 35.30551147 28.02373695 120.5 32.69448853 27.84944916 120.5 33.20217133 27.76110077 120.5 33.73161697 29.00380898 120.5 31.4352932 28.60889816 120.5 31.79883575 28.27920914 120.5 32.22241974 29.45317078 120.5 31.14171028 29.94472694 120.5 30.92609406 30.46506691 120.5 30.79432487 32.40699387 117 32.95939255 30.14653397 117 35.52777481 32.56262207 117 33.21214294 32.09938431 117 35.36156082 32.49017715 117 34.91753769 31.85346603 117 35.52777481 32.31367493 117 35.15618134 31.58299446 117 35.65003586 32.623806 117 34.65250015 32.71072006 117 34.36869049 31.29575157 117 35.72482681 32.74842453 117 34.07427216 31 117 35.75 32.67329025 117 33.48756027 30.41700554 117 35.65003586 30.70424843 117 35.72482681 32.73582458 117 33.77771759 31.97995567 117 32.55010986 31.7208271 117 32.40534973 29.50982475 117 34.91753769 29.68632317 117 35.15618134 29.90061569 117 35.36156082 32.21089172 117 32.73657608 31.44096184 117 32.30646896 29.28927803 117 34.36869049 29.376194 117 34.65250015 30.55903816 117 32.30646896 29.32670784 117 33.48756027 29.26417351 117 33.77771759 30.8515892 117 32.25630569 29.25157738 117 34.07427216 31.1484108 117 32.25630569 30.02004433 117 32.55010986 29.78910637 117 32.73657608 29.59300423 117 32.95939255 29.43737984 117 33.21214294 30.2791729 117 32.40534973 -29.00380898 126 31.4352932 -30.02004433 126 32.55010986 -29.78910637 126 32.73657608 -27.84944916 126 34.79782867 -29.28927803 126 34.36869049 -29.376194 126 34.65250015 -27.76110077 126 33.73161697 -29.25157738 126 34.07427216 -27.76110077 126 34.26838303 -28.27920914 126 35.77758026 -28.02373695 126 35.30551147 -29.50982475 126 34.91753769 -29.26417351 126 33.77771759 -27.84944916 126 33.20217133 -29.32670784 126 33.48756027 -29.68632317 126 35.15618134 -29.90061569 126 35.36156082 -28.60889816 126 36.20116425 -28.02373695 126 32.69448853 -29.43737984 126 33.21214294 -29.45317078 126 36.85828781 -29.00380898 126 36.5647049 -30.14653397 126 35.52777481 -28.27920914 126 32.22241974 -29.59300423 126 32.95939255 -30.41700554 126 35.65003586 -30.70424843 126 35.72482681 -29.94472694 126 37.07390594 -28.60889816 126 31.79883575 -31.29575157 126 35.72482681 -32.05527496 126 37.07390594 -31.53493309 126 37.20567322 -29.45317078 126 31.14171028 -30.2791729 126 32.40534973 -31 126 30.75 -31.53493309 126 30.79432487 -31.1484108 126 32.25630569 -32.54682922 126 31.14171028 -32.99619293 126 31.4352932 -31.97995567 126 32.55010986 -31.58299446 126 35.65003586 -31.85346603 126 35.52777481 -32.54682922 126 36.85828781 -33.97626495 126 32.69448853 -32.56262207 126 33.21214294 -33.72079086 126 32.22241974 -33.39110184 126 36.20116425 -32.31367493 126 35.15618134 -33.72079086 126 35.77758026 -32.74842453 126 34.07427216 -34.23889923 126 33.73161697 -34.23889923 126 34.26838303 -32.71072006 126 34.36869049 -34.15055084 126 34.79782867 -34.15055084 126 33.20217133 -32.67329025 126 33.48756027 -32.73582458 126 33.77771759 -32.623806 126 34.65250015 -33.97626495 126 35.30551147 -32.40699387 126 32.95939255 -33.39110184 126 31.79883575 -32.49017715 126 34.91753769 -32.09938431 126 35.36156082 -32.99619293 126 36.5647049 -32.21089172 126 32.73657608 -31.7208271 126 32.40534973 -32.05527496 126 30.92609406 -31.44096184 126 32.30646896 -30.8515892 126 32.25630569 -30.46506691 126 30.79432487 -29.94472694 126 30.92609406 -30.55903816 126 32.30646896 -31 126 37.25 -30.46506691 126 37.20567322 -31 126 35.75 -27.76110077 120.5 33.73161697 -31 120.5 37.25 -27.84944916 120.5 33.20217133 -28.02373695 120.5 32.69448853 -28.27920914 120.5 32.22241974 -28.60889816 120.5 31.79883575 -29.00380898 120.5 31.4352932 -29.45317078 120.5 31.14171028 -29.94472694 120.5 30.92609406 -30.46506691 120.5 30.79432487 -31 120.5 30.75 -27.76110077 120.5 34.26838303 -27.84944916 120.5 34.79782867 -28.02373695 120.5 35.30551147 -28.27920914 120.5 35.77758026 -28.60889816 120.5 36.20116425 -29.00380898 120.5 36.5647049 -29.45317078 120.5 36.85828781 -29.94472694 120.5 37.07390594 -30.46506691 120.5 37.20567322 -32.54682922 120.5 36.85828781 -32.05527496 120.5 37.07390594 -31.53493309 120.5 37.20567322 -33.72079086 120.5 35.77758026 -32.99619293 120.5 36.5647049 -33.39110184 120.5 36.20116425 -34.23889923 120.5 34.26838303 -34.15055084 120.5 34.79782867 -33.97626495 120.5 35.30551147 -33.97626495 120.5 32.69448853 -34.15055084 120.5 33.20217133 -34.23889923 120.5 33.73161697 -32.99619293 120.5 31.4352932 -33.39110184 120.5 31.79883575 -33.72079086 120.5 32.22241974 -32.54682922 120.5 31.14171028 -32.05527496 120.5 30.92609406 -31.53493309 120.5 30.79432487 -29.59300423 117 32.95939255 -31.85346603 117 35.52777481 -29.43737984 117 33.21214294 -29.90061569 117 35.36156082 -29.50982475 117 34.91753769 -30.14653397 117 35.52777481 -29.68632317 117 35.15618134 -30.41700554 117 35.65003586 -29.376194 117 34.65250015 -29.28927803 117 34.36869049 -30.70424843 117 35.72482681 -29.25157738 117 34.07427216 -31 117 35.75 -29.32670784 117 33.48756027 -31.58299446 117 35.65003586 -31.29575157 117 35.72482681 -29.26417351 117 33.77771759 -30.02004433 117 32.55010986 -30.2791729 117 32.40534973 -32.49017715 117 34.91753769 -32.31367493 117 35.15618134 -32.09938431 117 35.36156082 -29.78910637 117 32.73657608 -30.55903816 117 32.30646896 -32.71072006 117 34.36869049 -32.623806 117 34.65250015 -31.44096184 117 32.30646896 -32.67329025 117 33.48756027 -32.73582458 117 33.77771759 -31.1484108 117 32.25630569 -32.74842453 117 34.07427216 -30.8515892 117 32.25630569 -31.97995567 117 32.55010986 -32.21089172 117 32.73657608 -32.40699387 117 32.95939255 -32.56262207 117 33.21214294 -31.7208271 117 32.40534973 10.8820076 119.13388824 -21.01618385 11.03873634 119.0340271 -20.83278275 10.64419079 119.49980164 -21.29446983 10.74734688 119.29289246 -21.17375946 10.57923794 119.74099731 -21.37047577 7.0146594 119.74141693 -19.05427933 7.21529961 119.1341095 -18.63393784 7.31919909 119.03413391 -18.4162674 7.05767393 119.50016785 -18.96416473 7.1261692 119.29289246 -18.82066536 27.5 104 32 27.5 104 37 27.5 76 37 27.5 76 32 21.73657608 76.78910828 37 22.5 71 37 21.95939255 76.59300232 37 24.76995277 71.54496765 37 24.04508591 71.24472046 37 23.28217316 71.06156158 37 21.40534973 77.2791748 37 -22.5 71 37 25.4389267 71.95491791 37 22.7777195 76.26417542 37 22.48756027 76.32670593 37 22.21214294 76.43737793 37 26.03553391 72.46446228 37 23.07427216 76.25157928 37 -21.63843727 76.90061188 37 -21.84381866 76.68632507 37 26.95503235 73.73004913 37 26.54508591 73.0610733 37 -27.43844223 75.21782684 37 -24.04060745 76.59300232 37 -27.5 76 37 -24.04508591 71.24472046 37 -24.76995277 71.54496765 37 -23.28217316 71.06156158 37 -27.25528336 74.45491791 37 -26.95503235 73.73004913 37 -23.2222805 76.26417542 37 -25.4389267 71.95491791 37 -24.26342392 76.78910828 37 -24.44989204 77.02004242 37 -23.51243973 76.32670593 37 -23.78785706 76.43737793 37 -24.74369621 77.85159302 37 -24.74369621 78.14840698 37 -24.59465027 77.2791748 37 -24.69353294 77.55903625 37 24.36156273 100.90061188 37 24.36156273 79.09938812 37 -27.73695946 105.52099609 37 -27.55959511 104.76967621 37 -23.51243973 103.67329407 37 21.55010796 102.97995758 37 -21.47222519 102.85346985 37 21.40534973 102.7208252 37 27.55959511 104.76967621 37 23.91753769 103.49017334 37 24.52777481 102.85346985 37 24.65003586 102.58299255 37 22.7777195 103.73582458 37 28.42537498 106.89783478 37 22.48756027 103.67329407 37 23.36868858 103.71072388 37 27.73695946 105.52099609 37 23.07427216 103.74842072 37 28.92001724 107.49051666 37 24.15618134 103.31367493 37 21.73657608 103.21089172 37 21.95939255 103.40699768 37 -21.84381866 103.31367493 37 24.36156273 103.09938812 37 24.72482872 102.29575348 37 24.75 102 37 -21.34996414 102.58299255 37 21.30646706 102.44096375 37 22.21214294 103.56262207 37 -22.34750175 103.62380219 37 -22.08246231 103.49017334 37 23.65249825 103.62380219 37 29.5 108 37 28.02786446 106.23606873 37 -21.27517128 102.29575348 37 -29.5 108 37 -28.92001724 107.49051666 37 -22.63131142 103.71072388 37 22.21214294 100.43737793 37 21.95939255 79.40699768 37 22.21214294 79.56262207 37 21.25630379 102.14840698 37 -28.42537498 106.89783478 37 -22.92572784 103.74842072 37 -21.25 102 37 -28.02786446 106.23606873 37 -21.34996414 101.41700745 37 21.30646706 101.55903625 37 -21.27517128 101.70424652 37 21.25630379 101.85159302 37 21.73657608 100.78910828 37 -21.63843727 100.90061188 37 -21.84381866 100.68632507 37 21.40534973 101.2791748 37 -21.47222519 101.14653015 37 21.55010796 101.02004242 37 21.95939255 100.59300232 37 23.91753769 79.49017334 37 23.91753769 100.50982666 37 23.65249825 79.62380219 37 -21.84381866 79.31367493 37 -21.63843727 79.09938812 37 -21.47222519 78.85346985 37 21.55010796 78.97995758 37 23.65249825 76.37619781 37 23.36868858 76.28927612 37 27.25528336 74.45491791 37 24.15618134 100.68632507 37 24.15618134 79.31367493 37 24.65003586 78.58299255 37 24.72482872 78.29575348 37 24.52777481 78.85346985 37 24.75 78 37 24.65003586 101.41700745 37 24.52777481 101.14653015 37 24.72482872 101.70424652 37 21.73657608 79.21089172 37 -24.26342392 79.21089172 37 -24.44989204 78.97995758 37 23.65249825 100.37619781 37 -22.63131142 100.28927612 37 -22.63131142 79.71072388 37 -22.34750175 100.37619781 37 -22.34750175 79.62380219 37 -23.2222805 79.73582458 37 -22.92572784 79.74842072 37 -22.92572784 100.25157928 37 -22.08246231 79.49017334 37 -22.08246231 100.50982666 37 -24.04060745 79.40699768 37 -23.78785706 79.56262207 37 -23.78785706 100.43737793 37 -23.2222805 103.73582458 37 -24.26342392 100.78910828 37 -24.04060745 100.59300232 37 -24.44989204 102.97995758 37 -24.26342392 103.21089172 37 -27.5 104 37 -24.74369621 101.85159302 37 -24.69353294 101.55903625 37 -24.44989204 101.02004242 37 -24.69353294 78.44096375 37 -24.59465027 78.7208252 37 -26.54508591 73.0610733 37 -22.92572784 76.25157928 37 -26.03553391 72.46446228 37 -22.34750175 76.37619781 37 -22.63131142 76.28927612 37 -22.08246231 76.50982666 37 -21.47222519 77.14653015 37 21.25630379 78.14840698 37 -21.25 78 37 21.25630379 77.85159302 37 21.30646706 77.55903625 37 -21.34996414 77.41700745 37 21.40534973 78.7208252 37 23.36868858 79.71072388 37 22.48756027 100.32670593 37 23.36868858 100.28927612 37 23.07427216 79.74842072 37 23.07427216 100.25157928 37 22.7777195 79.73582458 37 22.48756027 79.67329407 37 22.7777195 100.26417542 37 -21.34996414 78.58299255 37 -21.27517128 78.29575348 37 21.30646706 78.44096375 37 -21.27517128 77.70424652 37 21.55010796 77.02004242 37 27.43844223 75.21782684 37 23.91753769 76.50982666 37 24.15618134 76.68632507 37 24.52777481 77.14653015 37 24.36156273 76.90061188 37 24.72482872 77.70424652 37 24.65003586 77.41700745 37 -23.2222805 100.26417542 37 -23.51243973 100.32670593 37 -23.51243973 79.67329407 37 -21.63843727 103.09938812 37 -23.78785706 103.56262207 37 -24.04060745 103.40699768 37 -24.69353294 102.44096375 37 -24.59465027 102.7208252 37 -24.59465027 101.2791748 37 -24.74369621 102.14840698 37 -27.5 104 32 -27.5 76 32 -21.84381866 76.68632507 32 -22.5 71 32 -22.08246231 76.50982666 32 -24.76995277 71.54496765 32 -24.04508591 71.24472046 32 -23.28217316 71.06156158 32 21.95939255 76.59300232 32 22.5 71 32 21.73657608 76.78910828 32 -25.4389267 71.95491791 32 -22.63131142 76.28927612 32 -22.92572784 76.25157928 32 -22.34750175 76.37619781 32 -26.03553391 72.46446228 32 23.36868858 76.28927612 32 27.25528336 74.45491791 32 26.95503235 73.73004913 32 -26.54508591 73.0610733 32 -23.2222805 76.26417542 32 24.15618134 76.68632507 32 24.36156273 76.90061188 32 24.04508591 71.24472046 32 24.76995277 71.54496765 32 23.28217316 71.06156158 32 23.07427216 76.25157928 32 25.4389267 71.95491791 32 24.52777481 77.14653015 32 24.65003586 77.41700745 32 23.65249825 76.37619781 32 23.91753769 76.50982666 32 27.43844223 75.21782684 32 24.72482872 77.70424652 32 24.75 78 32 24.72482872 101.70424652 32 24.65003586 101.41700745 32 21.40534973 77.2791748 32 -21.47222519 77.14653015 32 27.73695946 105.52099609 32 23.07427216 103.74842072 32 28.02786446 106.23606873 32 22.7777195 103.73582458 32 -22.08246231 79.49017334 32 -22.08246231 100.50982666 32 -21.84381866 79.31367493 32 -27.55959511 104.76967621 32 -23.51243973 103.67329407 32 -23.78785706 103.56262207 32 -21.27517128 101.70424652 32 21.25630379 101.85159302 32 21.30646706 101.55903625 32 -24.74369621 102.14840698 32 -24.69353294 102.44096375 32 22.48756027 103.67329407 32 28.42537498 106.89783478 32 -21.34996414 101.41700745 32 21.40534973 101.2791748 32 -21.84381866 100.68632507 32 21.95939255 100.59300232 32 21.95939255 79.40699768 32 22.21214294 100.43737793 32 22.21214294 79.56262207 32 24.75 102 32 -24.44989204 77.02004242 32 -24.26342392 76.78910828 32 24.36156273 100.90061188 32 24.52777481 101.14653015 32 23.91753769 100.50982666 32 24.15618134 79.31367493 32 23.91753769 79.49017334 32 23.07427216 100.25157928 32 23.07427216 79.74842072 32 22.7777195 100.26417542 32 23.36868858 100.28927612 32 23.65249825 79.62380219 32 23.36868858 79.71072388 32 22.48756027 79.67329407 32 22.48756027 100.32670593 32 22.7777195 79.73582458 32 21.73657608 79.21089172 32 -21.63843727 79.09938812 32 21.55010796 78.97995758 32 27.55959511 104.76967621 32 23.36868858 103.71072388 32 -21.25 102 32 -22.34750175 79.62380219 32 -22.34750175 100.37619781 32 28.92001724 107.49051666 32 -21.34996414 102.58299255 32 21.30646706 102.44096375 32 -21.27517128 102.29575348 32 21.25630379 102.14840698 32 -21.84381866 103.31367493 32 21.73657608 103.21089172 32 -21.63843727 103.09938812 32 21.55010796 102.97995758 32 21.40534973 102.7208252 32 -21.47222519 102.85346985 32 22.21214294 103.56262207 32 21.95939255 103.40699768 32 -22.08246231 103.49017334 32 -24.44989204 102.97995758 32 -24.26342392 103.21089172 32 -22.34750175 103.62380219 32 -29.5 108 32 -24.04060745 103.40699768 32 -28.92001724 107.49051666 32 29.5 108 32 -27.73695946 105.52099609 32 -23.2222805 103.73582458 32 -28.42537498 106.89783478 32 -22.63131142 103.71072388 32 -22.92572784 103.74842072 32 23.91753769 103.49017334 32 23.65249825 103.62380219 32 24.15618134 103.31367493 32 24.52777481 102.85346985 32 24.36156273 103.09938812 32 24.72482872 102.29575348 32 24.65003586 102.58299255 32 -27.25528336 74.45491791 32 -26.95503235 73.73004913 32 21.55010796 101.02004242 32 -21.47222519 101.14653015 32 -23.51243973 76.32670593 32 -27.43844223 75.21782684 32 22.7777195 76.26417542 32 -21.63843727 76.90061188 32 -24.04060745 76.59300232 32 -23.78785706 76.43737793 32 -24.69353294 78.44096375 32 -24.74369621 78.14840698 32 -24.69353294 77.55903625 32 -24.59465027 77.2791748 32 -24.74369621 77.85159302 32 -24.44989204 78.97995758 32 -24.59465027 78.7208252 32 -24.26342392 79.21089172 32 -23.2222805 100.26417542 32 -22.92572784 100.25157928 32 -22.92572784 79.74842072 32 -23.78785706 100.43737793 32 -23.51243973 100.32670593 32 -23.51243973 79.67329407 32 -24.44989204 101.02004242 32 -24.26342392 100.78910828 32 21.73657608 100.78910828 32 -21.63843727 100.90061188 32 -21.27517128 77.70424652 32 21.30646706 77.55903625 32 -21.34996414 77.41700745 32 -21.47222519 78.85346985 32 21.25630379 77.85159302 32 21.55010796 77.02004242 32 22.21214294 76.43737793 32 22.48756027 76.32670593 32 26.54508591 73.0610733 32 26.03553391 72.46446228 32 -21.25 78 32 21.25630379 78.14840698 32 -21.27517128 78.29575348 32 21.30646706 78.44096375 32 21.40534973 78.7208252 32 -21.34996414 78.58299255 32 23.65249825 100.37619781 32 24.36156273 79.09938812 32 24.15618134 100.68632507 32 24.65003586 78.58299255 32 24.52777481 78.85346985 32 24.72482872 78.29575348 32 -22.63131142 100.28927612 32 -22.63131142 79.71072388 32 -23.2222805 79.73582458 32 -23.78785706 79.56262207 32 -24.04060745 79.40699768 32 -24.04060745 100.59300232 32 -24.69353294 101.55903625 32 -24.59465027 101.2791748 32 -24.74369621 101.85159302 32 -24.59465027 102.7208252 32 -28.02786446 106.23606873 32 -30.31687355 108.49822235 31.86705017 -29.89975739 108.27085114 37.03738022 -30.31687355 108.49822235 37.13294983 -30.74423599 108.68180847 37.26846695 -31.17971992 108.82269287 31.56848335 -30.74423599 108.68180847 31.73153305 -31.17971992 108.82269287 37.43151474 -31.61864662 108.92170715 31.38787842 -31.61864662 108.92170715 37.61212158 -32.05871201 108.98049164 31.19656944 -32.05871201 108.98049164 37.80343246 -29.89975739 108.27085114 31.96262169 30.31687355 108.49822235 37.13294983 29.89975739 108.27085114 31.96262169 30.31687355 108.49822235 31.86705017 30.74423599 108.68180847 31.73153305 31.17971992 108.82269287 37.43151474 30.74423599 108.68180847 37.26846695 31.17971992 108.82269287 31.56848335 31.61864662 108.92170715 37.61212158 31.61864662 108.92170715 31.38787842 32.05871201 108.98049164 37.80343246 32.05871201 108.98049164 31.19656944 29.89975739 108.27085114 37.03738022 37.74471664 112.45491791 -20 37.81819534 112.24423981 20.36846733 38.04496765 111.73004913 -20 38.96446609 110.46446228 -20 38.45491409 111.0610733 -20 37.67730713 112.67971802 20.53151512 37.56155777 113.21782684 -20 37.57828903 113.11864471 20.71212196 37.51950836 113.55871582 20.90343094 38.00178146 111.81687164 20.2329483 38.22914886 111.39975739 20.13737869 39.5610733 109.95491791 -20 41.71782684 109.06156158 -20 40.95491409 109.24472046 -20 40.23004913 109.54496765 -20 38.69966507 110.75075531 -20.12357903 37.58699417 112.98858643 -20.99468994 37.52315903 113.32491302 -21.16739082 37.91533279 111.99500275 -20.52328682 37.48129654 113.662117 -21.34406853 37.67320251 112.65423584 -20.82826233 37.78238678 112.32267761 -20.67018318 38.25585938 111.35500336 -20.27573013 38.07291031 111.67176819 -20.39037132 38.46469498 111.04714966 -20.18448257 -41.71782684 109.06156158 -20 -39.5610733 109.95491791 -20 -40.23004913 109.54496765 -20 -40.95491409 109.24472046 -20 -38.00178146 111.81687164 20.2329483 -37.81819534 112.24423981 20.36846733 -38.04496765 111.73004913 -20 -38.96446609 110.46446228 -20 -37.67730713 112.67971802 20.53151512 -37.57828903 113.11864471 20.71212196 -37.56155777 113.21782684 -20 -37.74471664 112.45491791 -20 -37.51950836 113.55871582 20.90343094 -38.22914886 111.39975739 20.13737869 -38.45491409 111.0610733 -20 -38.25574112 111.35445404 -20.27418137 -38.46501541 111.04627228 -20.18285561 -38.69992828 110.75017548 -20.12348366 -38.07272339 111.6710968 -20.38891602 -37.91521072 111.99436951 -20.52218819 -37.67304611 112.65420532 -20.82793236 -37.78227615 112.32255554 -20.66979599 -37.58687592 112.98836517 -20.99419212 -37.52309799 113.32458496 -21.16684914 -37.48129272 113.66209412 -21.34402657 -37.53630447 108.96372223 20.83330917 -37.93918228 108.56084442 20.27216911 -37.77407074 108.72593689 20.41238976 -37.63439941 108.86564636 20.59955788 -38.30775452 108.19225311 20.11866951 -38.11926651 108.3807373 20.17536354 37.53627777 108.9637146 20.83330917 37.93915939 108.56083679 20.2721653 37.7740593 108.72592926 20.41239357 37.63435745 108.8656311 20.59954834 38.30774689 108.19225311 20.11866951 38.11925888 108.3807373 20.17536354 4.16797543 119.53269196 -49.52906418 5.49730968 119.50016785 -49.18409348 4.20952511 119.36620331 -49.60654068 1.38614857 119.28715515 -49.94249725 1.40004921 119.228508 -49.94669724 5.62008667 119.1341095 -49.52880096 4.30681849 119.09513092 -49.84618759 4.25633764 119.21868134 -49.71347046 5.70101547 119.03413391 -49.75601196 5.55066204 119.29289246 -49.33388519 5.4638052 119.74141693 -49.09003067 4.13321209 119.71207428 -49.48388672 2.84986997 119.19637299 -49.86787796 2.82050347 119.30568695 -49.82128143 2.76623392 119.53851318 -49.77043533 2.88015723 119.09396362 -49.92774582 2.79248023 119.4203186 -49.78863144 1.44261396 119.05576324 -49.98116302 1.41412628 119.17024994 -49.95452881 1.42832875 119.1125946 -49.96601105 14.04008293 119.74141693 -41.99898529 15.25820065 119.74141693 -39.43832016 12.76605701 119.29289246 -23.22882652 14.57773685 119.1341095 -25.50102997 14.39765835 119.29289246 -25.60293007 10.82696342 119.03413391 -46.84468842 12.75079346 119.1341095 -44.61154556 12.93440342 119.03413391 -44.76795197 10.54142284 119.29289246 -46.49934387 12.5932827 119.29289246 -44.47737503 10.67326927 119.1341095 -46.65880585 14.64963055 119.03413391 -42.35711288 14.44167137 119.1341095 -42.23492813 10.37647057 119.74141693 -46.29984283 8.09138393 119.50016785 -47.9964447 8.04206848 119.74141693 -47.90961838 14.26327419 119.29289246 -42.13011551 15.50075531 119.29289246 -39.52874374 10.44009972 119.50016785 -46.37679672 12.39622402 119.74141693 -44.30951309 8.39121342 119.03413391 -48.52435303 16.26820374 119.29289246 -36.75214386 15.69463158 119.1341095 -39.60102081 16.54234695 119.29289246 -33.88450623 16.47167778 119.1341095 -36.78969193 16.01363945 119.74141693 -36.70516586 16.28349304 119.74141693 -33.88240433 16.05957603 119.74141693 -31.05562401 16.31487083 119.29289246 -31.01279259 16.7492485 119.1341095 -33.88618851 16.51892853 119.1341095 -30.97855759 15.59267521 119.29289246 -28.22407913 14.17236423 119.74141693 -25.73041534 15.34868145 119.74141693 -28.31054878 15.7876997 119.1341095 -28.15496445 12.92572784 119.1341095 -23.09723282 13.11185741 119.03413391 -22.9438343 12.64335155 119.50016785 -23.32995415 12.56629372 119.74141693 -23.39346123 14.78765392 119.03413391 -25.38224602 14.25926971 119.50016785 -25.68123817 16.01504135 119.03413391 -28.07439613 15.44280052 119.50016785 -28.27719307 16.7567997 119.03413391 -30.93864822 16.15805435 119.50016785 -31.03910255 16.99043655 119.03413391 -33.88814926 16.38334465 119.50016785 -33.88321304 16.70886803 119.03413391 -36.83346558 16.11183548 119.50016785 -36.72328568 15.92063236 119.03413391 -39.68527603 15.35176468 119.50016785 -39.47320175 14.12617779 119.50016785 -42.04956818 12.47223854 119.50016785 -44.37426376 8.16991138 119.29289246 -48.1347084 8.27209663 119.1341095 -48.31462479 -12.96421051 119.74141693 -23.89612389 -13.92054558 119.74141693 -42.19914627 -15.15396118 119.74141693 -39.71046066 -15.39485931 119.29289246 -39.80521393 -14.14183617 119.29289246 -42.33345795 -15.58741093 119.1341095 -39.88094711 -12.28212452 119.74141693 -44.44200897 -12.47737026 119.29289246 -44.61197662 -14.3187151 119.1341095 -42.44081879 -15.94648743 119.74141693 -37.04836273 -12.63343048 119.1341095 -44.74783325 -10.44988537 119.29289246 -46.57447815 -10.28636646 119.74141693 -46.37379837 -7.99133587 119.74141693 -47.93831253 -8.11837196 119.29289246 -48.16386032 -10.58058739 119.1341095 -46.73487854 1.68709362 119.74141693 -17.55360031 -5.46380997 119.74141693 -49.09004211 -5.55066776 119.29290771 -49.33390045 -8.21991253 119.1341095 -48.3441391 -8.04033947 119.50016785 -48.02531433 -5.49731636 119.50018311 -49.18411255 -8.33827782 119.03413391 -48.55429459 -5.6200881 119.13411713 -49.52880478 -5.701015 119.03413391 -49.75601196 -16.27506447 119.74141693 -34.29030228 -16.40260506 119.1341095 -37.14270782 -16.1999836 119.29289246 -37.10079575 -16.13013458 119.74141693 -31.51652145 -16.53378487 119.29289246 -34.29889297 -16.74058151 119.1341095 -34.30575562 -16.59150505 119.1341095 -31.45263863 -16.3865509 119.29289246 -31.48101807 -15.95971489 119.1341095 -28.66635895 -15.76256466 119.29289246 -28.72915649 -15.51591301 119.74141693 -28.80772209 -14.86359215 119.1341095 -26.02798271 -14.67998219 119.29289246 -26.12337303 -11.10096931 119.74141693 -21.83622169 -13.17029953 119.29289246 -23.73947906 -13.33502674 119.1341095 -23.61427307 -14.45027065 119.74141693 -26.24271393 -11.41849136 119.1341095 -21.49545097 -11.27743912 119.29289246 -21.64683151 -6.46917629 119.74141693 -18.80612373 -9.16974545 119.1341095 -19.73316383 -9.05647182 119.29289246 -19.90631485 -3.83538175 119.74141693 -17.92408752 -6.57201481 119.29289246 -18.56856537 -6.65421438 119.1341095 -18.378685 -8.91475582 119.74141693 -20.12294006 1.69743896 119.50016785 -17.45428276 1.71391284 119.29289246 -17.29613113 4.48528862 119.29289246 -17.82676315 -1.10732782 119.29289246 -17.24420929 1.73534954 119.1341095 -17.09033394 4.41510296 119.74141693 -18.07592773 -1.09000039 119.74141693 -17.502491 -3.94508529 119.1341095 -17.47141838 -3.89635181 119.29289246 -17.67250824 1.76033843 119.03413391 -16.85043716 -1.13732255 119.03413391 -16.7971096 -4.001894 119.03413391 -17.23700905 4.60678387 119.03413391 -17.39544106 -1.12117767 119.1341095 -17.0377636 -10.7329464 119.03413391 -46.92185974 -10.34944344 119.50016785 -46.45121002 -12.81535053 119.03413391 -44.90620041 -12.35743904 119.50016785 -44.50757217 -14.5249033 119.03413391 -42.56596375 -14.00590706 119.50016785 -42.25095749 -15.81186771 119.03413391 -39.96923447 -15.24688721 119.50016785 -39.74701309 -16.63879967 119.03413391 -37.19156265 -16.04427147 119.50016785 -37.06858826 -16.98164368 119.03413391 -34.31375885 -16.37486458 119.50016785 -34.29361725 -16.83042145 119.03413391 -31.41955566 -16.22904587 119.50016785 -31.50282669 -16.18953323 119.03413391 -28.59315491 -15.61105728 119.50016785 -28.77741623 -15.07762623 119.03413391 -25.91678619 -14.53888035 119.50016785 -26.19667816 -13.52704906 119.03413391 -23.46831894 -13.0437088 119.50016785 -23.83569908 -11.58291626 119.03413391 -21.31898689 -11.16904163 119.50016785 -21.76316452 -9.30178833 119.03413391 -19.53132439 -8.96942234 119.50016785 -20.03937721 -6.75003433 119.03413391 -18.1573391 -6.50884581 119.50016785 -18.71448708 -3.85890055 119.50016785 -17.82704163 -1.09668434 119.50016785 -17.40286064 4.44217682 119.50016785 -17.97981453 4.54138851 119.1341095 -17.62760353 -4.30686283 119.09503937 -49.84631348 -1.38615 119.28714752 -49.94249725 -1.40005052 119.22850037 -49.94669724 -2.76624298 119.53846741 -49.77043915 -4.16800785 119.532547 -49.52911377 -4.13323689 119.71192169 -49.48390579 -2.79249001 119.42028046 -49.78863907 -4.20952511 119.36620331 -49.60654068 -4.2563796 119.21856689 -49.71357346 -2.82050347 119.30568695 -49.82128143 -2.8801682 119.09392548 -49.92777252 -1.44261503 119.05575562 -49.98116302 -2.8498807 119.19633484 -49.86789703 -1.42832983 119.11258698 -49.96601105 -1.41412628 119.17024994 -49.95452881 33.37815857 119.35118866 36.94529343 32.84619522 119.35118866 37.30484009 33.51269531 119.20116425 37.11191177 32.09029007 120.23963165 37.08582306 31.55310059 120.23963165 37.22569656 31 119.98716736 37.34039688 31.58319283 119.75025177 37.40119171 31.56452942 119.98716736 37.29234695 29.85039139 119.75025177 37.25370789 30.41680717 119.75025177 37.40119171 29.88718033 119.98716736 37.14958572 31 120.23963165 37.27276993 32.19954681 119.53609467 37.39504242 31.60852623 119.53609467 37.54893112 32.68295288 119.75025177 37.01262283 32.75605392 119.53609467 37.14348602 33.26204681 119.53609467 36.8014946 34.22350693 119.35118866 35.9847908 33.84170914 119.35118866 36.50101852 34.40586472 119.20116425 36.0970726 33.59044266 119.75025177 36.27987671 33.70296478 119.53609467 36.37891006 34.06612396 119.53609467 35.88788605 28.54322052 120.23963165 36.16223907 28.21314049 120.23963165 35.71593857 34.51256943 119.35118866 35.41146851 34.90993118 119.20116425 34.84265518 34.70058441 119.35118866 34.79753876 34.34107208 119.53609467 35.34255219 34.51990891 119.53609467 34.75859833 34.20198441 119.75025177 35.28666306 34.57155991 119.53609467 33.5426445 34.44771957 119.75025177 34.14645767 34.59748077 119.53609467 34.15282059 34.96730804 119.20116425 33.49196625 34.75489044 119.35118866 33.51916885 34.78213882 119.35118866 34.1606636 34.04357147 119.35118866 31.7489872 34.38021469 119.35118866 32.29573059 34.21575165 119.20116425 31.62164307 34.44289398 119.53609467 32.94562531 34.42287827 119.75025177 33.56168365 33.11981201 119.35118866 30.86363602 32.64748383 119.20116425 30.35535431 32.55927277 119.35118866 30.55049896 33.89497375 119.53609467 31.85888863 33.49148178 119.53609467 31.40043449 33.77445602 119.75025177 31.94802284 31.86953354 119.75025177 30.66052055 31.90730476 119.53609467 30.51545906 31.3053627 119.53609467 30.4122467 32.42140198 119.75025177 30.8555069 32.48314285 119.53609467 30.71891594 29.51685715 119.53609467 30.71891594 30.13046646 119.75025177 30.66052055 30.09269524 119.53609467 30.51545906 29.44072723 119.35118866 30.55049896 30.0461235 119.35118866 30.33659935 29.35251617 119.20116425 30.35535431 28.50851822 119.53609467 31.40043449 28.10502625 119.53609467 31.85888863 28.61223793 119.75025177 31.50865364 28.38063049 119.35118866 31.26699829 27.78424835 119.20116425 31.62164307 27.95642853 119.35118866 31.7489872 27.00389862 119.20116425 34.16975403 27.21786118 119.35118866 34.1606636 27.24511147 119.35118866 33.51916885 27.38038254 119.35118866 32.8915062 27.03269196 119.20116425 33.49196625 27.29941559 119.35118866 34.79753876 27.28871727 119.20116425 35.49131393 27.48742867 119.35118866 35.41146851 27.09006691 119.20116425 34.84265518 27.90048218 119.98716736 35.24548721 27.79801369 119.75025177 35.28666306 28.06151962 119.75025177 35.80929565 30.24129486 119.02283478 38.42477798 29.50441742 119.02283478 38.23291016 28.93378258 119.09059143 37.69869995 28.81056404 119.02283478 37.91926956 27.59413528 119.20116425 36.0970726 27.77649307 119.35118866 35.9847908 27.65892601 119.53609467 35.34255219 27.93387794 119.53609467 35.88788605 28.33841896 119.09059143 37.29630661 28.48730469 119.20116425 37.11191177 27.99753189 119.20116425 36.64250565 27.62662506 119.75025177 34.72701645 27.48009109 119.53609467 34.75859833 28.8321209 119.75025177 36.68486786 28.40955925 119.75025177 36.27987671 28.73795128 119.53609467 36.8014946 28.94397926 120.23963165 36.54633331 30.43547058 119.98716736 37.29234695 30.44689941 120.23963165 37.22569656 29.90970993 120.23963165 37.08582306 29.4038868 120.23963165 36.85717392 28.17969704 119.02283478 37.49287796 27.55228043 119.75025177 34.14645767 27.40251923 119.53609467 34.15282059 27.42843819 119.53609467 33.5426445 27.70043182 119.75025177 32.98951721 27.55710602 119.53609467 32.94562531 27.57712173 119.75025177 33.56168365 27.78481865 119.53609467 32.37894058 28.22554398 119.75025177 31.94802284 27.91866684 119.75025177 32.44642258 27.61978531 119.35118866 32.29573059 27.17561531 119.20116425 32.82879639 29.06762314 119.75025177 31.14095497 28.98368454 119.53609467 31.01676369 27.42856026 119.20116425 32.19931793 28.23244858 119.20116425 31.11238861 28.88018799 119.35118866 30.86363602 29.57859993 119.75025177 30.8555069 30.70734978 119.75025177 30.56160355 30.6946373 119.53609467 30.4122467 28.76026535 119.20116425 30.68620682 30.67896271 119.35118866 30.22808647 29.9921627 119.20116425 30.12935448 31.29265022 119.75025177 30.56160355 31.32103729 119.35118866 30.22808647 31.9538765 119.35118866 30.33659935 31.33919907 119.20116425 30.01470375 30.66080093 119.20116425 30.01470375 33.01631546 119.53609467 31.01676369 32.93237686 119.75025177 31.14095497 32.0078392 119.20116425 30.12935448 33.61936951 119.35118866 31.26699829 33.23973465 119.20116425 30.68620682 33.38776398 119.75025177 31.50865364 34.08133316 119.75025177 32.44642258 34.21517944 119.53609467 32.37894058 33.76755142 119.20116425 31.11238861 34.57143784 119.20116425 32.19931793 34.61961746 119.35118866 32.8915062 34.29956818 119.75025177 32.98951721 34.37337494 119.75025177 34.72701645 34.82438278 119.20116425 32.82879639 33.93848038 119.75025177 35.80929565 34.99610138 119.20116425 34.16975403 33.16788101 119.75025177 36.68486786 34.71128082 119.20116425 35.49131393 32.14960861 119.75025177 37.25370789 34.00246811 119.20116425 36.64250565 32.33246231 119.20116425 37.7712326 32.26111603 119.35118866 37.56930923 31.63976097 119.35118866 37.73109818 32.950634 119.20116425 37.4917984 31 119.75025177 37.45082855 31 119.53609467 37.60072708 31 119.35118866 37.78554916 31.67595291 119.20116425 37.942173 31 119.20116425 37.99970627 31.71600533 119.09059143 38.17575836 31 119.09059143 38.23670197 31.75870514 119.02283478 38.42477798 31 119.02283478 38.48935318 32.59611511 120.23963165 36.85717392 32.11281967 119.98716736 37.14958572 32.4114151 119.09059143 37.99468994 32.49558258 119.02283478 38.23291016 33.05601883 120.23963165 36.54633331 32.62909317 119.98716736 36.91621399 33.06621933 119.09059143 37.69869995 33.18943405 119.02283478 37.91926956 33.45677948 120.23963165 36.16223907 33.09850311 119.98716736 36.59894943 33.66157913 119.09059143 37.29630661 33.82030106 119.02283478 37.49287796 33.78686142 120.23963165 35.71593857 33.50754166 119.98716736 36.20691681 34.18037415 119.09059143 36.7990799 34.37003326 119.02283478 36.96600342 34.03676987 120.23963165 35.22027588 33.84444427 119.98716736 35.75139236 34.60767365 119.09059143 36.22133255 34.82281494 119.02283478 36.35380173 34.19931412 120.23963165 34.68950653 34.09951782 119.98716736 35.24548721 34.93118668 119.09059143 35.5796814 35.16562271 119.02283478 35.67388535 34.26982117 120.23963165 34.13890076 34.26542282 119.98716736 34.70375061 35.14160919 119.09059143 34.89258575 35.38859177 119.02283478 34.94581223 34.2462616 120.23963165 33.58430099 34.33738708 119.98716736 34.14176941 35.23288345 119.09059143 34.17980957 35.4853096 119.02283478 34.19053268 34.12931442 120.23963165 33.04165649 34.31333923 119.98716736 33.5757103 35.20238495 119.09059143 33.46186447 35.45299149 119.02283478 33.42977142 33.92234039 120.23963165 32.52658463 34.19397736 119.98716736 33.0218544 35.05099106 119.09059143 32.7593956 35.29257202 119.02283478 32.68541336 33.63129807 120.23963165 32.05390167 33.98272705 119.98716736 32.49613953 34.78305817 119.09059143 32.09262085 35.00865936 119.02283478 31.97887611 33.26455688 120.23963165 31.63720322 33.68566895 119.98716736 32.01369095 34.40629578 119.09059143 31.48071671 34.60942841 119.02283478 31.33048058 32.8326683 120.23963165 31.28847694 33.31135178 119.98716736 31.58838081 33.93153763 119.09059143 30.94128799 34.10635757 119.02283478 30.75888252 32.34805679 120.23963165 31.01775742 32.8705368 119.98716736 31.23244858 33.37244415 119.09059143 30.48985291 33.51392365 119.02283478 30.28052711 31.82466698 120.23963165 30.83283234 32.37591171 119.98716736 30.9561367 32.74510193 119.09059143 30.13939667 32.84917068 119.02283478 29.90917206 31.27754974 120.23963165 30.73901939 31.84170723 119.98716736 30.7673893 32.06755447 119.09059143 29.90000534 32.13121796 119.02283478 29.65550423 30.72245026 120.23963165 30.73901939 31.28328514 119.98716736 30.67163849 31.3592968 119.09059143 29.77856255 31.38072395 119.02283478 29.52681923 30.17533302 120.23963165 30.83283234 30.71671486 119.98716736 30.67163849 30.6407032 119.09059143 29.77856255 30.61927605 119.02283478 29.52681923 29.6519413 120.23963165 31.01775742 30.15829277 119.98716736 30.7673893 29.93244362 119.09059143 29.90000534 29.86878204 119.02283478 29.65550423 29.16732979 120.23963165 31.28847694 29.62408638 119.98716736 30.9561367 29.25489807 119.09059143 30.13939667 29.15082932 119.02283478 29.90917206 28.73544312 120.23963165 31.63720322 29.1294632 119.98716736 31.23244858 28.62755394 119.09059143 30.48985291 28.48607445 119.02283478 30.28052711 28.36870193 120.23963165 32.05390167 28.68865013 119.98716736 31.58838081 28.06846237 119.09059143 30.94128799 27.89364052 119.02283478 30.75888252 28.0776577 120.23963165 32.52658463 28.31433105 119.98716736 32.01369095 27.59370422 119.09059143 31.48071671 27.39057159 119.02283478 31.33048058 27.87068558 120.23963165 33.04165649 28.01727295 119.98716736 32.49613953 27.21693993 119.09059143 32.09262085 26.99133873 119.02283478 31.97887611 27.7537365 120.23963165 33.58430099 27.80602455 119.98716736 33.0218544 26.94900703 119.09059143 32.7593956 26.70742798 119.02283478 32.68541336 27.73017693 120.23963165 34.13890076 27.68665886 119.98716736 33.5757103 26.79761505 119.09059143 33.46186447 26.54700851 119.02283478 33.42977142 27.80068588 120.23963165 34.68950653 27.66261292 119.98716736 34.14176941 26.76711655 119.09059143 34.17980957 26.5146904 119.02283478 34.19053268 27.96323204 120.23963165 35.22027588 27.73457909 119.98716736 34.70375061 26.85839081 119.09059143 34.89258575 26.61140823 119.02283478 34.94581223 27.06881142 119.09059143 35.5796814 26.83437729 119.02283478 35.67388535 28.15555573 119.98716736 35.75139236 28.15829277 119.35118866 36.50101852 27.39232635 119.09059143 36.22133255 27.17718315 119.02283478 36.35380173 28.29703522 119.53609467 36.37891006 28.49245644 119.98716736 36.20691681 27.81962585 119.09059143 36.7990799 27.62996674 119.02283478 36.96600342 28.62184143 119.35118866 36.94529343 28.90149689 119.98716736 36.59894943 29.04936409 119.20116425 37.4917984 29.58858681 119.09059143 37.99468994 29.6675396 119.20116425 37.7712326 29.24394417 119.53609467 37.14348602 29.31704903 119.75025177 37.01262283 29.37090492 119.98716736 36.91621399 29.15380669 119.35118866 37.30484009 29.80045509 119.53609467 37.39504242 29.73888206 119.35118866 37.56930923 30.39147377 119.53609467 37.54893112 30.36023903 119.35118866 37.73109818 30.32404709 119.20116425 37.942173 30.28399467 119.09059143 38.17575836 -28.62184143 119.35118866 36.94529343 -29.15380669 119.35118866 37.30484009 -28.48730469 119.20116425 37.11191177 -29.90970993 120.23963165 37.08582306 -30.44689941 120.23963165 37.22569656 -31 119.98716736 37.34039688 -30.41680717 119.75025177 37.40119171 -30.43547058 119.98716736 37.29234695 -32.14960861 119.75025177 37.25370789 -31.58319283 119.75025177 37.40119171 -32.11281967 119.98716736 37.14958572 -31 120.23963165 37.27276993 -29.80045509 119.53609467 37.39504242 -30.39147377 119.53609467 37.54893112 -29.31704903 119.75025177 37.01262283 -29.24394417 119.53609467 37.14348602 -28.73795128 119.53609467 36.8014946 -27.77649307 119.35118866 35.9847908 -28.15829277 119.35118866 36.50101852 -27.59413528 119.20116425 36.0970726 -28.40955925 119.75025177 36.27987671 -28.29703522 119.53609467 36.37891006 -27.93387794 119.53609467 35.88788605 -33.45677948 120.23963165 36.16223907 -33.78686142 120.23963165 35.71593857 -27.48742867 119.35118866 35.41146851 -27.09006691 119.20116425 34.84265518 -27.29941559 119.35118866 34.79753876 -27.65892601 119.53609467 35.34255219 -27.48009109 119.53609467 34.75859833 -27.79801369 119.75025177 35.28666306 -27.42843819 119.53609467 33.5426445 -27.55228043 119.75025177 34.14645767 -27.40251923 119.53609467 34.15282059 -27.03269196 119.20116425 33.49196625 -27.24511147 119.35118866 33.51916885 -27.21786118 119.35118866 34.1606636 -27.95642853 119.35118866 31.7489872 -27.61978531 119.35118866 32.29573059 -27.78424835 119.20116425 31.62164307 -27.55710602 119.53609467 32.94562531 -27.57712173 119.75025177 33.56168365 -28.88018799 119.35118866 30.86363602 -29.35251617 119.20116425 30.35535431 -29.44072723 119.35118866 30.55049896 -28.10502625 119.53609467 31.85888863 -28.50851822 119.53609467 31.40043449 -28.22554398 119.75025177 31.94802284 -30.13046646 119.75025177 30.66052055 -30.09269524 119.53609467 30.51545906 -30.6946373 119.53609467 30.4122467 -29.57859993 119.75025177 30.8555069 -29.51685715 119.53609467 30.71891594 -32.48314285 119.53609467 30.71891594 -31.86953354 119.75025177 30.66052055 -31.90730476 119.53609467 30.51545906 -32.55927277 119.35118866 30.55049896 -31.9538765 119.35118866 30.33659935 -32.64748383 119.20116425 30.35535431 -33.49148178 119.53609467 31.40043449 -33.89497375 119.53609467 31.85888863 -33.38776398 119.75025177 31.50865364 -33.61936951 119.35118866 31.26699829 -34.21575165 119.20116425 31.62164307 -34.04357147 119.35118866 31.7489872 -34.99610138 119.20116425 34.16975403 -34.78213882 119.35118866 34.1606636 -34.75489044 119.35118866 33.51916885 -34.61961746 119.35118866 32.8915062 -34.96730804 119.20116425 33.49196625 -34.70058441 119.35118866 34.79753876 -34.71128082 119.20116425 35.49131393 -34.51256943 119.35118866 35.41146851 -34.90993118 119.20116425 34.84265518 -34.09951782 119.98716736 35.24548721 -34.20198441 119.75025177 35.28666306 -33.93848038 119.75025177 35.80929565 -31.75870514 119.02283478 38.42477798 -32.49558258 119.02283478 38.23291016 -33.06621933 119.09059143 37.69869995 -33.18943405 119.02283478 37.91926956 -34.40586472 119.20116425 36.0970726 -34.22350693 119.35118866 35.9847908 -34.34107208 119.53609467 35.34255219 -34.06612396 119.53609467 35.88788605 -33.66157913 119.09059143 37.29630661 -33.51269531 119.20116425 37.11191177 -34.00246811 119.20116425 36.64250565 -34.37337494 119.75025177 34.72701645 -34.51990891 119.53609467 34.75859833 -33.16788101 119.75025177 36.68486786 -33.59044266 119.75025177 36.27987671 -33.26204681 119.53609467 36.8014946 -33.05601883 120.23963165 36.54633331 -31.56452942 119.98716736 37.29234695 -31.55310059 120.23963165 37.22569656 -32.09029007 120.23963165 37.08582306 -32.59611511 120.23963165 36.85717392 -33.82030106 119.02283478 37.49287796 -34.44771957 119.75025177 34.14645767 -34.59748077 119.53609467 34.15282059 -34.57155991 119.53609467 33.5426445 -34.29956818 119.75025177 32.98951721 -34.44289398 119.53609467 32.94562531 -34.42287827 119.75025177 33.56168365 -34.21517944 119.53609467 32.37894058 -33.77445602 119.75025177 31.94802284 -34.08133316 119.75025177 32.44642258 -34.38021469 119.35118866 32.29573059 -34.82438278 119.20116425 32.82879639 -32.93237686 119.75025177 31.14095497 -33.01631546 119.53609467 31.01676369 -34.57143784 119.20116425 32.19931793 -33.76755142 119.20116425 31.11238861 -33.11981201 119.35118866 30.86363602 -32.42140198 119.75025177 30.8555069 -31.29265022 119.75025177 30.56160355 -31.3053627 119.53609467 30.4122467 -33.23973465 119.20116425 30.68620682 -31.32103729 119.35118866 30.22808647 -32.0078392 119.20116425 30.12935448 -30.70734978 119.75025177 30.56160355 -30.67896271 119.35118866 30.22808647 -30.0461235 119.35118866 30.33659935 -30.66080093 119.20116425 30.01470375 -31.33919907 119.20116425 30.01470375 -28.98368454 119.53609467 31.01676369 -29.06762314 119.75025177 31.14095497 -29.9921627 119.20116425 30.12935448 -28.38063049 119.35118866 31.26699829 -28.76026535 119.20116425 30.68620682 -28.61223793 119.75025177 31.50865364 -27.91866684 119.75025177 32.44642258 -27.78481865 119.53609467 32.37894058 -28.23244858 119.20116425 31.11238861 -27.42856026 119.20116425 32.19931793 -27.38038254 119.35118866 32.8915062 -27.70043182 119.75025177 32.98951721 -27.62662506 119.75025177 34.72701645 -27.17561531 119.20116425 32.82879639 -28.06151962 119.75025177 35.80929565 -27.00389862 119.20116425 34.16975403 -28.8321209 119.75025177 36.68486786 -27.28871727 119.20116425 35.49131393 -29.85039139 119.75025177 37.25370789 -27.99753189 119.20116425 36.64250565 -29.6675396 119.20116425 37.7712326 -29.73888206 119.35118866 37.56930923 -30.36023903 119.35118866 37.73109818 -29.04936409 119.20116425 37.4917984 -31 119.75025177 37.45082855 -31 119.53609467 37.60072708 -31 119.35118866 37.78554916 -30.32404709 119.20116425 37.942173 -31 119.20116425 37.99970627 -30.28399467 119.09059143 38.17575836 -31 119.09059143 38.23670197 -30.24129486 119.02283478 38.42477798 -31 119.02283478 38.48935318 -29.4038868 120.23963165 36.85717392 -29.88718033 119.98716736 37.14958572 -29.58858681 119.09059143 37.99468994 -29.50441742 119.02283478 38.23291016 -28.94397926 120.23963165 36.54633331 -29.37090492 119.98716736 36.91621399 -28.93378258 119.09059143 37.69869995 -28.81056404 119.02283478 37.91926956 -28.54322052 120.23963165 36.16223907 -28.90149689 119.98716736 36.59894943 -28.33841896 119.09059143 37.29630661 -28.17969704 119.02283478 37.49287796 -28.21314049 120.23963165 35.71593857 -28.49245644 119.98716736 36.20691681 -27.81962585 119.09059143 36.7990799 -27.62996674 119.02283478 36.96600342 -27.96323204 120.23963165 35.22027588 -28.15555573 119.98716736 35.75139236 -27.39232635 119.09059143 36.22133255 -27.17718315 119.02283478 36.35380173 -27.80068588 120.23963165 34.68950653 -27.90048218 119.98716736 35.24548721 -27.06881142 119.09059143 35.5796814 -26.83437729 119.02283478 35.67388535 -27.73017693 120.23963165 34.13890076 -27.73457909 119.98716736 34.70375061 -26.85839081 119.09059143 34.89258575 -26.61140823 119.02283478 34.94581223 -27.7537365 120.23963165 33.58430099 -27.66261292 119.98716736 34.14176941 -26.76711655 119.09059143 34.17980957 -26.5146904 119.02283478 34.19053268 -27.87068558 120.23963165 33.04165649 -27.68665886 119.98716736 33.5757103 -26.79761505 119.09059143 33.46186447 -26.54700851 119.02283478 33.42977142 -28.0776577 120.23963165 32.52658463 -27.80602455 119.98716736 33.0218544 -26.94900703 119.09059143 32.7593956 -26.70742798 119.02283478 32.68541336 -28.36870193 120.23963165 32.05390167 -28.01727295 119.98716736 32.49613953 -27.21693993 119.09059143 32.09262085 -26.99133873 119.02283478 31.97887611 -28.73544312 120.23963165 31.63720322 -28.31433105 119.98716736 32.01369095 -27.59370422 119.09059143 31.48071671 -27.39057159 119.02283478 31.33048058 -29.16732979 120.23963165 31.28847694 -28.68865013 119.98716736 31.58838081 -28.06846237 119.09059143 30.94128799 -27.89364052 119.02283478 30.75888252 -29.6519413 120.23963165 31.01775742 -29.1294632 119.98716736 31.23244858 -28.62755394 119.09059143 30.48985291 -28.48607445 119.02283478 30.28052711 -30.17533302 120.23963165 30.83283234 -29.62408638 119.98716736 30.9561367 -29.25489807 119.09059143 30.13939667 -29.15082932 119.02283478 29.90917206 -30.72245026 120.23963165 30.73901939 -30.15829277 119.98716736 30.7673893 -29.93244362 119.09059143 29.90000534 -29.86878204 119.02283478 29.65550423 -31.27754974 120.23963165 30.73901939 -30.71671486 119.98716736 30.67163849 -30.6407032 119.09059143 29.77856255 -30.61927605 119.02283478 29.52681923 -31.82466698 120.23963165 30.83283234 -31.28328514 119.98716736 30.67163849 -31.3592968 119.09059143 29.77856255 -31.38072395 119.02283478 29.52681923 -32.34805679 120.23963165 31.01775742 -31.84170723 119.98716736 30.7673893 -32.06755447 119.09059143 29.90000534 -32.13121796 119.02283478 29.65550423 -32.8326683 120.23963165 31.28847694 -32.37591171 119.98716736 30.9561367 -32.74510193 119.09059143 30.13939667 -32.84917068 119.02283478 29.90917206 -33.26455688 120.23963165 31.63720322 -32.8705368 119.98716736 31.23244858 -33.37244415 119.09059143 30.48985291 -33.51392365 119.02283478 30.28052711 -33.63129807 120.23963165 32.05390167 -33.31135178 119.98716736 31.58838081 -33.93153763 119.09059143 30.94128799 -34.10635757 119.02283478 30.75888252 -33.92234039 120.23963165 32.52658463 -33.68566895 119.98716736 32.01369095 -34.40629578 119.09059143 31.48071671 -34.60942841 119.02283478 31.33048058 -34.12931442 120.23963165 33.04165649 -33.98272705 119.98716736 32.49613953 -34.78305817 119.09059143 32.09262085 -35.00865936 119.02283478 31.97887611 -34.2462616 120.23963165 33.58430099 -34.19397736 119.98716736 33.0218544 -35.05099106 119.09059143 32.7593956 -35.29257202 119.02283478 32.68541336 -34.26982117 120.23963165 34.13890076 -34.31333923 119.98716736 33.5757103 -35.20238495 119.09059143 33.46186447 -35.45299149 119.02283478 33.42977142 -34.19931412 120.23963165 34.68950653 -34.33738708 119.98716736 34.14176941 -35.23288345 119.09059143 34.17980957 -35.4853096 119.02283478 34.19053268 -34.03676987 120.23963165 35.22027588 -34.26542282 119.98716736 34.70375061 -35.14160919 119.09059143 34.89258575 -35.38859177 119.02283478 34.94581223 -34.93118668 119.09059143 35.5796814 -35.16562271 119.02283478 35.67388535 -33.84444427 119.98716736 35.75139236 -33.84170914 119.35118866 36.50101852 -34.60767365 119.09059143 36.22133255 -34.82281494 119.02283478 36.35380173 -33.70296478 119.53609467 36.37891006 -33.50754166 119.98716736 36.20691681 -34.18037415 119.09059143 36.7990799 -34.37003326 119.02283478 36.96600342 -33.37815857 119.35118866 36.94529343 -33.09850311 119.98716736 36.59894943 -32.950634 119.20116425 37.4917984 -32.4114151 119.09059143 37.99468994 -32.33246231 119.20116425 37.7712326 -32.75605392 119.53609467 37.14348602 -32.68295288 119.75025177 37.01262283 -32.62909317 119.98716736 36.91621399 -32.84619522 119.35118866 37.30484009 -32.19954681 119.53609467 37.39504242 -32.26111603 119.35118866 37.56930923 -31.60852623 119.53609467 37.54893112 -31.63976097 119.35118866 37.73109818 -31.67595291 119.20116425 37.942173 -31.71600533 119.09059143 38.17575836 -22.62184143 119.35118866 -20.55470657 -23.15380669 119.35118866 -20.19516182 -22.48730469 119.20116425 -20.38808632 -23.90970993 120.23963165 -20.41417694 -24.44689941 120.23963165 -20.27430534 -25 119.98716736 -20.15960312 -24.41680717 119.75025177 -20.09880829 -24.43547058 119.98716736 -20.20765305 -26.14960861 119.75025177 -20.24629211 -25.58319283 119.75025177 -20.09880829 -26.11281967 119.98716736 -20.35041618 -25 120.23963165 -20.22722816 -23.80045509 119.53609467 -20.10495758 -24.39147377 119.53609467 -19.95106697 -23.31704903 119.75025177 -20.48737717 -23.24394417 119.53609467 -20.35651588 -22.73795128 119.53609467 -20.69850731 -21.77649307 119.35118866 -21.5152092 -22.15829277 119.35118866 -20.99898338 -21.59413528 119.20116425 -21.40292549 -22.40955925 119.75025177 -21.2201252 -22.29703522 119.53609467 -21.12109184 -21.93387794 119.53609467 -21.61211395 -27.45677948 120.23963165 -21.33776283 -27.78685951 120.23963165 -21.78406143 -21.48742867 119.35118866 -22.0885334 -21.09006691 119.20116425 -22.65734482 -21.29941559 119.35118866 -22.70246315 -21.65892601 119.53609467 -22.15744591 -21.48009109 119.53609467 -22.74140167 -21.79801369 119.75025177 -22.21333694 -21.42843819 119.53609467 -23.9573555 -21.55228043 119.75025177 -23.35354233 -21.40251923 119.53609467 -23.34718132 -21.03269196 119.20116425 -24.00803375 -21.24511147 119.35118866 -23.98083305 -21.21786118 119.35118866 -23.3393364 -21.95642853 119.35118866 -25.7510128 -21.61978531 119.35118866 -25.20426941 -21.78424835 119.20116425 -25.87835693 -21.55710602 119.53609467 -24.55437469 -21.57712173 119.75025177 -23.93831635 -22.88018799 119.35118866 -26.63636398 -23.35251617 119.20116425 -27.14464569 -23.44072723 119.35118866 -26.94950104 -22.10502625 119.53609467 -25.64111137 -22.50851822 119.53609467 -26.09956551 -22.22554398 119.75025177 -25.55197716 -24.13046646 119.75025177 -26.83947945 -24.09269524 119.53609467 -26.98454094 -24.6946373 119.53609467 -27.0877533 -23.57859993 119.75025177 -26.6444931 -23.51685715 119.53609467 -26.78108406 -26.48314285 119.53609467 -26.78108406 -25.86953354 119.75025177 -26.83947945 -25.90730476 119.53609467 -26.98454094 -26.55927277 119.35118866 -26.94950104 -25.9538765 119.35118866 -27.16340065 -26.64748383 119.20116425 -27.14464569 -27.49148178 119.53609467 -26.09956551 -27.89497375 119.53609467 -25.64111137 -27.38776207 119.75025177 -25.99134636 -27.61936951 119.35118866 -26.23300171 -28.21575165 119.20116425 -25.87835693 -28.04357147 119.35118866 -25.7510128 -28.99610138 119.20116425 -23.33024788 -28.78213882 119.35118866 -23.3393364 -28.75488853 119.35118866 -23.98083305 -28.61961746 119.35118866 -24.60849571 -28.96730804 119.20116425 -24.00803375 -28.70058441 119.35118866 -22.70246315 -28.71128273 119.20116425 -22.00868416 -28.51257133 119.35118866 -22.0885334 -28.90993309 119.20116425 -22.65734482 -28.09951782 119.98716736 -22.25451088 -28.20198631 119.75025177 -22.21333694 -27.93848038 119.75025177 -21.69070625 -25.75870514 119.02283478 -19.07522011 -26.49558258 119.02283478 -19.26708984 -27.06621742 119.09059143 -19.80130005 -27.18943596 119.02283478 -19.58073044 -28.40586472 119.20116425 -21.40292549 -28.22350693 119.35118866 -21.5152092 -28.34107399 119.53609467 -22.15744591 -28.06612206 119.53609467 -21.61211395 -27.66158104 119.09059143 -20.2036953 -27.51269531 119.20116425 -20.38808632 -28.00246811 119.20116425 -20.85749626 -28.37337494 119.75025177 -22.77298164 -28.51990891 119.53609467 -22.74140167 -27.1678791 119.75025177 -20.81513214 -27.59044075 119.75025177 -21.2201252 -27.26204872 119.53609467 -20.69850731 -27.05602074 120.23963165 -20.95366669 -25.56452942 119.98716736 -20.20765305 -25.55310059 120.23963165 -20.27430534 -26.09029007 120.23963165 -20.41417694 -26.5961132 120.23963165 -20.64282417 -27.82030296 119.02283478 -20.00712204 -28.44771957 119.75025177 -23.35354233 -28.59748077 119.53609467 -23.34718132 -28.57156181 119.53609467 -23.9573555 -28.29956818 119.75025177 -24.51048088 -28.44289398 119.53609467 -24.55437469 -28.42287827 119.75025177 -23.93831635 -28.21518135 119.53609467 -25.12105942 -27.77445602 119.75025177 -25.55197716 -28.08133316 119.75025177 -25.05357552 -28.38021469 119.35118866 -25.20426941 -28.82438469 119.20116425 -24.67120552 -26.93237686 119.75025177 -26.35904503 -27.01631546 119.53609467 -26.48323631 -28.57143974 119.20116425 -25.30068207 -27.76755142 119.20116425 -26.38761139 -27.11981201 119.35118866 -26.63636398 -26.42140007 119.75025177 -26.6444931 -25.29265022 119.75025177 -26.93839645 -25.3053627 119.53609467 -27.0877533 -27.23973465 119.20116425 -26.81379318 -25.32103729 119.35118866 -27.27191353 -26.0078373 119.20116425 -27.37064552 -24.70734978 119.75025177 -26.93839645 -24.67896271 119.35118866 -27.27191353 -24.0461235 119.35118866 -27.16340065 -24.66080093 119.20116425 -27.48529625 -25.33919907 119.20116425 -27.48529625 -22.98368454 119.53609467 -26.48323631 -23.06762314 119.75025177 -26.35904503 -23.9921627 119.20116425 -27.37064552 -22.38063049 119.35118866 -26.23300171 -22.76026535 119.20116425 -26.81379318 -22.61223793 119.75025177 -25.99134636 -21.91866684 119.75025177 -25.05357552 -21.78481865 119.53609467 -25.12105942 -22.23244858 119.20116425 -26.38761139 -21.42856026 119.20116425 -25.30068207 -21.38038254 119.35118866 -24.60849571 -21.70043182 119.75025177 -24.51048088 -21.62662506 119.75025177 -22.77298164 -21.17561531 119.20116425 -24.67120552 -22.06151962 119.75025177 -21.69070625 -21.00389862 119.20116425 -23.33024788 -22.8321209 119.75025177 -20.81513214 -21.28871727 119.20116425 -22.00868416 -23.85039139 119.75025177 -20.24629211 -21.99753189 119.20116425 -20.85749626 -23.6675396 119.20116425 -19.7287693 -23.73888206 119.35118866 -19.93069077 -24.36023903 119.35118866 -19.76890182 -23.04936409 119.20116425 -20.0082016 -25 119.75025177 -20.04917145 -25 119.53609467 -19.89927483 -25 119.35118866 -19.71444893 -24.32404709 119.20116425 -19.557827 -25 119.20116425 -19.50029564 -24.28399467 119.09059143 -19.32423973 -25 119.09059143 -19.26329994 -24.24129486 119.02283478 -19.07522011 -25 119.02283478 -19.01064491 -23.4038868 120.23963165 -20.64282417 -23.88718033 119.98716736 -20.35041618 -23.58858681 119.09059143 -19.50531006 -23.50441742 119.02283478 -19.26708984 -22.94397926 120.23963165 -20.95366669 -23.37090492 119.98716736 -20.58378792 -22.93378258 119.09059143 -19.80130005 -22.81056404 119.02283478 -19.58073044 -22.54322052 120.23963165 -21.33776283 -22.90149689 119.98716736 -20.90105247 -22.33841896 119.09059143 -20.2036953 -22.17969704 119.02283478 -20.00712204 -22.21314049 120.23963165 -21.78406143 -22.49245644 119.98716736 -21.2930851 -21.81962585 119.09059143 -20.7009182 -21.62996674 119.02283478 -20.53399658 -21.96323204 120.23963165 -22.27972603 -22.15555573 119.98716736 -21.74860573 -21.39232635 119.09059143 -21.27866745 -21.17718315 119.02283478 -21.14619827 -21.80068588 120.23963165 -22.81049538 -21.90048218 119.98716736 -22.25451088 -21.06881142 119.09059143 -21.9203186 -20.83437729 119.02283478 -21.82611465 -21.73017693 120.23963165 -23.36109924 -21.73457909 119.98716736 -22.79624748 -20.85839081 119.09059143 -22.60741425 -20.61140823 119.02283478 -22.55418587 -21.7537365 120.23963165 -23.91570091 -21.66261292 119.98716736 -23.35822868 -20.76711655 119.09059143 -23.32018852 -20.5146904 119.02283478 -23.30946732 -21.87068558 120.23963165 -24.4583416 -21.68665886 119.98716736 -23.9242897 -20.79761505 119.09059143 -24.03813744 -20.54700851 119.02283478 -24.07022858 -22.0776577 120.23963165 -24.97341347 -21.80602455 119.98716736 -24.47814369 -20.94900703 119.09059143 -24.74060249 -20.70742798 119.02283478 -24.81458473 -22.36870193 120.23963165 -25.44609833 -22.01727295 119.98716736 -25.00385857 -21.21693993 119.09059143 -25.40737915 -20.99133873 119.02283478 -25.52112389 -22.73544312 120.23963165 -25.86279678 -22.31433105 119.98716736 -25.48631096 -21.59370422 119.09059143 -26.01928329 -21.39057159 119.02283478 -26.16951942 -23.16732979 120.23963165 -26.21152306 -22.68865013 119.98716736 -25.91161919 -22.06846237 119.09059143 -26.55871201 -21.89364052 119.02283478 -26.74111748 -23.6519413 120.23963165 -26.48224258 -23.1294632 119.98716736 -26.26755142 -22.62755394 119.09059143 -27.01014709 -22.48607445 119.02283478 -27.21947289 -24.17533302 120.23963165 -26.66716766 -23.62408638 119.98716736 -26.5438633 -23.25489807 119.09059143 -27.36060333 -23.15082932 119.02283478 -27.59082794 -24.72245026 120.23963165 -26.76098061 -24.15829277 119.98716736 -26.7326107 -23.93244362 119.09059143 -27.59999466 -23.86878204 119.02283478 -27.84449577 -25.27754974 120.23963165 -26.76098061 -24.71671486 119.98716736 -26.82836151 -24.6407032 119.09059143 -27.72143745 -24.61927605 119.02283478 -27.97318077 -25.82466698 120.23963165 -26.66716766 -25.28328514 119.98716736 -26.82836151 -25.3592968 119.09059143 -27.72143745 -25.38072395 119.02283478 -27.97318077 -26.3480587 120.23963165 -26.48224258 -25.84170723 119.98716736 -26.7326107 -26.06755638 119.09059143 -27.59999466 -26.13121796 119.02283478 -27.84449577 -26.83267021 120.23963165 -26.21152306 -26.37591362 119.98716736 -26.5438633 -26.74510193 119.09059143 -27.36060333 -26.84917068 119.02283478 -27.59082794 -27.26455688 120.23963165 -25.86279678 -26.8705368 119.98716736 -26.26755142 -27.37244606 119.09059143 -27.01014709 -27.51392555 119.02283478 -27.21947289 -27.63129807 120.23963165 -25.44609833 -27.31134987 119.98716736 -25.91161919 -27.93153763 119.09059143 -26.55871201 -28.10635948 119.02283478 -26.74111748 -27.9223423 120.23963165 -24.97341347 -27.68566895 119.98716736 -25.48631096 -28.40629578 119.09059143 -26.01928329 -28.60942841 119.02283478 -26.16951942 -28.12931442 120.23963165 -24.4583416 -27.98272705 119.98716736 -25.00385857 -28.78306007 119.09059143 -25.40737915 -29.00866127 119.02283478 -25.52112389 -28.2462635 120.23963165 -23.91570091 -28.19397545 119.98716736 -24.47814369 -29.05099297 119.09059143 -24.74060249 -29.29257202 119.02283478 -24.81458473 -28.26982307 120.23963165 -23.36109924 -28.31334114 119.98716736 -23.9242897 -29.20238495 119.09059143 -24.03813744 -29.45299149 119.02283478 -24.07022858 -28.19931412 120.23963165 -22.81049538 -28.33738708 119.98716736 -23.35822868 -29.23288345 119.09059143 -23.32018852 -29.4853096 119.02283478 -23.30946732 -28.03676796 120.23963165 -22.27972603 -28.26542091 119.98716736 -22.79624748 -29.14160919 119.09059143 -22.60741425 -29.38859177 119.02283478 -22.55418587 -28.93118858 119.09059143 -21.9203186 -29.16562271 119.02283478 -21.82611465 -27.84444427 119.98716736 -21.74860573 -27.84170723 119.35118866 -20.99898338 -28.60767365 119.09059143 -21.27866745 -28.82281685 119.02283478 -21.14619827 -27.70296478 119.53609467 -21.12109184 -27.50754356 119.98716736 -21.2930851 -28.18037415 119.09059143 -20.7009182 -28.37003326 119.02283478 -20.53399658 -27.37815857 119.35118866 -20.55470657 -27.09850311 119.98716736 -20.90105247 -26.95063591 119.20116425 -20.0082016 -26.41141319 119.09059143 -19.50531006 -26.3324604 119.20116425 -19.7287693 -26.75605583 119.53609467 -20.35651588 -26.68295097 119.75025177 -20.48737717 -26.62909508 119.98716736 -20.58378792 -26.84619331 119.35118866 -20.19516182 -26.19954491 119.53609467 -20.10495758 -26.26111794 119.35118866 -19.93069077 -25.60852623 119.53609467 -19.95106697 -25.63976097 119.35118866 -19.76890182 -25.67595291 119.20116425 -19.557827 -25.71600533 119.09059143 -19.32423973 27.37815857 119.35118866 -20.55470657 26.84619331 119.35118866 -20.19516182 27.51269531 119.20116425 -20.38808632 26.09029007 120.23963165 -20.41417694 25.55310059 120.23963165 -20.27430534 25 119.98716736 -20.15960312 25.58319283 119.75025177 -20.09880829 25.56452942 119.98716736 -20.20765305 23.85039139 119.75025177 -20.24629211 24.41680717 119.75025177 -20.09880829 23.88718033 119.98716736 -20.35041618 25 120.23963165 -20.22722816 26.19954491 119.53609467 -20.10495758 25.60852623 119.53609467 -19.95106697 26.68295097 119.75025177 -20.48737717 26.75605583 119.53609467 -20.35651588 27.26204872 119.53609467 -20.69850731 28.22350693 119.35118866 -21.5152092 27.84170723 119.35118866 -20.99898338 28.40586472 119.20116425 -21.40292549 27.59044075 119.75025177 -21.2201252 27.70296478 119.53609467 -21.12109184 28.06612206 119.53609467 -21.61211395 22.54322052 120.23963165 -21.33776283 22.21314049 120.23963165 -21.78406143 28.51257133 119.35118866 -22.0885334 28.90993309 119.20116425 -22.65734482 28.70058441 119.35118866 -22.70246315 28.34107399 119.53609467 -22.15744591 28.51990891 119.53609467 -22.74140167 28.20198631 119.75025177 -22.21333694 28.57156181 119.53609467 -23.9573555 28.44771957 119.75025177 -23.35354233 28.59748077 119.53609467 -23.34718132 28.96730804 119.20116425 -24.00803375 28.75488853 119.35118866 -23.98083305 28.78213882 119.35118866 -23.3393364 28.04357147 119.35118866 -25.7510128 28.38021469 119.35118866 -25.20426941 28.21575165 119.20116425 -25.87835693 28.44289398 119.53609467 -24.55437469 28.42287827 119.75025177 -23.93831635 27.11981201 119.35118866 -26.63636398 26.64748383 119.20116425 -27.14464569 26.55927277 119.35118866 -26.94950104 27.89497375 119.53609467 -25.64111137 27.49148178 119.53609467 -26.09956551 27.77445602 119.75025177 -25.55197716 25.86953354 119.75025177 -26.83947945 25.90730476 119.53609467 -26.98454094 25.3053627 119.53609467 -27.0877533 26.42140007 119.75025177 -26.6444931 26.48314285 119.53609467 -26.78108406 23.51685715 119.53609467 -26.78108406 24.13046646 119.75025177 -26.83947945 24.09269524 119.53609467 -26.98454094 23.44072723 119.35118866 -26.94950104 24.0461235 119.35118866 -27.16340065 23.35251617 119.20116425 -27.14464569 22.50851822 119.53609467 -26.09956551 22.10502625 119.53609467 -25.64111137 22.61223793 119.75025177 -25.99134636 22.38063049 119.35118866 -26.23300171 21.78424835 119.20116425 -25.87835693 21.95642853 119.35118866 -25.7510128 21.00389862 119.20116425 -23.33024788 21.21786118 119.35118866 -23.3393364 21.24511147 119.35118866 -23.98083305 21.38038254 119.35118866 -24.60849571 21.03269196 119.20116425 -24.00803375 21.29941559 119.35118866 -22.70246315 21.28871727 119.20116425 -22.00868416 21.48742867 119.35118866 -22.0885334 21.09006691 119.20116425 -22.65734482 21.90048218 119.98716736 -22.25451088 21.79801369 119.75025177 -22.21333694 22.06151962 119.75025177 -21.69070625 24.24129486 119.02283478 -19.07522011 23.50441742 119.02283478 -19.26708984 22.93378258 119.09059143 -19.80130005 22.81056404 119.02283478 -19.58073044 21.59413528 119.20116425 -21.40292549 21.77649307 119.35118866 -21.5152092 21.65892601 119.53609467 -22.15744591 21.93387794 119.53609467 -21.61211395 22.33841896 119.09059143 -20.2036953 22.48730469 119.20116425 -20.38808632 21.99753189 119.20116425 -20.85749626 21.62662506 119.75025177 -22.77298164 21.48009109 119.53609467 -22.74140167 22.8321209 119.75025177 -20.81513214 22.40955925 119.75025177 -21.2201252 22.73795128 119.53609467 -20.69850731 22.94397926 120.23963165 -20.95366669 24.43547058 119.98716736 -20.20765305 24.44689941 120.23963165 -20.27430534 23.90970993 120.23963165 -20.41417694 23.4038868 120.23963165 -20.64282417 22.17969704 119.02283478 -20.00712204 21.55228043 119.75025177 -23.35354233 21.40251923 119.53609467 -23.34718132 21.42843819 119.53609467 -23.9573555 21.70043182 119.75025177 -24.51048088 21.55710602 119.53609467 -24.55437469 21.57712173 119.75025177 -23.93831635 21.78481865 119.53609467 -25.12105942 22.22554398 119.75025177 -25.55197716 21.91866684 119.75025177 -25.05357552 21.61978531 119.35118866 -25.20426941 21.17561531 119.20116425 -24.67120552 23.06762314 119.75025177 -26.35904503 22.98368454 119.53609467 -26.48323631 21.42856026 119.20116425 -25.30068207 22.23244858 119.20116425 -26.38761139 22.88018799 119.35118866 -26.63636398 23.57859993 119.75025177 -26.6444931 24.70734978 119.75025177 -26.93839645 24.6946373 119.53609467 -27.0877533 22.76026535 119.20116425 -26.81379318 24.67896271 119.35118866 -27.27191353 23.9921627 119.20116425 -27.37064552 25.29265022 119.75025177 -26.93839645 25.32103729 119.35118866 -27.27191353 25.9538765 119.35118866 -27.16340065 25.33919907 119.20116425 -27.48529625 24.66080093 119.20116425 -27.48529625 27.01631546 119.53609467 -26.48323631 26.93237686 119.75025177 -26.35904503 26.0078373 119.20116425 -27.37064552 27.61936951 119.35118866 -26.23300171 27.23973465 119.20116425 -26.81379318 27.38776207 119.75025177 -25.99134636 28.08133316 119.75025177 -25.05357552 28.21518135 119.53609467 -25.12105942 27.76755142 119.20116425 -26.38761139 28.57143974 119.20116425 -25.30068207 28.61961746 119.35118866 -24.60849571 28.29956818 119.75025177 -24.51048088 28.37337494 119.75025177 -22.77298164 28.82438469 119.20116425 -24.67120552 27.93848038 119.75025177 -21.69070625 28.99610138 119.20116425 -23.33024788 27.1678791 119.75025177 -20.81513214 28.71128273 119.20116425 -22.00868416 26.14960861 119.75025177 -20.24629211 28.00246811 119.20116425 -20.85749626 26.3324604 119.20116425 -19.7287693 26.26111794 119.35118866 -19.93069077 25.63976097 119.35118866 -19.76890182 26.95063591 119.20116425 -20.0082016 25 119.75025177 -20.04917145 25 119.53609467 -19.89927483 25 119.35118866 -19.71444893 25.67595291 119.20116425 -19.557827 25 119.20116425 -19.50029564 25.71600533 119.09059143 -19.32423973 25 119.09059143 -19.26329994 25.75870514 119.02283478 -19.07522011 25 119.02283478 -19.01064491 26.5961132 120.23963165 -20.64282417 26.11281967 119.98716736 -20.35041618 26.41141319 119.09059143 -19.50531006 26.49558258 119.02283478 -19.26708984 27.05602074 120.23963165 -20.95366669 26.62909508 119.98716736 -20.58378792 27.06621742 119.09059143 -19.80130005 27.18943596 119.02283478 -19.58073044 27.45677948 120.23963165 -21.33776283 27.09850311 119.98716736 -20.90105247 27.66158104 119.09059143 -20.2036953 27.82030296 119.02283478 -20.00712204 27.78685951 120.23963165 -21.78406143 27.50754356 119.98716736 -21.2930851 28.18037415 119.09059143 -20.7009182 28.37003326 119.02283478 -20.53399658 28.03676796 120.23963165 -22.27972603 27.84444427 119.98716736 -21.74860573 28.60767365 119.09059143 -21.27866745 28.82281685 119.02283478 -21.14619827 28.19931412 120.23963165 -22.81049538 28.09951782 119.98716736 -22.25451088 28.93118858 119.09059143 -21.9203186 29.16562271 119.02283478 -21.82611465 28.26982307 120.23963165 -23.36109924 28.26542091 119.98716736 -22.79624748 29.14160919 119.09059143 -22.60741425 29.38859177 119.02283478 -22.55418587 28.2462635 120.23963165 -23.91570091 28.33738708 119.98716736 -23.35822868 29.23288345 119.09059143 -23.32018852 29.4853096 119.02283478 -23.30946732 28.12931442 120.23963165 -24.4583416 28.31334114 119.98716736 -23.9242897 29.20238495 119.09059143 -24.03813744 29.45299149 119.02283478 -24.07022858 27.9223423 120.23963165 -24.97341347 28.19397545 119.98716736 -24.47814369 29.05099297 119.09059143 -24.74060249 29.29257202 119.02283478 -24.81458473 27.63129807 120.23963165 -25.44609833 27.98272705 119.98716736 -25.00385857 28.78306007 119.09059143 -25.40737915 29.00866127 119.02283478 -25.52112389 27.26455688 120.23963165 -25.86279678 27.68566895 119.98716736 -25.48631096 28.40629578 119.09059143 -26.01928329 28.60942841 119.02283478 -26.16951942 26.83267021 120.23963165 -26.21152306 27.31134987 119.98716736 -25.91161919 27.93153763 119.09059143 -26.55871201 28.10635948 119.02283478 -26.74111748 26.3480587 120.23963165 -26.48224258 26.8705368 119.98716736 -26.26755142 27.37244606 119.09059143 -27.01014709 27.51392555 119.02283478 -27.21947289 25.82466698 120.23963165 -26.66716766 26.37591362 119.98716736 -26.5438633 26.74510193 119.09059143 -27.36060333 26.84917068 119.02283478 -27.59082794 25.27754974 120.23963165 -26.76098061 25.84170723 119.98716736 -26.7326107 26.06755638 119.09059143 -27.59999466 26.13121796 119.02283478 -27.84449577 24.72245026 120.23963165 -26.76098061 25.28328514 119.98716736 -26.82836151 25.3592968 119.09059143 -27.72143745 25.38072395 119.02283478 -27.97318077 24.17533302 120.23963165 -26.66716766 24.71671486 119.98716736 -26.82836151 24.6407032 119.09059143 -27.72143745 24.61927605 119.02283478 -27.97318077 23.6519413 120.23963165 -26.48224258 24.15829277 119.98716736 -26.7326107 23.93244362 119.09059143 -27.59999466 23.86878204 119.02283478 -27.84449577 23.16732979 120.23963165 -26.21152306 23.62408638 119.98716736 -26.5438633 23.25489807 119.09059143 -27.36060333 23.15082932 119.02283478 -27.59082794 22.73544312 120.23963165 -25.86279678 23.1294632 119.98716736 -26.26755142 22.62755394 119.09059143 -27.01014709 22.48607445 119.02283478 -27.21947289 22.36870193 120.23963165 -25.44609833 22.68865013 119.98716736 -25.91161919 22.06846237 119.09059143 -26.55871201 21.89364052 119.02283478 -26.74111748 22.0776577 120.23963165 -24.97341347 22.31433105 119.98716736 -25.48631096 21.59370422 119.09059143 -26.01928329 21.39057159 119.02283478 -26.16951942 21.87068558 120.23963165 -24.4583416 22.01727295 119.98716736 -25.00385857 21.21693993 119.09059143 -25.40737915 20.99133873 119.02283478 -25.52112389 21.7537365 120.23963165 -23.91570091 21.80602455 119.98716736 -24.47814369 20.94900703 119.09059143 -24.74060249 20.70742798 119.02283478 -24.81458473 21.73017693 120.23963165 -23.36109924 21.68665886 119.98716736 -23.9242897 20.79761505 119.09059143 -24.03813744 20.54700851 119.02283478 -24.07022858 21.80068588 120.23963165 -22.81049538 21.66261292 119.98716736 -23.35822868 20.76711655 119.09059143 -23.32018852 20.5146904 119.02283478 -23.30946732 21.96323204 120.23963165 -22.27972603 21.73457909 119.98716736 -22.79624748 20.85839081 119.09059143 -22.60741425 20.61140823 119.02283478 -22.55418587 21.06881142 119.09059143 -21.9203186 20.83437729 119.02283478 -21.82611465 22.15555573 119.98716736 -21.74860573 22.15829277 119.35118866 -20.99898338 21.39232635 119.09059143 -21.27866745 21.17718315 119.02283478 -21.14619827 22.29703522 119.53609467 -21.12109184 22.49245644 119.98716736 -21.2930851 21.81962585 119.09059143 -20.7009182 21.62996674 119.02283478 -20.53399658 22.62184143 119.35118866 -20.55470657 22.90149689 119.98716736 -20.90105247 23.04936409 119.20116425 -20.0082016 23.58858681 119.09059143 -19.50531006 23.6675396 119.20116425 -19.7287693 23.24394417 119.53609467 -20.35651588 23.31704903 119.75025177 -20.48737717 23.37090492 119.98716736 -20.58378792 23.15380669 119.35118866 -20.19516182 23.80045509 119.53609467 -20.10495758 23.73888206 119.35118866 -19.93069077 24.39147377 119.53609467 -19.95106697 24.36023903 119.35118866 -19.76890182 24.32404709 119.20116425 -19.557827 24.28399467 119.09059143 -19.32423973 37.5664978 108.89285278 -21.04345703 37.49507141 108.96434021 -21.2755146 37.93735504 108.52199554 -20.50219154 37.794487 108.6648941 -20.65523148 37.66877747 108.79060364 -20.83571815 38.25660324 108.20275879 -20.27482605 38.42731476 108.0320282 -20.1975708 38.09249496 108.36688232 -20.37591934 38.60251617 107.85683441 -20.14310455 38.78020859 107.67913818 -20.11074448 -37.93702698 108.52232361 -20.50216103 -37.79413986 108.66525269 -20.6552639 -37.6686058 108.79077148 -20.8357811 -37.56622314 108.89313507 -21.04377174 -37.49492645 108.96472168 -21.27626228 -38.09231186 108.3670578 -20.37588692 -38.25640869 108.20295715 -20.2749176 -38.42694855 108.03239441 -20.19763374 -38.60209274 107.85725403 -20.14313507 -38.78009415 107.67925262 -20.11073494 -20.61424255 -9.08578682 36.61417007 -21.7090168 -9.32442951 37.58315277 -21.83568192 -9.08578682 37.42346954 -9.33582783 -8.71798706 49.74816513 -9.54667854 -8.88196564 49.58340454 -8.72406578 -8.88196564 48.32197952 -22.74975395 -9.32442951 38.56449127 -22.90172768 -9.08578682 38.42866898 -22.62748909 -9.59201908 38.67375946 -23.7813282 -9.08578682 39.6004982 -23.60847473 -9.32442951 39.70849991 -23.46940994 -9.59201908 39.79539108 -24.26016998 -9.32442951 40.98186111 -24.44887161 -9.08578682 40.9048233 -24.10835648 -9.59201908 41.0438385 -24.68586159 -9.32442951 42.34749222 -24.88491249 -9.08578682 42.30366135 -24.52571869 -9.59201908 42.38275528 -24.33687782 -10.18713093 42.42433548 -24.70938683 -9.59204197 43.77313614 -24.87314796 -9.32442951 43.76561737 -23.92933655 -10.18713093 41.11692429 -24.40842819 -9.88196564 42.40858078 -24.58936691 -9.88196564 43.77864456 -24.51623154 -10.18713856 43.7820015 -14.70092964 -9.88196564 52.04551315 -14.67424774 -9.59201908 52.16261292 -16.0632534 -9.59201908 52.35637283 -10.02453232 -9.59201908 49.2100029 -9.25845242 -9.59201908 48.03526688 -9.8953228 -9.32442951 49.31097031 -25.07678986 -9.08582211 43.75626755 -25.31514549 -8.88196564 43.745327 -25.11797142 -8.88196564 42.25234222 -25.37930107 -8.71798706 42.19479752 -25.58247757 -8.71803188 43.73305511 -25.66246414 -8.59788704 42.13244629 -25.87209511 -8.59788704 43.71975708 -25.96048927 -8.52462292 42.06682205 -26.17694855 -8.52467346 43.70576477 -19.27298164 -9.08578682 36.02434158 -20.51657486 -9.32442951 36.79306412 -21.60711098 -9.59201908 37.71162033 -19.20715332 -9.32442951 36.21723938 -17.85095978 -9.08578682 35.67116547 -20.43799591 -9.59201908 36.93699265 -16.38959312 -9.08578682 35.56492233 -17.81888962 -9.32442951 35.87244797 -19.15419197 -9.59201908 36.37243271 -14.93144321 -9.08578682 35.70870972 -16.39221573 -9.32442951 35.76872635 -17.79308701 -9.59201908 36.03438187 -14.96867943 -9.32442951 35.90909958 -16.39432335 -9.59201908 35.93269348 -13.58974171 -9.32442951 36.28948212 -14.9986372 -9.59201908 36.07032013 -13.5189743 -9.08578682 36.09833908 -13.64667606 -9.59201908 36.44326019 -12.29556179 -9.32442951 36.89878845 -12.19332504 -9.08578682 36.72246552 -11.1238308 -9.32442951 37.71928024 -12.37781429 -9.59201908 37.0406456 -10.99310112 -9.08578682 37.56290817 -10.10867405 -9.32442951 38.72705841 -11.22900677 -9.59201908 37.84508514 -9.95325947 -9.08578682 38.59518814 -10.23371029 -9.59201908 38.83314896 -9.27965736 -9.32442951 39.89276886 -9.10408306 -9.08578682 39.78924942 -8.660923 -9.32442951 41.18247223 -9.42091084 -9.59201908 39.97605515 -8.47030354 -9.08578682 41.1103096 -8.27049255 -9.32442951 42.55859756 -8.81428146 -9.59201908 41.24052429 -8.07037926 -9.08578682 42.51989746 -8.43148899 -9.59201908 42.58972931 -8.11973667 -9.32442951 43.98107147 -7.91595745 -9.08578682 43.97696304 -8.21304512 -9.32442951 45.40846252 -8.28368187 -9.59201908 43.984375 -8.01153469 -9.08578682 45.43906403 -8.54770088 -9.32442951 46.79920578 -9.11395741 -9.32442951 48.11279297 -8.70327377 -9.59201908 46.7473793 -8.37516499 -9.59201908 45.38384247 -12.19831276 -10.18713093 50.92422104 -13.41280365 -10.18713093 51.55701065 -11.10910225 -10.18713093 50.0941391 -10.1768961 -10.18713093 49.0909462 -14.717206 -10.18713093 51.97407913 -16.06963539 -9.88196564 52.23644257 -16.0735302 -10.18713093 52.1632843 -17.45087624 -9.88196564 52.19186401 -17.44227982 -10.18713856 52.1191597 -12.77321148 -8.52462292 53.09156418 -14.34785461 -8.52462292 53.59503937 -12.89061356 -8.59788704 52.80988693 -8.35432816 -9.08578682 46.86362457 -8.12791824 -8.88196564 46.93904877 -8.48827076 -8.71798706 48.44849014 -8.93435383 -9.08578682 48.20915222 -9.73472023 -9.08578682 49.43646622 -14.41565132 -8.59788704 53.29750061 -13.00216007 -8.71798706 52.5422554 -11.47069454 -8.59788704 52.07006073 -11.30710697 -8.52462292 52.32767487 -11.62612343 -8.71798706 51.82529449 -10.39203167 -8.71798706 50.88479996 -15.98517609 -8.52462292 53.82344055 -23.30542374 -10.18713093 39.89785004 -23.99716568 -9.88196564 41.0892334 -24.91755104 -8.71798706 40.7134819 -24.66981125 -8.88196564 40.81462097 -25.18598747 -8.59788704 40.60388947 -25.4685154 -8.52462292 40.48854828 -22.48331261 -10.18713093 38.8026123 -23.36755753 -9.88196564 39.85902786 -24.21064758 -8.71798706 39.33224869 -23.98371506 -8.88196564 39.47404099 -24.45654297 -8.59788704 39.17861176 -24.71534348 -8.52462292 39.01690674 -21.4869442 -10.18713093 37.8631134 -22.53793907 -9.88196564 38.75379181 -23.27918434 -8.71798706 38.09133148 -23.07966423 -8.88196564 38.26964569 -23.49537277 -8.59788704 37.89811707 -23.72290993 -8.52462292 37.69476318 -20.34533882 -10.18713093 37.10670853 -21.53247452 -9.88196564 37.80571365 -22.15028381 -8.71798706 37.0268631 -21.98398781 -8.88196564 37.2365036 -22.33047295 -8.59788704 36.79970169 -22.52011871 -8.52462292 36.56061935 -19.09174156 -10.18713093 36.55543137 -20.38044548 -9.88196564 37.04240417 -20.85682678 -8.71798706 36.16984558 -20.72859955 -8.88196564 36.40470886 -20.99576569 -8.59788704 35.91535568 -21.14199829 -8.52462292 35.64751053 -17.76266289 -10.18713093 36.22533798 -19.11540222 -9.88196564 36.48609543 -19.43648148 -8.71798706 35.54524231 -19.3500576 -8.88196564 35.79848862 -19.53012657 -8.59788704 35.27083206 -19.6286869 -8.52462292 34.98202133 -16.39681053 -10.18713093 36.12604141 -17.7741909 -9.88196564 36.15298843 -17.93061447 -8.71798706 35.17123795 -17.88850975 -8.88196564 35.43549347 -17.97623825 -8.59788704 34.88490295 -18.02425575 -8.52462292 34.58354187 -15.0339632 -10.18713093 36.26042938 -16.3958683 -9.88196564 36.05278397 -16.38308334 -8.71798706 35.05873108 -16.38652611 -8.88196564 35.32630157 -16.37935638 -8.59788704 34.76881027 -16.37543106 -8.52462292 34.46366882 -13.71381283 -10.18713093 36.62459183 -15.02057838 -9.88196564 36.18840027 -14.83895874 -8.71798706 35.21099854 -14.88784504 -8.88196564 35.47408295 -14.7859869 -8.59788704 34.92593002 -14.73023605 -8.52462292 34.62590027 -12.47480679 -10.18713093 37.20792389 -13.68837547 -9.88196564 36.55588913 -13.34320831 -8.71798706 35.62360001 -13.43611622 -8.88196564 35.87454224 -13.2425375 -8.59788704 35.3516922 -13.13658237 -8.52462292 35.0655098 -11.35302925 -10.18713093 37.99343491 -12.4380579 -9.88196564 37.14454651 -11.9393959 -8.71798706 36.28452682 -12.07361984 -8.88196564 36.5160141 -11.79395676 -8.59788704 36.03369141 -11.6408844 -8.52462292 35.76969528 -10.3811512 -10.18713093 38.95824814 -11.30603886 -9.88196564 37.93722916 -10.66840553 -8.71798706 37.1745224 -10.84003639 -8.88196564 37.37981796 -10.48243427 -8.59788704 36.95207214 -10.28670216 -8.52462292 36.7179451 -9.58747673 -10.18713093 40.07426453 -10.32528687 -9.88196564 38.91085052 -9.56725216 -8.71798706 38.26766968 -9.77129173 -8.88196564 38.44079208 -9.34616566 -8.59788704 38.08007812 -9.11347389 -8.52462292 37.88264465 -8.995121 -10.18713093 41.30898285 -9.52436638 -9.88196564 40.03705597 -8.66800785 -8.71798706 39.5321312 -8.89851284 -8.88196564 39.66804123 -8.41824341 -8.59788704 39.38486862 -8.15536976 -8.52462292 39.22987366 -8.62133598 -10.18713093 42.62644196 -8.92660236 -9.88196564 41.28304672 -7.99685955 -8.71798706 40.93108368 -8.247118 -8.88196564 41.02582169 -7.7256918 -8.59788704 40.82843399 -7.44029188 -8.52462292 40.72039413 -8.47700691 -10.18713093 43.98827362 -8.5494051 -9.88196564 42.61253357 -7.57335472 -8.71798706 42.42378616 -7.83607721 -8.88196564 42.4745903 -7.28868151 -8.59788704 42.36873627 -6.98906708 -8.52462292 42.31079865 -8.56633663 -10.18713093 45.35481262 -8.40375805 -9.88196564 43.98679352 -7.40982771 -8.71798706 43.96675873 -7.67736292 -8.88196564 43.97215271 -7.1199398 -8.59788704 43.96091461 -6.8148365 -8.52462292 43.95476532 -8.88672543 -10.18713093 46.68626404 -8.49390411 -9.88196564 45.36581039 -7.51104069 -8.71798706 45.51507187 -7.77559662 -8.88196564 45.47489548 -7.22438002 -8.59788704 45.55860138 -6.92267418 -8.52462292 45.60441971 -9.42884159 -10.18713093 47.94384766 -8.81721783 -9.88196564 46.70941925 -7.87404537 -8.71798706 47.02362442 -7.59896135 -8.59788704 47.11526489 -7.30943918 -8.52462292 47.2117157 -9.36428261 -9.88196564 47.97848511 -8.23277473 -8.59788704 48.58556747 -7.96386814 -8.52462292 48.72984314 -12.00675488 -9.32442951 51.22588348 -12.0946579 -9.59201908 51.08745575 -10.97920227 -9.59201908 50.23737335 -10.11916637 -9.88196564 49.13605499 -10.57179737 -8.88196564 50.68658829 -9.10735989 -8.59788704 49.92669296 -8.8669014 -8.52462292 50.11458969 -10.86904144 -9.32442951 50.35883713 -11.05988407 -9.88196564 50.1484108 -10.7321167 -9.08578682 50.50981522 -10.19724751 -8.59788704 51.09957504 -9.992239 -8.52462292 51.32562256 -11.89749527 -9.08578682 51.39794159 -12.15903854 -9.88196564 50.98606873 -11.76956749 -8.88196564 51.59939957 -14.48006821 -8.71798706 53.01480103 -13.27532864 -9.32442951 51.88684845 -13.33841419 -9.59201908 51.73549271 -13.38461876 -9.88196564 51.62463379 -13.19691563 -9.08578682 52.07498169 -13.10510635 -8.88196564 52.29526138 -14.63781738 -9.32442951 52.32249069 -14.59253502 -9.08578682 52.52121735 -14.53951645 -8.88196564 52.75389862 -16.05453873 -9.32442951 52.52011871 -16.04370689 -9.08578682 52.72365189 -16.03102493 -8.88196564 52.96195984 -16.01680374 -8.71798706 53.22917175 -16.00139427 -8.59788704 53.51870728 -17.63749123 -8.52467346 53.77012253 -17.46498489 -9.59204197 52.31118011 -17.48423386 -9.32442951 52.47397995 -17.50817108 -9.08582211 52.67642593 -17.53619003 -8.88196564 52.91338348 -17.5676136 -8.71803188 53.179142 -17.60165787 -8.59788704 53.46706009 -18.02194023 -10.18766975 52.02379608 -18.60114479 -10.13316536 51.88518143 -24.97526741 -9.17642117 44.30343628 -25.17259979 -8.97591782 44.29299545 -20.20133209 -9.00078392 51.51057053 -20.71947098 -9.07347202 51.08488083 -20.19950104 -9.14342594 51.43095398 -19.72690773 -9.90680885 51.48044205 -19.14327049 -9.82285213 51.75245285 -19.69940758 -9.72233677 51.5226593 -18.56703949 -9.65360641 52.02310181 -18.57948685 -9.88952637 51.93961716 -20.23553658 -9.59820843 51.25486755 -20.26112747 -9.7553854 51.21840286 -20.75287247 -9.45834255 50.94832611 -20.21665955 -9.44313812 51.30267334 -20.73638725 -9.32800865 50.98645401 -21.23766327 -9.20482445 50.63169098 -21.2503891 -9.31218433 50.60269928 -21.72720337 -9.17329121 50.2168541 -21.7193222 -9.08606148 50.23707581 -21.22601318 -8.78883457 50.79445648 -21.71200943 -8.8282547 50.31521225 -21.22300529 -8.89015675 50.74698639 -20.72418976 -8.8310585 51.21128082 -20.71912193 -8.95045948 51.14471817 -19.73644638 -8.6145916 52.22889328 -19.21250343 -8.60814953 52.6395607 -18.15836525 -8.56436253 53.40839005 -18.11589622 -8.66646957 53.14921188 -18.64456558 -8.71185684 52.81533051 -21.7117157 -8.91336918 50.28630447 -22.17605782 -8.92130375 49.81822586 -21.7141552 -8.99936199 50.26024246 -19.6848011 -8.88314152 51.96214294 -20.2101078 -8.86423588 51.59982681 -22.177742 -8.84955025 49.83369827 -22.61402893 -8.88990402 49.33701324 -22.62168694 -8.82374382 49.34350204 -22.18135643 -8.77828312 49.85098648 -23.01596069 -8.92155647 48.82830048 -23.0314846 -8.84976959 48.82745743 -22.63102913 -8.7579565 49.35141754 -23.37732315 -8.9992857 48.30029297 -23.04911613 -8.77846718 48.82822418 -23.40262604 -8.91330814 48.29365158 -23.69825554 -9.09837627 47.75527954 -23.73540497 -8.99339771 47.74419022 -23.43117714 -8.82820892 48.28923798 -23.97751427 -9.19924927 47.19969559 -23.77770042 -8.8900938 47.73625565 -24.02866936 -9.07326221 47.18541336 -24.28549767 -9.14323997 46.61616135 -24.08760071 -8.95030499 47.1753273 -24.36428642 -9.00065422 46.60500717 -24.50750923 -9.19579983 46.03738785 -24.21785355 -9.29095364 46.63251877 -24.69587898 -9.22375298 45.45175934 -24.60975075 -9.03462696 46.02596664 -24.42047882 -9.36516666 46.05473709 -24.82560539 -9.04594707 45.44060898 -24.85055161 -9.21968079 44.8711586 -24.58604622 -9.41403389 45.46901321 -25.01186752 -9.02837276 44.860466 -24.71419144 -9.42916775 44.88715744 -24.67422295 -9.64962292 44.33312607 -24.80800247 -9.40245724 44.31689835 -24.57646561 -9.91296005 44.35178375 -24.51679039 -10.18729591 44.37251282 -21.22394943 -8.99347973 50.70394897 -25.90377426 -8.56467247 44.28157425 -25.39618301 -8.80500793 44.28578949 -23.09060478 -8.63769627 48.8345871 -23.4977932 -8.66133118 48.28713226 -23.46292114 -8.7441597 48.2870636 -25.6415062 -8.66697693 44.2819519 -22.66904449 -8.56356525 49.38364029 -25.61876678 -8.59202576 44.86156464 -25.31744576 -8.60816383 45.44478989 -25.39901543 -8.71206188 44.85563278 -25.19566727 -8.85829735 44.85527039 -24.60499001 -9.65359116 44.90823364 -24.52458763 -9.88939857 44.93404007 -24.47432327 -10.13291454 44.96418381 -24.99783516 -8.61459351 46.0281105 -25.1382885 -8.7362709 45.43710327 -24.97368622 -8.88280296 45.43570709 -24.49747849 -9.61450195 45.49217224 -24.43120956 -9.82270622 45.52094269 -24.38809013 -10.03613091 45.55498886 -24.66197014 -8.61299038 46.60332489 -24.85604095 -8.74268818 46.0213089 -24.72628975 -8.88313293 46.02059555 -24.34947586 -9.54118919 46.07787323 -24.29512596 -9.72224998 46.1065712 -24.25795364 -9.90670109 46.14057922 -24.3081646 -8.60527325 47.17064667 -24.55315208 -8.73464203 46.59856415 -24.45370865 -8.86415386 46.59912872 -24.16181564 -9.44281673 46.65396881 -24.11774826 -9.59781361 46.68037033 -24.08595467 -9.75491142 46.71154785 -23.93406296 -8.59343624 47.73154831 -24.22767639 -8.71576214 47.16792679 -24.15404129 -8.83095264 47.16949081 -23.93438339 -9.32767773 47.21811295 -23.89947319 -9.45794582 47.24057388 -23.8729496 -9.58944702 47.26697922 -23.53572273 -8.5798893 48.28944778 -23.87718391 -8.68979931 47.72992325 -23.8250103 -8.7887888 47.7314949 -23.66636848 -9.20470142 47.76948166 -23.63984299 -9.31204033 47.78675079 -23.61876297 -9.4200573 47.80704117 -23.11440659 -8.56841755 48.84017181 -23.35531998 -9.08596897 48.30915451 -23.33666229 -9.17318249 48.32021713 -23.32138824 -9.26074982 48.33345795 -23.0688324 -8.7077446 48.83060074 -23.00256538 -8.99373245 48.83075333 -22.99131584 -9.0661993 48.83481216 -22.98222733 -9.13886166 48.84046936 -22.20372581 -8.5683651 49.91349792 -22.65472221 -8.62779427 49.37149811 -22.64204597 -8.69261551 49.36075592 -22.60806084 -8.95636272 49.33196259 -22.60379219 -9.02304554 49.32835007 -22.60122871 -9.08987904 49.32618332 -21.72924614 -8.57989883 50.418396 -22.19435692 -8.63759613 49.8909111 -22.18689728 -8.70760059 49.87006378 -22.17630959 -8.99344826 49.80459213 -22.1784935 -9.0658865 49.79281235 -22.18260765 -9.13852119 49.78290558 -21.24382782 -8.59344959 50.90208054 -21.72078323 -8.6613512 50.38132477 -21.71503258 -8.74419212 50.34690857 -21.73778725 -9.2608757 50.19961929 -20.75045586 -8.6053009 51.36328888 -21.23296165 -8.68982792 50.84620667 -21.22883987 -9.09847832 50.66547775 -21.26698112 -9.42022228 50.57859039 -20.24819756 -8.61300564 51.80479431 -20.73464966 -8.71582508 51.28424835 -20.72523308 -9.19951725 51.03203964 -20.77462006 -9.58991146 50.91783905 -20.22576141 -8.7346859 51.6981163 -20.20462036 -9.29120445 51.36149597 -18.68632126 -8.5918951 53.03133011 -19.67111969 -9.03464508 51.84626389 -19.70663834 -8.74269009 52.09007263 -19.66573524 -9.19583225 51.7435112 -19.66868019 -9.36521435 51.65480042 -18.01113892 -9.91305542 52.08600616 -19.67994308 -9.541255 51.58096313 -19.14754295 -8.88279247 52.30175018 -19.17573357 -8.73625278 52.46398544 -19.12825775 -9.0459528 52.1547966 -19.11812782 -9.22378349 52.02494049 -19.11725807 -9.41409779 51.91372681 -19.12568092 -9.61460495 51.82254028 -19.16983604 -10.03632355 51.70435333 -18.61099815 -8.85806751 52.61463928 -18.58613396 -9.02816105 52.43236923 -18.57038498 -9.21951866 52.27141953 -18.5639801 -9.42908382 52.13426208 -18.07961273 -8.80440712 52.90622711 -18.0502224 -8.975317 52.68419266 -18.02833557 -9.17590523 52.48759079 -18.01436043 -9.40209389 52.32022476 -18.00860214 -9.64946747 52.18550873 -10.55916023 -9.08578682 22.34856033 -11.69217587 -9.08578682 23.26340675 -10.7001915 -9.32442951 22.2014122 -23.98447418 -9.32442951 19.92359161 -24.16647148 -9.08578682 20.01535416 -24.70944405 -9.08578682 18.664114 -24.87441444 -9.32442951 15.79425907 -25.07805061 -9.08578682 15.78560925 -24.89307976 -9.08578682 14.34115314 -24.68809128 -8.88196564 12.85975456 -24.24211884 -8.71798706 11.38298798 -24.01425934 -8.88196564 11.52328777 -24.46665764 -9.08578682 12.94873428 -23.8110466 -9.08578682 11.64840984 -23.32512665 -8.71798706 10.14313316 -22.39393806 -8.59788704 8.85049534 -22.21178818 -8.71798706 9.07608414 -25.12636757 -8.88196564 14.29087543 -24.9363842 -8.71798706 12.75998211 -21.22436523 -8.52462292 7.69299793 -22.58564949 -8.52462292 8.61306572 -19.62550545 -8.59788704 7.30395603 -20.93413162 -8.71798706 8.21253872 -21.07553673 -8.59788704 7.95941114 -18.13713264 -8.52462292 6.60220957 -23.83805275 -9.59201908 19.84976768 -24.51455688 -9.32442951 18.60443115 -19.72716904 -8.52462292 7.01622248 -22.44083977 -9.08578682 22.34856033 -23.40294838 -9.08578682 21.25539398 -22.2998085 -9.32442951 22.2014122 -23.23907661 -9.32442951 21.13419533 -23.10723877 -9.59201908 21.03668785 -20.03649521 -9.08578682 23.97361374 -21.30782318 -9.08578682 23.26340675 -19.95254135 -9.32442951 23.78788567 -21.19368935 -9.32442951 23.09453964 -21.10186577 -9.59201908 22.95868111 -18.61207199 -9.32442951 24.26150513 -18.66342926 -9.08578682 24.45874786 -18.5707531 -9.59201908 24.10281754 -15.78915977 -9.32442951 24.50177002 -17.21084023 -9.32442951 24.50177002 -15.80306625 -9.59201908 24.33838081 -17.19693375 -9.59201908 24.33838081 -11.89813423 -9.59201908 22.95868111 -11.80631065 -9.32442951 23.09453964 -13.0474577 -9.32442951 23.78788567 -14.33656979 -9.08578682 24.45874786 -15.77187443 -9.08578682 24.70485687 -14.38792801 -9.32442951 24.26150513 -8.34857559 -9.59201908 17.19383049 -8.18592453 -9.32442951 17.21465874 -8.48544312 -9.32442951 18.60443115 -9.76092339 -9.32442951 21.13419533 -9.16194725 -9.59201908 19.84976768 -9.01552582 -9.32442951 19.92359161 -8.30616474 -9.32442951 14.38409328 -8.87462044 -9.59201908 13.08587074 -8.72246552 -9.32442951 13.02472973 -7.92194986 -9.08578682 15.78560925 -7.98375463 -9.08578682 17.24054718 -8.12558651 -9.32442951 15.79425907 -11.23428154 -9.32442951 9.6285305 -10.20789051 -9.32442951 10.61224651 -11.33729649 -9.59201908 9.7561121 -9.36251163 -9.32442951 11.75527382 -9.18895245 -9.08578682 11.64840984 -8.53334332 -9.08578682 12.94873428 -13.70763397 -9.32442951 8.24683285 -13.63973331 -9.08578682 8.05465603 -12.31275558 -9.08578682 8.65448761 -11.10623741 -9.08578682 9.46995163 -12.41215801 -9.32442951 8.83242512 -15.14383221 -10.18713093 8.24080372 -15.08344078 -9.32442951 7.88860083 -15.04899502 -9.08578682 7.68771219 -16.5 -10.18713093 8.1253767 -15.13145065 -9.88196564 8.16859341 -13.82667828 -10.18713093 8.58376408 -16.5 -9.88196564 8.05211258 -16.5 -9.59201908 7.93201303 -15.1111536 -9.59201908 8.05022144 -16.5 -9.32442951 7.76803398 -16.5 -9.08578682 7.56421375 -14.9634409 -8.71798706 7.18876123 -15.00866413 -8.88196564 7.45250177 -16.5 -8.88196564 7.32557058 -16.5 -8.71798706 7.05798101 -14.91444016 -8.59788704 6.9029851 -16.5 -8.52462292 6.46286917 -14.86286736 -8.52462292 6.60220957 -16.5 -8.59788704 6.76803398 -23.33320045 -10.18713093 11.94263172 -22.52386284 -10.18713093 10.84833431 -12.49212933 -9.59201908 8.97558117 -13.76226139 -9.59201908 8.40144539 -10.05488777 -9.08578682 10.4775877 -9.50214481 -9.59201908 11.84124947 -10.33098507 -9.59201908 10.72058392 -8.10691929 -9.08578682 14.34115314 -9.59705257 -9.08578682 21.25539398 -8.28941727 -9.59201908 15.80121899 -8.46646404 -9.59201908 14.41864014 -8.29055691 -9.08578682 18.664114 -8.83352947 -9.08578682 20.01535416 -8.64223385 -9.59201908 18.55641365 -10.81365585 -9.59201908 22.08302498 -9.89276218 -9.59201908 21.03668785 -12.96350384 -9.08578682 23.97361374 -13.11500072 -9.59201908 23.63846397 -14.42924786 -9.59201908 24.10281754 -17.22812462 -9.08578682 24.70485687 -19.88499832 -9.59201908 23.63846397 -22.18634415 -9.59201908 22.08302498 -25.01624489 -9.08578682 17.24054718 -24.71058273 -9.59201908 15.80121899 -24.6938343 -9.32442951 14.38409328 -24.81407547 -9.32442951 17.21465874 -24.3577652 -9.59201908 18.55641365 -24.65142441 -9.59201908 17.19383049 -23.63748741 -9.32442951 11.75527382 -24.12537956 -9.59201908 13.08587074 -24.27753448 -9.32442951 13.02472973 -23.49785614 -9.59201908 11.84124947 -24.53353691 -9.59201908 14.41864014 -22.66901588 -9.59201908 10.72058392 -21.76571846 -9.32442951 9.6285305 -21.66270447 -9.59201908 9.7561121 -21.54122925 -10.18713093 9.90655613 -17.85616875 -10.18713093 8.24080372 -19.17332077 -10.18713093 8.58376408 -17.86854935 -9.88196564 8.16859341 -20.4135685 -10.18713093 9.14439106 -19.19772911 -9.88196564 8.51468468 -19.23773766 -9.59201908 8.40144539 -17.88884735 -9.59201908 8.05022144 -12.5864315 -10.18713093 9.14439106 -13.80227184 -9.88196564 8.51468468 -13.4710865 -8.71798706 7.57734013 -13.56023121 -8.88196564 7.82964468 -13.3744936 -8.59788704 7.30395603 -13.27283096 -8.52462292 7.01622248 -11.45877075 -10.18713093 9.90655613 -12.55070114 -9.88196564 9.08043003 -12.06586838 -8.71798706 8.21253872 -12.19637012 -8.88196564 8.44614887 -11.92446232 -8.59788704 7.95941114 -11.77563477 -8.52462292 7.69299793 -10.47613716 -10.18713093 10.84833431 -11.41274548 -9.88196564 9.84955406 -10.78821182 -8.71798706 9.07608414 -10.95631695 -8.88196564 9.28427792 -10.60606098 -8.59788704 8.85049534 -10.41435051 -8.52462292 8.61306572 -9.66679955 -10.18713093 11.94263172 -10.42114067 -9.88196564 10.79993057 -9.67487335 -8.71798706 10.14313316 -9.87574482 -8.88196564 10.31992245 -9.45721817 -8.59788704 9.95157242 -9.22813892 -8.52462292 9.74995708 -9.05403996 -10.18713093 13.15796757 -9.60441303 -9.88196564 11.90421867 -8.75788116 -8.71798706 11.38298798 -8.98574162 -8.88196564 11.52328777 -8.51098251 -8.59788704 11.23096657 -8.25112534 -8.52462292 11.07096672 -8.65548706 -10.18713093 14.45937824 -8.98605919 -9.88196564 13.13065052 -8.0636158 -8.71798706 12.75998211 -8.31190872 -8.88196564 12.85975456 -7.79457664 -8.59788704 12.65187359 -7.51141739 -8.52462292 12.53809071 -8.48260689 -10.18713093 15.80942535 -8.58386803 -9.88196564 14.44394302 -7.6120491 -8.71798706 14.23449993 -7.87363291 -8.88196564 14.29087543 -7.32860994 -8.59788704 14.17341423 -7.03029442 -8.52462292 14.10912228 -8.54037285 -10.18713093 17.16926956 -8.40940952 -9.88196564 15.80631638 -7.41617298 -8.71798706 15.76412392 -7.68352175 -8.88196564 15.77548027 -7.12648726 -8.59788704 15.7518177 -6.82159758 -8.52462292 15.73886681 -8.82712173 -10.18713093 18.4997921 -8.46770287 -9.88196564 17.17857552 -7.48162222 -8.71798706 17.30484772 -7.74704456 -8.88196564 17.27086067 -7.19402361 -8.59788704 17.34167671 -6.89133024 -8.52462292 17.38043785 -9.33460617 -10.18713093 19.76271629 -8.75706959 -9.88196564 18.52124596 -7.80651379 -8.71798706 18.81234932 -8.06237411 -8.88196564 18.73399353 -7.52927637 -8.59788704 18.89725304 -7.23748732 -8.52462292 18.98661232 -10.0482254 -10.18713093 20.92170715 -9.26918697 -9.88196564 19.79569817 -8.3815012 -8.71798706 20.24326134 -8.62043858 -8.88196564 20.12279129 -8.1225996 -8.59788704 20.37379646 -7.85011005 -8.52462292 20.51118279 -10.94745159 -10.18713093 21.94342613 -9.98932171 -9.88196564 20.9652729 -9.1900425 -8.71798706 21.55641556 -9.40518379 -8.88196564 21.39729881 -8.95692635 -8.59788704 21.72882843 -8.71157455 -8.52462292 21.91028976 -12.00641346 -10.18713093 22.79847717 -10.89675713 -9.88196564 21.99631882 -10.20887852 -8.71798706 22.71403885 -10.39403439 -8.88196564 22.52085114 -10.0082531 -8.59788704 22.92336845 -9.79709721 -8.52462292 23.14368248 -13.19464779 -10.18713093 23.46226501 -11.96538734 -9.88196564 22.85917664 -11.40869904 -8.71798706 23.68282509 -11.55854225 -8.88196564 23.46112442 -11.24633598 -8.59788704 23.92304993 -11.0754509 -8.52462292 24.17588234 -14.47797108 -10.18713093 23.91569328 -13.16447067 -9.88196564 23.52902603 -12.75498581 -8.71798706 24.43490601 -12.86520672 -8.88196564 24.19107246 -12.63555622 -8.59788704 24.69911385 -12.50985909 -8.52462292 24.97719002 -15.81946468 -10.18713093 24.14571381 -14.45950985 -9.88196564 23.98659134 -14.20901108 -8.71798706 24.94864655 -14.27643776 -8.88196564 24.68969154 -14.13595009 -8.59788704 25.22923851 -14.05905533 -8.52462292 25.52455521 -17.18053627 -10.18713093 24.14571381 -15.8132515 -9.88196564 24.21871376 -15.72894287 -8.71798706 25.20926476 -15.75163651 -8.88196564 24.9426403 -15.70435333 -8.59788704 25.49816704 -15.67847347 -8.52462292 25.80223274 -18.52202988 -10.18713093 23.91569328 -17.1867485 -9.88196564 24.21871376 -17.27105713 -8.71798706 25.20926476 -17.24836349 -8.88196564 24.9426403 -17.29564667 -8.59788704 25.49816704 -17.32152557 -8.52462292 25.80223274 -19.80535316 -10.18713093 23.46226501 -18.5404892 -9.88196564 23.98659134 -18.79098892 -8.71798706 24.94864655 -18.72356224 -8.88196564 24.68969154 -18.86404991 -8.59788704 25.22923851 -18.94094467 -8.52462292 25.52455521 -20.99358749 -10.18713093 22.79847717 -19.83552933 -9.88196564 23.52902603 -20.24501419 -8.71798706 24.43490601 -20.13479424 -8.88196564 24.19107246 -20.36444283 -8.59788704 24.69911385 -20.49014091 -8.52462292 24.97719002 -22.05254936 -10.18713093 21.94342613 -21.03461266 -9.88196564 22.85917664 -21.59130096 -8.71798706 23.68282509 -21.44145775 -8.88196564 23.46112442 -21.75366402 -8.59788704 23.92304993 -21.9245491 -8.52462292 24.17588234 -22.9517746 -10.18713093 20.92170715 -22.10324287 -9.88196564 21.99631882 -22.79112053 -8.71798706 22.71403885 -22.60596657 -8.88196564 22.52085114 -22.9917469 -8.59788704 22.92336845 -23.20290184 -8.52462292 23.14368248 -23.66539383 -10.18713093 19.76271629 -23.01067734 -9.88196564 20.9652729 -23.8099575 -8.71798706 21.55641556 -23.59481621 -8.88196564 21.39729881 -24.04307365 -8.59788704 21.72882843 -24.28842545 -8.52462292 21.91028976 -24.17287827 -10.18713093 18.4997921 -23.73081207 -9.88196564 19.79569817 -24.61849976 -8.71798706 20.24326134 -24.37956047 -8.88196564 20.12279129 -24.87739944 -8.59788704 20.37379646 -25.14988899 -8.52462292 20.51118279 -24.45962715 -10.18713093 17.16926956 -24.24292946 -9.88196564 18.52124596 -25.19348526 -8.71798706 18.81234932 -24.93762589 -8.88196564 18.73399353 -25.47072411 -8.59788704 18.89725304 -25.76251221 -8.52462292 18.98661232 -24.51739311 -10.18713093 15.80942535 -24.53229713 -9.88196564 17.17857552 -25.5183773 -8.71798706 17.30484772 -25.25295639 -8.88196564 17.27086067 -25.80597687 -8.59788704 17.34167671 -26.10866928 -8.52462292 17.38043785 -24.34451294 -10.18713093 14.45937824 -24.59059143 -9.88196564 15.80631638 -25.58382607 -8.71798706 15.76412392 -25.31647873 -8.88196564 15.77548027 -25.87351227 -8.59788704 15.7518177 -26.17840195 -8.52462292 15.73886681 -23.94595909 -10.18713093 13.15796757 -24.41613197 -9.88196564 14.44394302 -25.3879509 -8.71798706 14.23449993 -25.67139053 -8.59788704 14.17341423 -25.96970558 -8.52462292 14.10912228 -24.01394081 -9.88196564 13.13065052 -25.20542336 -8.59788704 12.65187359 -25.48858261 -8.52462292 12.53809071 -23.39558601 -9.88196564 11.90421867 -23.12425423 -8.88196564 10.31992245 -24.48901749 -8.59788704 11.23096657 -24.74887466 -8.52462292 11.07096672 -22.79211044 -9.32442951 10.61224651 -22.57885933 -9.88196564 10.79993057 -22.94511223 -9.08578682 10.4775877 -23.54278183 -8.59788704 9.95157242 -23.77186012 -8.52462292 9.74995708 -21.89376259 -9.08578682 9.46995163 -21.58725548 -9.88196564 9.84955406 -22.04368401 -8.88196564 9.28427792 -19.5289135 -8.71798706 7.57734013 -20.58784294 -9.32442951 8.83242512 -20.50787163 -9.59201908 8.97558117 -20.44929886 -9.88196564 9.08043003 -20.68724442 -9.08578682 8.65448761 -20.80362892 -8.88196564 8.44614887 -19.29236603 -9.32442951 8.24683285 -19.36026764 -9.08578682 8.05465603 -19.43976784 -8.88196564 7.82964468 -17.91655922 -9.32442951 7.88860083 -17.95100403 -9.08578682 7.68771219 -17.99133492 -8.88196564 7.45250177 -18.03655815 -8.71798706 7.18876123 -18.08555984 -8.59788704 6.9029851 22.44083977 -9.08578682 22.34856033 21.30782318 -9.08578682 23.26340675 22.2998085 -9.32442951 22.2014122 9.01552582 -9.32442951 19.92359161 8.83352947 -9.08578682 20.01535416 8.29055691 -9.08578682 18.664114 8.12558651 -9.32442951 15.79425907 7.92194986 -9.08578682 15.78560925 8.10691929 -9.08578682 14.34115314 8.31190872 -8.88196564 12.85975456 8.75788116 -8.71798706 11.38298798 8.98574162 -8.88196564 11.52328777 8.53334332 -9.08578682 12.94873428 9.18895245 -9.08578682 11.64840984 9.67487335 -8.71798706 10.14313316 10.60606098 -8.59788704 8.85049534 10.78821182 -8.71798706 9.07608414 7.87363291 -8.88196564 14.29087543 8.0636158 -8.71798706 12.75998211 11.77563477 -8.52462292 7.69299793 10.41435051 -8.52462292 8.61306572 13.3744936 -8.59788704 7.30395603 12.06586838 -8.71798706 8.21253872 11.92446232 -8.59788704 7.95941114 14.86286736 -8.52462292 6.60220957 9.16194725 -9.59201908 19.84976768 8.48544312 -9.32442951 18.60443115 13.27283096 -8.52462292 7.01622248 10.55916023 -9.08578682 22.34856033 9.59705257 -9.08578682 21.25539398 10.7001915 -9.32442951 22.2014122 9.76092339 -9.32442951 21.13419533 9.89276218 -9.59201908 21.03668785 12.96350384 -9.08578682 23.97361374 11.69217587 -9.08578682 23.26340675 13.0474577 -9.32442951 23.78788567 11.80631065 -9.32442951 23.09453964 11.89813423 -9.59201908 22.95868111 14.38792801 -9.32442951 24.26150513 14.33656979 -9.08578682 24.45874786 14.42924786 -9.59201908 24.10281754 17.21084023 -9.32442951 24.50177002 15.78915977 -9.32442951 24.50177002 17.19693375 -9.59201908 24.33838081 15.80306625 -9.59201908 24.33838081 21.10186577 -9.59201908 22.95868111 21.19368935 -9.32442951 23.09453964 19.95254135 -9.32442951 23.78788567 18.66342926 -9.08578682 24.45874786 17.22812462 -9.08578682 24.70485687 18.61207199 -9.32442951 24.26150513 24.65142441 -9.59201908 17.19383049 24.81407547 -9.32442951 17.21465874 24.51455688 -9.32442951 18.60443115 23.23907661 -9.32442951 21.13419533 23.83805275 -9.59201908 19.84976768 23.98447418 -9.32442951 19.92359161 24.6938343 -9.32442951 14.38409328 24.12537956 -9.59201908 13.08587074 24.27753448 -9.32442951 13.02472973 25.07805061 -9.08578682 15.78560925 25.01624489 -9.08578682 17.24054718 24.87441444 -9.32442951 15.79425907 21.76571846 -9.32442951 9.6285305 22.79211044 -9.32442951 10.61224651 21.66270447 -9.59201908 9.7561121 23.63748741 -9.32442951 11.75527382 23.8110466 -9.08578682 11.64840984 24.46665764 -9.08578682 12.94873428 19.29236603 -9.32442951 8.24683285 19.36026764 -9.08578682 8.05465603 20.68724442 -9.08578682 8.65448761 21.89376259 -9.08578682 9.46995163 20.58784294 -9.32442951 8.83242512 17.85616875 -10.18713093 8.24080372 17.91655922 -9.32442951 7.88860083 17.95100403 -9.08578682 7.68771219 16.5 -10.18713093 8.1253767 17.86854935 -9.88196564 8.16859341 19.17332077 -10.18713093 8.58376408 16.5 -9.88196564 8.05211258 16.5 -9.59201908 7.93201303 17.88884735 -9.59201908 8.05022144 16.5 -9.32442951 7.76803398 16.5 -9.08578682 7.56421375 18.03655815 -8.71798706 7.18876123 17.99133492 -8.88196564 7.45250177 16.5 -8.88196564 7.32557058 16.5 -8.71798706 7.05798101 18.08555984 -8.59788704 6.9029851 16.5 -8.52462292 6.46286917 18.13713264 -8.52462292 6.60220957 16.5 -8.59788704 6.76803398 9.66679955 -10.18713093 11.94263172 10.47613716 -10.18713093 10.84833431 20.50787163 -9.59201908 8.97558117 19.23773766 -9.59201908 8.40144539 22.94511223 -9.08578682 10.4775877 23.49785614 -9.59201908 11.84124947 22.66901588 -9.59201908 10.72058392 24.89307976 -9.08578682 14.34115314 23.40294838 -9.08578682 21.25539398 24.71058273 -9.59201908 15.80121899 24.53353691 -9.59201908 14.41864014 24.70944405 -9.08578682 18.664114 24.16647148 -9.08578682 20.01535416 24.3577652 -9.59201908 18.55641365 22.18634415 -9.59201908 22.08302498 23.10723877 -9.59201908 21.03668785 20.03649521 -9.08578682 23.97361374 19.88499832 -9.59201908 23.63846397 18.5707531 -9.59201908 24.10281754 15.77187443 -9.08578682 24.70485687 13.11500072 -9.59201908 23.63846397 10.81365585 -9.59201908 22.08302498 7.98375463 -9.08578682 17.24054718 8.28941727 -9.59201908 15.80121899 8.30616474 -9.32442951 14.38409328 8.18592453 -9.32442951 17.21465874 8.64223385 -9.59201908 18.55641365 8.34857559 -9.59201908 17.19383049 9.36251163 -9.32442951 11.75527382 8.87462044 -9.59201908 13.08587074 8.72246552 -9.32442951 13.02472973 9.50214481 -9.59201908 11.84124947 8.46646404 -9.59201908 14.41864014 10.33098507 -9.59201908 10.72058392 11.23428154 -9.32442951 9.6285305 11.33729649 -9.59201908 9.7561121 11.45877075 -10.18713093 9.90655613 15.14383221 -10.18713093 8.24080372 13.82667828 -10.18713093 8.58376408 15.13145065 -9.88196564 8.16859341 12.5864315 -10.18713093 9.14439106 13.80227184 -9.88196564 8.51468468 13.76226139 -9.59201908 8.40144539 15.1111536 -9.59201908 8.05022144 20.4135685 -10.18713093 9.14439106 19.19772911 -9.88196564 8.51468468 19.5289135 -8.71798706 7.57734013 19.43976784 -8.88196564 7.82964468 19.62550545 -8.59788704 7.30395603 19.72716904 -8.52462292 7.01622248 21.54122925 -10.18713093 9.90655613 20.44929886 -9.88196564 9.08043003 20.93413162 -8.71798706 8.21253872 20.80362892 -8.88196564 8.44614887 21.07553673 -8.59788704 7.95941114 21.22436523 -8.52462292 7.69299793 22.52386284 -10.18713093 10.84833431 21.58725548 -9.88196564 9.84955406 22.21178818 -8.71798706 9.07608414 22.04368401 -8.88196564 9.28427792 22.39393806 -8.59788704 8.85049534 22.58564949 -8.52462292 8.61306572 23.33320045 -10.18713093 11.94263172 22.57885933 -9.88196564 10.79993057 23.32512665 -8.71798706 10.14313316 23.12425423 -8.88196564 10.31992245 23.54278183 -8.59788704 9.95157242 23.77186012 -8.52462292 9.74995708 23.94595909 -10.18713093 13.15796757 23.39558601 -9.88196564 11.90421867 24.24211884 -8.71798706 11.38298798 24.01425934 -8.88196564 11.52328777 24.48901749 -8.59788704 11.23096657 24.74887466 -8.52462292 11.07096672 24.34451294 -10.18713093 14.45937824 24.01394081 -9.88196564 13.13065052 24.9363842 -8.71798706 12.75998211 24.68809128 -8.88196564 12.85975456 25.20542336 -8.59788704 12.65187359 25.48858261 -8.52462292 12.53809071 24.51739311 -10.18713093 15.80942535 24.41613197 -9.88196564 14.44394302 25.3879509 -8.71798706 14.23449993 25.12636757 -8.88196564 14.29087543 25.67139053 -8.59788704 14.17341423 25.96970558 -8.52462292 14.10912228 24.45962715 -10.18713093 17.16926956 24.59059143 -9.88196564 15.80631638 25.58382607 -8.71798706 15.76412392 25.31647873 -8.88196564 15.77548027 25.87351227 -8.59788704 15.7518177 26.17840195 -8.52462292 15.73886681 24.17287827 -10.18713093 18.4997921 24.53229713 -9.88196564 17.17857552 25.5183773 -8.71798706 17.30484772 25.25295639 -8.88196564 17.27086067 25.80597687 -8.59788704 17.34167671 26.10866928 -8.52462292 17.38043785 23.66539383 -10.18713093 19.76271629 24.24292946 -9.88196564 18.52124596 25.19348526 -8.71798706 18.81234932 24.93762589 -8.88196564 18.73399353 25.47072411 -8.59788704 18.89725304 25.76251221 -8.52462292 18.98661232 22.9517746 -10.18713093 20.92170715 23.73081207 -9.88196564 19.79569817 24.61849976 -8.71798706 20.24326134 24.37956047 -8.88196564 20.12279129 24.87739944 -8.59788704 20.37379646 25.14988899 -8.52462292 20.51118279 22.05254936 -10.18713093 21.94342613 23.01067734 -9.88196564 20.9652729 23.8099575 -8.71798706 21.55641556 23.59481621 -8.88196564 21.39729881 24.04307365 -8.59788704 21.72882843 24.28842545 -8.52462292 21.91028976 20.99358749 -10.18713093 22.79847717 22.10324287 -9.88196564 21.99631882 22.79112053 -8.71798706 22.71403885 22.60596657 -8.88196564 22.52085114 22.9917469 -8.59788704 22.92336845 23.20290184 -8.52462292 23.14368248 19.80535316 -10.18713093 23.46226501 21.03461266 -9.88196564 22.85917664 21.59130096 -8.71798706 23.68282509 21.44145775 -8.88196564 23.46112442 21.75366402 -8.59788704 23.92304993 21.9245491 -8.52462292 24.17588234 18.52202988 -10.18713093 23.91569328 19.83552933 -9.88196564 23.52902603 20.24501419 -8.71798706 24.43490601 20.13479424 -8.88196564 24.19107246 20.36444283 -8.59788704 24.69911385 20.49014091 -8.52462292 24.97719002 17.18053627 -10.18713093 24.14571381 18.5404892 -9.88196564 23.98659134 18.79098892 -8.71798706 24.94864655 18.72356224 -8.88196564 24.68969154 18.86404991 -8.59788704 25.22923851 18.94094467 -8.52462292 25.52455521 15.81946468 -10.18713093 24.14571381 17.1867485 -9.88196564 24.21871376 17.27105713 -8.71798706 25.20926476 17.24836349 -8.88196564 24.9426403 17.29564667 -8.59788704 25.49816704 17.32152557 -8.52462292 25.80223274 14.47797108 -10.18713093 23.91569328 15.8132515 -9.88196564 24.21871376 15.72894287 -8.71798706 25.20926476 15.75163651 -8.88196564 24.9426403 15.70435333 -8.59788704 25.49816704 15.67847347 -8.52462292 25.80223274 13.19464779 -10.18713093 23.46226501 14.45950985 -9.88196564 23.98659134 14.20901108 -8.71798706 24.94864655 14.27643776 -8.88196564 24.68969154 14.13595009 -8.59788704 25.22923851 14.05905533 -8.52462292 25.52455521 12.00641346 -10.18713093 22.79847717 13.16447067 -9.88196564 23.52902603 12.75498581 -8.71798706 24.43490601 12.86520672 -8.88196564 24.19107246 12.63555622 -8.59788704 24.69911385 12.50985909 -8.52462292 24.97719002 10.94745159 -10.18713093 21.94342613 11.96538734 -9.88196564 22.85917664 11.40869904 -8.71798706 23.68282509 11.55854225 -8.88196564 23.46112442 11.24633598 -8.59788704 23.92304993 11.0754509 -8.52462292 24.17588234 10.0482254 -10.18713093 20.92170715 10.89675713 -9.88196564 21.99631882 10.20887852 -8.71798706 22.71403885 10.39403439 -8.88196564 22.52085114 10.0082531 -8.59788704 22.92336845 9.79709721 -8.52462292 23.14368248 9.33460617 -10.18713093 19.76271629 9.98932171 -9.88196564 20.9652729 9.1900425 -8.71798706 21.55641556 9.40518379 -8.88196564 21.39729881 8.95692635 -8.59788704 21.72882843 8.71157455 -8.52462292 21.91028976 8.82712173 -10.18713093 18.4997921 9.26918697 -9.88196564 19.79569817 8.3815012 -8.71798706 20.24326134 8.62043858 -8.88196564 20.12279129 8.1225996 -8.59788704 20.37379646 7.85011005 -8.52462292 20.51118279 8.54037285 -10.18713093 17.16926956 8.75706959 -9.88196564 18.52124596 7.80651379 -8.71798706 18.81234932 8.06237411 -8.88196564 18.73399353 7.52927637 -8.59788704 18.89725304 7.23748732 -8.52462292 18.98661232 8.48260689 -10.18713093 15.80942535 8.46770287 -9.88196564 17.17857552 7.48162222 -8.71798706 17.30484772 7.74704456 -8.88196564 17.27086067 7.19402361 -8.59788704 17.34167671 6.89133024 -8.52462292 17.38043785 8.65548706 -10.18713093 14.45937824 8.40940952 -9.88196564 15.80631638 7.41617298 -8.71798706 15.76412392 7.68352175 -8.88196564 15.77548027 7.12648726 -8.59788704 15.7518177 6.82159758 -8.52462292 15.73886681 9.05403996 -10.18713093 13.15796757 8.58386803 -9.88196564 14.44394302 7.6120491 -8.71798706 14.23449993 7.32860994 -8.59788704 14.17341423 7.03029442 -8.52462292 14.10912228 8.98605919 -9.88196564 13.13065052 7.79457664 -8.59788704 12.65187359 7.51141739 -8.52462292 12.53809071 9.60441303 -9.88196564 11.90421867 9.87574482 -8.88196564 10.31992245 8.51098251 -8.59788704 11.23096657 8.25112534 -8.52462292 11.07096672 10.20789051 -9.32442951 10.61224651 10.42114067 -9.88196564 10.79993057 10.05488777 -9.08578682 10.4775877 9.45721817 -8.59788704 9.95157242 9.22813892 -8.52462292 9.74995708 11.10623741 -9.08578682 9.46995163 11.41274548 -9.88196564 9.84955406 10.95631695 -8.88196564 9.28427792 13.4710865 -8.71798706 7.57734013 12.41215801 -9.32442951 8.83242512 12.49212933 -9.59201908 8.97558117 12.55070114 -9.88196564 9.08043003 12.31275558 -9.08578682 8.65448761 12.19637012 -8.88196564 8.44614887 13.70763397 -9.32442951 8.24683285 13.63973331 -9.08578682 8.05465603 13.56023121 -8.88196564 7.82964468 15.08344078 -9.32442951 7.88860083 15.04899502 -9.08578682 7.68771219 15.00866413 -8.88196564 7.45250177 14.9634409 -8.71798706 7.18876123 14.91444016 -8.59788704 6.9029851 10.7321167 -9.08578682 50.50981522 9.73472023 -9.08578682 49.43646622 10.86904144 -9.32442951 50.35883713 20.85682678 -8.71798706 36.16984558 20.72859955 -8.88196564 36.40470886 19.3500576 -8.88196564 35.79848862 12.00675488 -9.32442951 51.22588348 11.89749527 -9.08578682 51.39794159 12.0946579 -9.59201908 51.08745575 13.27532864 -9.32442951 51.88684845 13.19691563 -9.08578682 52.07498169 13.33841419 -9.59201908 51.73549271 14.59253502 -9.08578682 52.52121735 14.63781738 -9.32442951 52.32249069 14.67424774 -9.59201908 52.16261292 16.04370689 -9.08578682 52.72365189 16.05453873 -9.32442951 52.52011871 16.0632534 -9.59201908 52.35637283 17.48423386 -9.32442951 52.47397995 17.46498489 -9.59204197 52.31118011 17.44227982 -10.18713856 52.1191597 17.45087624 -9.88196564 52.19186401 16.06963539 -9.88196564 52.23644257 16.0735302 -10.18713093 52.1632843 24.10835648 -9.59201908 41.0438385 24.52571869 -9.59201908 42.38275528 23.99716568 -9.88196564 41.0892334 14.717206 -10.18713093 51.97407913 20.34533882 -10.18713093 37.10670853 21.4869442 -10.18713093 37.8631134 17.50817108 -9.08582211 52.67642593 16.01680374 -8.71798706 53.22917175 16.03102493 -8.88196564 52.96195984 17.53619003 -8.88196564 52.91338348 17.5676136 -8.71803188 53.179142 16.00139427 -8.59788704 53.51870728 17.60165787 -8.59788704 53.46706009 15.98517609 -8.52462292 53.82344055 17.63749123 -8.52467346 53.77012253 8.93435383 -9.08578682 48.20915222 9.8953228 -9.32442951 49.31097031 10.97920227 -9.59201908 50.23737335 8.35432816 -9.08578682 46.86362457 9.11395741 -9.32442951 48.11279297 10.02453232 -9.59201908 49.2100029 8.54770088 -9.32442951 46.79920578 8.01153469 -9.08578682 45.43906403 9.25845242 -9.59201908 48.03526688 7.91595745 -9.08578682 43.97696304 8.21304512 -9.32442951 45.40846252 8.70327377 -9.59201908 46.7473793 8.11973667 -9.32442951 43.98107147 8.37516499 -9.59201908 45.38384247 8.07037926 -9.08578682 42.51989746 8.27049255 -9.32442951 42.55859756 8.28368187 -9.59201908 43.984375 8.47030354 -9.08578682 41.1103096 8.660923 -9.32442951 41.18247223 8.43148899 -9.59201908 42.58972931 9.10408306 -9.08578682 39.78924942 8.81428146 -9.59201908 41.24052429 9.27965736 -9.32442951 39.89276886 9.95325947 -9.08578682 38.59518814 10.10867405 -9.32442951 38.72705841 9.42091084 -9.59201908 39.97605515 10.99310112 -9.08578682 37.56290817 11.1238308 -9.32442951 37.71928024 10.23371029 -9.59201908 38.83314896 12.19332504 -9.08578682 36.72246552 11.22900677 -9.59201908 37.84508514 12.29556179 -9.32442951 36.89878845 13.5189743 -9.08578682 36.09833908 17.81888962 -9.32442951 35.87244797 16.39432335 -9.59201908 35.93269348 16.39221573 -9.32442951 35.76872635 14.93144321 -9.08578682 35.70870972 13.58974171 -9.32442951 36.28948212 12.37781429 -9.59201908 37.0406456 16.38959312 -9.08578682 35.56492233 14.96867943 -9.32442951 35.90909958 13.64667606 -9.59201908 36.44326019 17.79308701 -9.59201908 36.03438187 19.20715332 -9.32442951 36.21723938 20.51657486 -9.32442951 36.79306412 19.15419197 -9.59201908 36.37243271 21.60711098 -9.59201908 37.71162033 22.74975395 -9.32442951 38.56449127 22.62748909 -9.59201908 38.67375946 22.48331261 -10.18713093 38.8026123 20.43799591 -9.59201908 36.93699265 23.30542374 -10.18713093 39.89785004 23.92933655 -10.18713093 41.11692429 24.33687782 -10.18713093 42.42433548 24.40842819 -9.88196564 42.40858078 24.58936691 -9.88196564 43.77864456 24.51623154 -10.18713856 43.7820015 14.9986372 -9.59201908 36.07032013 24.71534348 -8.52462292 39.01690674 25.4685154 -8.52462292 40.48854828 24.45654297 -8.59788704 39.17861176 17.85095978 -9.08578682 35.67116547 17.88850975 -8.88196564 35.43549347 19.43648148 -8.71798706 35.54524231 19.27298164 -9.08578682 36.02434158 20.61424255 -9.08578682 36.61417007 25.18598747 -8.59788704 40.60388947 24.21064758 -8.71798706 39.33224869 23.49537277 -8.59788704 37.89811707 23.72290993 -8.52462292 37.69476318 23.27918434 -8.71798706 38.09133148 22.15028381 -8.71798706 37.0268631 25.96048927 -8.52462292 42.06682205 13.41280365 -10.18713093 51.55701065 14.70092964 -9.88196564 52.04551315 14.48006821 -8.71798706 53.01480103 14.53951645 -8.88196564 52.75389862 14.41565132 -8.59788704 53.29750061 14.34785461 -8.52462292 53.59503937 12.19831276 -10.18713093 50.92422104 13.38461876 -9.88196564 51.62463379 13.00216007 -8.71798706 52.5422554 13.10510635 -8.88196564 52.29526138 12.89061356 -8.59788704 52.80988693 12.77321148 -8.52462292 53.09156418 11.10910225 -10.18713093 50.0941391 12.15903854 -9.88196564 50.98606873 11.62612343 -8.71798706 51.82529449 11.76956749 -8.88196564 51.59939957 11.47069454 -8.59788704 52.07006073 11.30710697 -8.52462292 52.32767487 10.1768961 -10.18713093 49.0909462 11.05988407 -9.88196564 50.1484108 10.39203167 -8.71798706 50.88479996 10.57179737 -8.88196564 50.68658829 10.19724751 -8.59788704 51.09957504 9.992239 -8.52462292 51.32562256 9.42884159 -10.18713093 47.94384766 10.11916637 -9.88196564 49.13605499 9.33582783 -8.71798706 49.74816513 9.54667854 -8.88196564 49.58340454 9.10735989 -8.59788704 49.92669296 8.8669014 -8.52462292 50.11458969 8.88672543 -10.18713093 46.68626404 9.36428261 -9.88196564 47.97848511 8.48827076 -8.71798706 48.44849014 8.72406578 -8.88196564 48.32197952 8.23277473 -8.59788704 48.58556747 7.96386814 -8.52462292 48.72984314 8.56633663 -10.18713093 45.35481262 8.81721783 -9.88196564 46.70941925 7.87404537 -8.71798706 47.02362442 8.12791824 -8.88196564 46.93904877 7.59896135 -8.59788704 47.11526489 7.30943918 -8.52462292 47.2117157 8.47700691 -10.18713093 43.98827362 8.49390411 -9.88196564 45.36581039 7.51104069 -8.71798706 45.51507187 7.77559662 -8.88196564 45.47489548 7.22438002 -8.59788704 45.55860138 6.92267418 -8.52462292 45.60441971 8.62133598 -10.18713093 42.62644196 8.40375805 -9.88196564 43.98679352 7.40982771 -8.71798706 43.96675873 7.67736292 -8.88196564 43.97215271 7.1199398 -8.59788704 43.96091461 6.8148365 -8.52462292 43.95476532 8.995121 -10.18713093 41.30898285 8.5494051 -9.88196564 42.61253357 7.57335472 -8.71798706 42.42378616 7.83607721 -8.88196564 42.4745903 7.28868151 -8.59788704 42.36873627 6.98906708 -8.52462292 42.31079865 9.58747673 -10.18713093 40.07426453 8.92660236 -9.88196564 41.28304672 7.99685955 -8.71798706 40.93108368 8.247118 -8.88196564 41.02582169 7.7256918 -8.59788704 40.82843399 7.44029188 -8.52462292 40.72039413 10.3811512 -10.18713093 38.95824814 9.52436638 -9.88196564 40.03705597 8.66800785 -8.71798706 39.5321312 8.89851284 -8.88196564 39.66804123 8.41824341 -8.59788704 39.38486862 8.15536976 -8.52462292 39.22987366 11.35302925 -10.18713093 37.99343491 10.32528687 -9.88196564 38.91085052 9.56725216 -8.71798706 38.26766968 9.77129173 -8.88196564 38.44079208 9.34616566 -8.59788704 38.08007812 9.11347389 -8.52462292 37.88264465 12.47480679 -10.18713093 37.20792389 11.30603886 -9.88196564 37.93722916 10.66840553 -8.71798706 37.1745224 10.84003639 -8.88196564 37.37981796 10.48243427 -8.59788704 36.95207214 10.28670216 -8.52462292 36.7179451 13.71381283 -10.18713093 36.62459183 12.4380579 -9.88196564 37.14454651 11.9393959 -8.71798706 36.28452682 12.07361984 -8.88196564 36.5160141 11.79395676 -8.59788704 36.03369141 11.6408844 -8.52462292 35.76969528 15.0339632 -10.18713093 36.26042938 13.68837547 -9.88196564 36.55588913 13.34320831 -8.71798706 35.62360001 13.43611622 -8.88196564 35.87454224 13.2425375 -8.59788704 35.3516922 13.13658237 -8.52462292 35.0655098 16.39681053 -10.18713093 36.12604141 15.02057838 -9.88196564 36.18840027 14.83895874 -8.71798706 35.21099854 14.88784504 -8.88196564 35.47408295 14.7859869 -8.59788704 34.92593002 14.73023605 -8.52462292 34.62590027 17.76266289 -10.18713093 36.22533798 16.3958683 -9.88196564 36.05278397 16.38308334 -8.71798706 35.05873108 16.38652611 -8.88196564 35.32630157 16.37935638 -8.59788704 34.76881027 16.37543106 -8.52462292 34.46366882 19.09174156 -10.18713093 36.55543137 17.7741909 -9.88196564 36.15298843 17.93061447 -8.71798706 35.17123795 17.97623825 -8.59788704 34.88490295 18.02425575 -8.52462292 34.58354187 19.11540222 -9.88196564 36.48609543 19.53012657 -8.59788704 35.27083206 19.6286869 -8.52462292 34.98202133 20.38044548 -9.88196564 37.04240417 21.98398781 -8.88196564 37.2365036 20.99576569 -8.59788704 35.91535568 21.14199829 -8.52462292 35.64751053 21.7090168 -9.32442951 37.58315277 21.53247452 -9.88196564 37.80571365 21.83568192 -9.08578682 37.42346954 22.33047295 -8.59788704 36.79970169 22.52011871 -8.52462292 36.56061935 22.90172768 -9.08578682 38.42866898 22.53793907 -9.88196564 38.75379181 23.07966423 -8.88196564 38.26964569 24.91755104 -8.71798706 40.7134819 23.60847473 -9.32442951 39.70849991 23.46940994 -9.59201908 39.79539108 23.36755753 -9.88196564 39.85902786 23.7813282 -9.08578682 39.6004982 23.98371506 -8.88196564 39.47404099 24.26016998 -9.32442951 40.98186111 24.44887161 -9.08578682 40.9048233 24.66981125 -8.88196564 40.81462097 24.68586159 -9.32442951 42.34749222 24.88491249 -9.08578682 42.30366135 25.11797142 -8.88196564 42.25234222 25.37930107 -8.71798706 42.19479752 25.66246414 -8.59788704 42.13244629 26.17694855 -8.52467346 43.70576477 24.70938683 -9.59204197 43.77313614 24.87314796 -9.32442951 43.76561737 25.07678986 -9.08582211 43.75626755 25.31514549 -8.88196564 43.745327 25.58247757 -8.71803188 43.73305511 25.87209511 -8.59788704 43.71975708 24.28619957 -9.14342594 46.61448669 24.36505318 -9.00078392 46.6033287 24.02941704 -9.07347202 47.18387222 18.03150368 -9.17642117 52.48715591 18.05333519 -8.97591782 52.6835556 24.47408485 -10.13316536 44.96350098 24.60461426 -9.65360641 44.90739059 24.43140793 -9.82285213 45.52000427 24.5242672 -9.88952637 44.93326569 24.5165329 -10.18766975 44.36945343 23.03240013 -8.84955025 48.82642365 23.40307808 -8.91336918 48.29291534 23.43164825 -8.8282547 48.28849411 23.01686096 -8.92130375 48.82728195 23.37775993 -8.99936199 48.29956436 24.29524612 -9.72233677 46.10613632 24.25806808 -9.90680885 46.14014435 24.11833 -9.59820843 46.67871857 24.08652115 -9.7553854 46.70990372 23.90012169 -9.45834255 47.23906708 24.16242599 -9.44313812 46.65230942 23.93505859 -9.32800865 47.21659088 23.66666031 -9.20482445 47.76894379 23.64012527 -9.31218433 47.78622437 23.33707809 -9.17329121 48.31950378 23.35574532 -9.08606148 48.30843353 23.77802849 -8.89015675 47.73571014 23.82535553 -8.78883457 47.73094559 24.15489769 -8.8310585 47.16794586 24.08839798 -8.95045948 47.17378235 24.72648621 -8.88314152 46.02016068 24.45454597 -8.86423588 46.59745407 24.99808121 -8.6145916 46.02767563 25.3179493 -8.60814953 45.44385529 25.64222527 -8.66646957 44.27889252 25.90485954 -8.56436253 44.27859116 25.39889145 -8.71185684 44.85487366 22.61339188 -8.88990402 49.33776474 22.62104034 -8.82374382 49.34426498 23.05004501 -8.77828312 48.82717514 22.17691803 -8.92155647 49.817173 22.17861557 -8.84976959 49.83262634 22.63037109 -8.7579565 49.35219574 21.7148037 -8.9992857 50.25968933 22.18224335 -8.77846718 49.84989929 21.71236801 -8.91330814 50.2857399 21.22932243 -9.09837627 50.66509247 21.2244339 -8.99339771 50.70355225 21.71266365 -8.82820892 50.3146286 20.72663116 -9.19924927 51.0310936 21.22349167 -8.8900938 50.7465744 20.72086716 -9.07326221 51.08389282 20.20103836 -9.14323997 51.42998886 20.7205143 -8.95030499 51.14368057 20.20285988 -9.00065422 51.50954437 19.66614151 -9.19579983 51.74328613 20.20615959 -9.29095364 51.36058426 19.1190052 -9.22375298 52.02450562 19.67152405 -9.03462696 51.84602356 19.66908836 -9.36516666 51.65459061 19.1291275 -9.04594707 52.15431595 18.57133865 -9.21968079 52.27165985 19.11814308 -9.41403389 51.91332626 18.58706093 -9.02837276 52.43255997 18.56492233 -9.42916775 52.13451004 18.01177406 -9.64962292 52.18529892 18.01754951 -9.40245724 52.31993484 18.01426506 -9.91296005 52.0858078 18.02499962 -10.18729591 52.02355194 23.73571968 -8.99347973 47.74364853 18.08263397 -8.80500793 52.90532684 18.1187973 -8.66697693 53.14800262 21.71568871 -8.7441597 50.34630203 22.19527435 -8.63769627 49.88979721 21.72143745 -8.66133118 50.38069534 18.16113091 -8.56467247 53.40682983 22.66835403 -8.56356525 49.38445282 18.68696976 -8.59202576 53.03118134 19.21334267 -8.60816383 52.6389122 18.64533234 -8.71206188 52.81533051 18.61186218 -8.85829735 52.61475372 18.56793213 -9.65359116 52.0233345 18.58030128 -9.88939857 51.93980408 18.60185623 -10.13291454 51.8853035 19.73683357 -8.61459351 52.22857666 19.17658424 -8.7362709 52.46339798 19.14840317 -8.88280296 52.30121994 19.12656975 -9.61450195 51.82217026 19.14416695 -9.82270622 51.7521019 19.17073441 -10.03613091 51.70401382 20.24967766 -8.61299038 51.80352783 19.70703316 -8.74268818 52.08978271 19.68519974 -8.88313293 51.96187973 19.68035316 -9.54118919 51.58076859 19.69981766 -9.72224998 51.52247238 19.7273159 -9.90670109 51.48025513 20.75181198 -8.60527325 51.36206055 20.2272625 -8.73464203 51.69693756 20.21162415 -8.86415386 51.59872818 20.21820068 -9.44281673 51.30180359 20.23707199 -9.59781361 51.25402451 20.26265526 -9.75491142 51.21757889 21.24430847 -8.59343624 50.90161514 20.73602295 -8.71576214 51.28308868 20.72557449 -8.83095264 51.210186 20.73777771 -9.32767773 50.9855423 20.7542572 -9.45794582 50.94743729 20.77599144 -9.58944702 50.9169693 21.72989655 -8.5798893 50.41774368 21.23344421 -8.68979931 50.84576035 21.22649765 -8.7887888 50.79402924 21.23814201 -9.20470142 50.63131714 21.25086594 -9.31204033 50.60233307 21.26745224 -9.4200573 50.57823181 22.20466232 -8.56841755 49.91237259 21.71996498 -9.08596897 50.23653793 21.72784042 -9.17318249 50.21633148 21.73841476 -9.26074982 50.19910431 22.18779945 -8.7077446 49.86896133 22.17715836 -8.99373245 49.80355453 22.17932892 -9.0661993 49.79179382 22.18343353 -9.13886166 49.78190613 23.11536407 -8.5683651 48.83906555 22.65404129 -8.62779427 49.37229919 22.6413765 -8.69261551 49.36154175 22.60743523 -8.95636272 49.33270264 22.60317612 -9.02304554 49.32907867 22.60062218 -9.08987904 49.32690048 23.53626251 -8.57989883 48.2887001 23.09155464 -8.63759613 48.83349991 23.06977272 -8.70760059 48.82953262 23.00344849 -8.99344826 48.82975006 22.99218178 -9.0658865 48.83382034 22.9830761 -9.13852119 48.8394928 23.93444443 -8.59344959 47.73099899 23.49830818 -8.6613512 48.2863884 23.46341324 -8.74419212 48.28631973 23.32179642 -9.2608757 48.33275223 24.30915451 -8.6053009 47.16910934 23.87754822 -8.68982792 47.72937393 23.6985569 -9.09847832 47.75473785 23.61904144 -9.42022228 47.80651855 24.66297722 -8.61300564 46.60165787 24.22859573 -8.71582508 47.16638565 23.97821999 -9.19951725 47.19816208 23.87358475 -9.58991146 47.26548767 24.55407143 -8.7346859 46.59689331 24.21850395 -9.29120445 46.63084793 25.61880875 -8.5918951 44.86090088 24.60992432 -9.03464508 46.02553177 24.8562603 -8.74268913 46.02087402 24.50766373 -9.19583225 46.03694916 24.42061806 -9.36521435 46.05430222 24.38827896 -10.03632355 45.55404663 24.34960175 -9.541255 46.07743835 24.9740715 -8.88279247 45.43477249 25.138731 -8.73625278 45.43616486 24.82593727 -9.0459528 45.43967438 24.69616699 -9.22378349 45.45082474 24.58629417 -9.41409779 45.46807861 24.49769783 -9.61460495 45.49123383 25.19541359 -8.85806751 44.85443497 25.0115242 -9.02816105 44.85958481 24.8501606 -9.21951866 44.87025452 24.71378899 -9.42908382 44.88627243 25.39657593 -8.80440712 44.28266144 25.17272186 -8.975317 44.28981781 24.97517776 -9.17590523 44.30023956 24.80776978 -9.40209389 44.31370544 24.67391777 -9.64946747 44.32995987 24.5761528 -9.91305542 44.34866714</float_array>
          <technique_common>
            <accessor source="#pos_0-array" count="16506" stride="3">
              <param name="X" type="float"/>
              <param name="Y" type="float"/>
              <param name="Z" type="float"/>
            </accessor>
          </technique_common>
        </source>
        <source id="norm_0">
          <float_array id="norm_0-array" count="19989">0 -1 0 -0 1 0 0.90748 0.00105 0.4201 0.71339 -0.00054 0.70077 0.99659 0.00251 -0.08247 0.96806 -0.00207 0.2507 0.82607 0.00385 -0.56355 0.96385 -0.00347 -0.26641 0.44035 0.00505 -0.89781 0.70189 -0.00474 -0.71227 0.11168 0.00815 -0.99371 0.28014 0.0087 -0.95992 -0.56326 -0.00434 -0.82627 -0.06009 0.00833 -0.99816 -0.23008 0.00906 -0.97313 -0.54487 0.00459 -0.83851 -0.29429 -0.00204 -0.95571 -0.41465 -0.00455 -0.90997 -0.69549 -0.00411 -0.71852 -0.12762 -0.00186 -0.99182 -0.95842 -0.00343 -0.28533 -0.79579 0.00415 -0.60556 -0.85053 0.00247 0.52593 -0.97524 -0.0027 0.22114 -0.74794 0.00221 0.66377 -0.84484 -0.0022 0.53502 -0.62327 0.00195 0.78201 -0.74162 -0.00194 0.67082 -0.48019 0.00168 0.87716 -0.61683 -0.00167 0.7871 -0.32294 0.00141 0.94642 -0.47409 -0.0014 0.88048 -0.15615 0.00114 0.98773 -0.31756 -0.00113 0.94824 0.01525 0.00086 0.99988 -0.15179 -0.00086 0.98841 0.18619 0.00058 0.98251 0.0184 -0.00057 0.99983 0.35164 0.00029 0.93613 0.18805 -0.00029 0.98216 -0.92801 0.00272 0.37256 0.35223 0 0.93591 -0.92347 -0.00245 0.38366 -0.99863 -0.00295 0.05218 -0.97808 0.00297 0.20819 -0.99297 -0.00319 -0.1183 -0.99928 0.00322 0.03768 -0.95342 0.00369 -0.30162 -0.99098 0.00345 -0.13395 -0.88771 0.00392 -0.46039 -0.89599 -0.00366 -0.44406 -0.68038 0.00437 -0.73285 -0.80749 -0.00389 -0.58987 -0.2103 0.00317 -0.97763 -0.39328 0.0048 -0.9194 0.04259 -0.00178 -0.99909 -0.0413 0.00326 -0.99914 0.21185 -0.00208 -0.9773 0.12567 0.00425 -0.99206 0.41627 -0.00551 -0.90922 0.29382 0.00435 -0.95585 0.58755 0.00467 -0.80918 0.56769 -0.00513 -0.82323 0.81481 -0.00433 -0.57971 0.7174 0.00426 -0.69665 0.91035 0.00342 -0.41382 0.90302 -0.00391 -0.42957 0.99546 -0.00302 -0.09516 0.96776 0.00297 -0.25186 0.996 0.00204 0.08935 0.99687 -0.00255 0.07896 0.9099 -0.00157 0.41483 0.966 0.00155 0.25854 0.82216 0.00053 0.56925 0.82414 -0.00106 0.56639 0.71258 -0 0.70159 0.25198 0.00013 -0.96773 0.0844 -0 -0.99643 0.69194 0.00033 -0.72196 0.55741 -0.00023 -0.83024 0.95617 0.00052 -0.29282 0.89033 -0.00044 -0.45531 0.97755 0.0007 0.21068 0.99942 -0.00063 0.03411 0.75067 0.00089 0.66067 0.85719 -0.00081 0.51499 0.33314 0.00106 0.94288 0.49938 -0.00099 0.86638 -0.169 0.00123 0.98562 0.01595 -0.00115 0.99987 -0.62822 0.00139 0.77804 -0.47151 -0.0013 0.88186 -0.92789 0.00155 0.37286 -0.84037 -0.00145 0.54201 -0.99468 -0.00164 -0.10298 -0.99783 -0.00159 0.06579 -0.95617 0.00174 -0.29282 -0.96319 -0.00169 -0.26881 -0.41189 0.00603 -0.91121 -0.90426 -0.00173 -0.42698 -0.48887 -0.00381 -0.87235 -0.89292 0.00179 -0.4502 -0.55996 0.00612 -0.82849 -0.81956 -0.00178 -0.57299 -0.59855 -0.00256 -0.80108 -0.804 0.00183 -0.59463 -0.69193 0.00352 -0.72195 -0.71151 -0.00182 -0.70268 -0.9919 0.00169 -0.12702 -0.70194 0 -0.71224 -0.25198 0.00258 -0.96773 -0.38249 -0 -0.92396 -0.08481 0.00151 -0.9964 -0.97755 0.0016 0.21068 -0.36266 -0.00214 -0.93192 -0.07416 0 -0.99725 -0.22084 -0.00129 -0.97531 -0.9991 0.00165 0.04244 -0.91956 -0.0015 0.39294 -0.97255 -0.00155 0.23268 -0.75067 0.00145 0.66067 -0.85153 0.0015 0.52431 -0.61311 -0.00135 0.79 -0.73724 -0.0014 0.67563 -0.33314 0.00129 0.94288 -0.48769 0.00134 0.87301 -0.15243 -0.0012 0.98831 -0.31648 -0.00125 0.9486 0.169 0.00112 0.98562 0 0.00118 1 0.34657 -0.00104 0.93802 0.18388 -0.00109 0.98295 0.62822 0.00095 0.77804 0.48769 0.001 0.87301 0.75838 -0.00087 0.65181 0.63797 -0.00093 0.77006 0.92789 0.00077 0.37286 0.85153 0.00083 0.52431 0.97945 -0.00069 0.20168 0.93159 -0.00075 0.36351 0.9919 0.00058 -0.12702 0.9991 0.00064 0.04244 0.95421 -0.0005 -0.29913 0.99092 -0.00057 -0.13442 0.804 0.00039 -0.59463 0.89293 0.00045 -0.4502 0.68906 -0.0003 -0.7247 0.8011 -0.00037 -0.59853 0.4119 0.0002 -0.91123 0.55997 0.00026 -0.82851 0.25079 -7E-05 -0.96804 0.40989 -0.00015 -0.91213 0.08481 7E-05 -0.9964 0.97237 -0.00284 0.23342 0.91612 0.008 0.40083 0.99668 0.00296 0.08139 0.99698 0 0.07762 0.96964 0.00563 0.24445 0.92353 -0.00535 0.38348 0.61454 0.01693 0.7887 0.78439 -0.00017 0.62027 0.2363 -0.01544 0.97156 0.47624 0.01603 0.87917 -0.60341 0.01134 0.79735 0 0.01695 0.99986 -0.8507 0.00807 0.52558 -0.8123 0.00323 0.58323 -0.88503 -4E-05 0.46553 -0.87409 2E-05 0.48577 -0.92352 -0.00533 0.38352 -0.91612 0.008 0.40083 -0.97234 -0.0028 0.23353 -0.96964 0.00559 0.24445 -0.99698 0 0.07766 -0.99668 0.00293 0.08139 -0.83825 0.01607 0.54505 -0.86265 0.00272 0.5058 -0.82551 0.00889 0.56432 -0.83748 0.0167 0.54621 -0.78445 -0.00016 0.62019 -0.79867 0.00022 0.60177 -0.75497 0.00701 0.65572 -0.76991 0.00211 0.63814 -0.73607 0.01685 0.6767 -0.73964 0.01453 0.67284 -0.70774 0.00397 0.70646 -0.72385 0.01006 0.68989 -0.67441 -0.00028 0.73836 -0.69124 0.00052 0.72263 -0.63951 0.00605 0.76876 -0.65711 0.00157 0.75379 -0.61454 0.01693 0.7887 -0.62158 0.01316 0.78324 -0.47624 0.01603 0.87917 -0.52826 -0.01441 0.84896 -0.32491 0.01654 0.9456 -0.38713 -0.01502 0.9219 -0.1647 0.01685 0.9862 -0.23624 -0.01544 0.97157 0.07946 -0.01565 0.99671 -0.07939 -0.01565 0.99672 0.32491 0.01654 0.9456 0.1647 0.01685 0.9862 0.52827 -0.0144 0.84896 0.38717 -0.01503 0.92189 0.62157 0.01317 0.78325 0.60339 0.01133 0.79736 0.65712 0.00157 0.75379 0.63951 0.00606 0.76876 0.69124 0.00052 0.72262 0.67437 -0.00028 0.73839 0.72376 0.01001 0.68998 0.70772 0.00395 0.70648 0.73957 0.01458 0.67292 0.73607 0.01686 0.6767 0.76992 0.0021 0.63814 0.75498 0.00702 0.65571 0.81228 0.00324 0.58325 0.79859 0.00021 0.60188 0.83748 0.0167 0.54621 0.82551 0.00889 0.56432 0.85071 0.00807 0.52558 0.83822 0.01609 0.5451 0.87408 2E-05 0.48578 0.86265 0.00272 0.5058 0.88502 -4E-05 0.46555 -0 0 1 0 0 -1 -1 -0 0 1 0 0 -0.00149 0.00036 -1 0.00139 0.00034 -1 0.23005 -0.00093 0.97318 0.98636 -0.0014 -0.16459 0.68462 -0.00108 0.7289 0.73722 0.00041 0.67565 0.62783 0.00031 0.77835 0.40169 -0.00202 0.91577 0.54695 -0.00195 0.83716 0.5687 -0.00053 0.82254 0.44141 -4E-05 0.89731 0.50643 4E-05 0.86228 0.37336 -0.00039 0.92769 0.67728 -0.00171 0.73572 0.24549 -0.00194 0.9694 0.30258 0.00027 0.95312 0.78914 -0.00159 0.61421 0.78649 -0.00131 0.6176 0.83103 0.00036 0.55622 0.15529 0.00042 0.98787 0.87006 -0.00074 0.49294 0.08258 -0.00172 0.99658 0.05868 1E-05 0.99828 0.87947 -0.00186 0.47595 0.90433 0.00017 0.42683 0.94582 -0.00201 0.3247 0.93328 -0.00022 0.35915 0.97615 0.00017 0.2171 0.95724 -0.00021 0.28931 0.98971 -0.00069 0.14309 0.98636 -0.00198 0.16459 1 -0.0018 0 0.99768 0.00039 0.06804 0.89484 0.0014 -0.44638 0.99997 -0.00129 -0.00736 0.57123 0.00127 -0.82079 0.78914 -0.00128 -0.61421 0.1078 0.00114 -0.99417 0.40169 -0.00115 -0.91577 -0.38204 0.00099 -0.92415 -0.08258 -0.00101 -0.99658 -0.54695 -0.00086 -0.83717 -0.87947 -0.00071 -0.47595 -0.77829 0.00083 -0.6279 -1 -0.00055 0 -0.98404 0.00067 -0.17795 -0.88342 0.00044 0.46858 -0.94888 0.0005 0.31564 -0.79342 0.00037 0.60868 -0.87947 -0.00037 0.47595 -0.68138 0.00031 0.73193 -0.78914 -0.00031 0.61421 -0.55053 0.00025 0.83482 -0.67728 -0.00024 0.73572 -0.40452 0.00019 0.91453 -0.54695 -0.00017 0.83717 -0.24722 0.00012 0.96896 -0.40169 -0.00012 0.91577 -0.08306 6E-05 0.99654 -0.24549 -6E-05 0.9694 -0.08258 1E-05 0.99658 -0.98636 -0.00048 0.16459 -0.94582 -0.00042 0.3247 -0.99993 0.00061 -0.01222 -0.98809 0.00055 0.15386 -0.94582 -0.00065 -0.3247 -0.98636 -0.0006 -0.16459 -0.87169 0.00078 -0.49005 -0.94091 0.00072 -0.33867 -0.67728 -0.00081 -0.73572 -0.78914 -0.00076 -0.61421 -0.53007 0.00094 -0.84796 -0.66335 0.00089 -0.74831 -0.24549 -0.00096 -0.9694 -0.40169 -0.00091 -0.91577 -0.05863 0.00109 -0.99828 -0.22339 0.00104 -0.97473 0.24549 -0.0011 -0.9694 0.08258 -0.00105 -0.99658 0.42718 0.00123 -0.90417 0.27124 0.00118 -0.96251 0.67728 -0.00124 -0.73572 0.54695 -0.00119 -0.83717 0.8084 0.00136 -0.58864 0.69951 0.00132 -0.71462 0.94582 -0.00136 -0.3247 0.87947 -0.00132 -0.47595 0.99164 0.00147 -0.12903 0.95648 0.00144 -0.29179 -0.57153 0.00127 -0.82058 -0.08258 -0.00172 0.99658 -0.99997 -0.00128 -0.00756 -0.95655 0.00143 -0.29155 -0.98636 -0.00198 0.16459 -1 -0.00181 0 -0.94582 -0.00201 0.3247 -0.95719 -0.00021 0.28944 -0.98964 -0.00071 0.14354 -0.97614 0.00017 0.21716 -0.99166 0.00147 -0.12884 -0.99766 0.00037 0.06832 -0.80859 0.00136 -0.58838 -0.94582 -0.00137 -0.3247 -0.67728 -0.00126 -0.73572 -0.87947 -0.00134 -0.47595 -0.24549 -0.00113 -0.9694 -0.10817 0.00114 -0.99413 0.66303 0.0009 -0.74859 0.67728 -0.00083 -0.73572 0.77801 0.00085 -0.62826 0.54695 -0.00088 -0.83717 0.87147 0.0008 -0.49046 0.78914 -0.00078 -0.61421 0.94076 0.00075 -0.33907 0.87947 -0.00072 -0.47595 0.98397 0.0007 -0.17835 0.94582 -0.00067 -0.3247 0.99992 0.00064 -0.01265 0.98636 -0.00061 -0.16459 0.98816 0.00058 0.15345 1 -0.00055 0 0.94901 0.00052 0.31524 0.98636 -0.00049 0.16459 0.88357 0.00046 0.46831 0.94582 -0.00043 0.3247 0.79361 0.0004 0.60843 0.87947 -0.00037 0.47595 0.68166 0.00034 0.73167 0.78914 -0.00031 0.61421 0.55087 0.00028 0.83459 0.67728 -0.00025 0.73572 0.40478 0.00021 0.91442 0.54695 -0.00019 0.83717 0.24739 0.00014 0.96892 0.40169 -0.00012 0.91577 0.08316 7E-05 0.99654 0.24549 -6E-05 0.9694 0.08258 1E-05 0.99658 0.52969 0.00095 -0.84819 0.38161 0.001 -0.92432 0.40169 -0.00093 -0.91577 0.22296 0.00105 -0.97483 0.24549 -0.00098 -0.9694 0.05825 0.00109 -0.9983 0.08258 -0.00103 -0.99658 -0.27162 0.00119 -0.9624 -0.08258 -0.00108 -0.99658 -0.42756 0.00124 -0.90398 -0.40169 -0.00117 -0.91577 -0.6997 0.00131 -0.71443 -0.54695 -0.00121 -0.83717 -0.89502 0.00141 -0.44603 -0.78914 -0.0013 -0.61421 -0.93321 -0.00022 0.35934 -0.98636 -0.00142 -0.16459 -0.90427 0.00017 0.42697 -0.87004 -0.00074 0.49297 -0.87947 -0.00186 0.47595 -0.78914 -0.00159 0.61421 -0.83084 0.00036 0.55651 -0.73732 0.0004 0.67554 -0.78659 -0.00132 0.61748 -0.67728 -0.00171 0.73572 -0.68437 -0.0011 0.72913 -0.56858 -0.00053 0.82263 -0.62779 0.00031 0.77838 -0.50626 4E-05 0.86238 -0.54695 -0.00195 0.83716 -0.40169 -0.00202 0.91577 -0.44128 -5E-05 0.89737 -0.30214 0.00027 0.95326 -0.37329 -0.00038 0.92771 -0.22978 -0.00089 0.97324 -0.24549 -0.00192 0.9694 -0.15548 0.00043 0.98784 -0.05868 1E-05 0.99828 -0.08258 0 -0.99658 0.98636 0 0.16459 0.94582 -0 0.3247 0.87947 0 0.47595 0.78914 0 0.61421 0.67728 -0 0.73572 0.54695 0 0.83717 0.4017 0 0.91577 0.24549 -0 0.9694 0.08258 0 0.99658 0.98636 0 -0.16459 0.94582 0 -0.3247 0.87947 0 -0.47595 0.78914 0 -0.61421 0.67728 0 -0.73572 0.54695 0 -0.83717 0.4017 0 -0.91577 0.24549 0 -0.9694 0.08258 0 -0.99658 -0.54695 0 -0.83717 -0.24549 0 -0.9694 -0.87947 -0 -0.47595 -0.67728 0 -0.73572 -0.94582 0 -0.3247 -0.87947 0 0.47595 -0.98636 0 0.16459 -0.67728 0 0.73572 -0.78914 0 0.61421 -0.54695 0 0.83717 -0.4017 0 0.91577 -0.24549 0 0.9694 -0.08258 0 0.99658 -0.94582 0 0.3247 -0.98636 0 -0.16459 -0.78914 0 -0.61421 -0.4017 -0 -0.91577 -0.08258 0 -0.99658 0.94582 -0 0.3247 0.67728 -0 0.73572 0.4017 0 0.91577 0.24549 -0 0.9694 0.08258 0 0.99658 0.94582 0 -0.3247 0.67728 0 -0.73572 0.4017 0 -0.91577 0.24549 0 -0.9694 0.08258 0 -0.99658 -0.24549 0 -0.9694 -0.67728 0 -0.73572 -0.94582 0 -0.3247 -0.67728 0 0.73572 -0.4017 0 0.91577 -0.24549 0 0.9694 -0.08258 0 0.99658 -0.94582 0 0.3247 -0.4017 -0 -0.91577 0.93066 -0.00241 0.36588 0.99586 -0.00353 0.0908 0.64976 0.00333 0.76013 0.85297 0.00217 0.52195 0.38801 0.00082 0.92165 0.49545 -0.00058 0.86864 0.28035 -0.00088 0.9599 0.38288 0.0014 0.9238 0.16946 -0.00105 0.98554 0.23357 0.00222 0.97234 0.05624 0 0.99842 0.0785 0.00169 0.99691 0.59836 -0.00175 0.80123 0.52276 0.00263 0.85248 0.76074 0.00309 0.64905 0.69487 -0.00201 0.71913 0.86075 -0.00042 0.50903 0.78333 -0.00152 0.62161 0.9732 -0.00235 0.22993 0.92418 0.00125 0.38196 0.997 0 0.07736 0.97258 -0.00303 0.23254 -0.23376 0.0022 0.97229 -0.05631 0 0.99841 -0.49572 -0.00068 0.86848 -0.38312 0.00134 0.9237 -0.69507 -0.00223 0.71894 -0.59863 -0.0019 0.80103 -0.92428 0.00062 0.38172 -0.78339 -0.00178 0.62152 -0.97263 -0.00279 0.23235 -0.97492 -0.00027 0.22257 -0.99701 0 0.07725 -0.99594 -0.00334 0.08998 -0.8613 -0.00092 0.50809 -0.92558 -0.0001 0.37856 -0.76095 0.00281 0.6488 -0.85313 0.00182 0.52169 -0.52302 0.00252 0.85232 -0.65 0.00314 0.75992 -0.28053 -0.00091 0.95985 -0.38825 0.00077 0.92155 -0.07861 0.00169 0.9969 -0.16964 -0.00106 0.98551 -0.08481 0 0.9964 -0.55997 0 0.82851 -0.25198 0 0.96773 -0.89293 0 0.4502 -0.69194 0 0.72196 -0.9991 -0 -0.04244 -0.95617 0 0.29282 -0.85153 0 -0.52431 -0.97756 0 -0.21068 -0.4877 0 -0.87301 -0.75067 0 -0.66067 -0.33314 -0 -0.94288 0.4877 0 -0.87301 0.169 0 -0.98562 0.85153 0 -0.52431 0.62822 0 -0.77804 0.9991 0 -0.04244 0.92789 0 -0.37286 0.9919 0 0.12702 0.95617 -0 0.29282 0.89293 0 0.4502 0.804 0 0.59463 0.69194 -0 0.72196 0.55997 0 0.82851 0.4119 0 0.91123 0.25198 -0 0.96773 0.08481 0 0.9964 0.97755 0 -0.21068 0.75067 0 -0.66067 0.33314 0 -0.94288 -0.169 -0 -0.98562 -0.62822 0 -0.77804 -0.92789 0 -0.37286 -0.9919 0 0.12702 -0.804 0 0.59463 -0.4119 0 0.91123 -0.55997 0 0.82851 -0.89293 0 0.4502 -0.69194 0 0.72196 -0.95617 0 0.29282 -0.85153 0 -0.52431 -0.97755 0 -0.21068 -0.33314 -0 -0.94288 0.169 0 -0.98562 0.85153 0 -0.52431 0.92789 0 -0.37286 0.9919 0 0.12702 0.95617 -0 0.29282 0.89293 0 0.4502 0.804 0 0.59463 0.69194 -0 0.72196 0.55997 0 0.82851 0.4119 0 0.91123 0.97756 0 -0.21068 0.33314 0 -0.94288 -0.169 -0 -0.98562 -0.92789 0 -0.37286 -0.9919 0 0.12702 -0.804 0 0.59463 -0.4119 0 0.91123 -0.08481 0 0.9964 -0.55998 0 0.82851 -0.25198 0 0.96773 -0.89293 0 0.4502 -0.9991 -0 -0.04244 -0.95617 0 0.29282 -0.85153 0 -0.52431 -0.97756 0 -0.21068 -0.48769 0 -0.87302 -0.75067 0 -0.66067 -0.33314 -0 -0.94288 0.48769 0 -0.87302 0.169 0 -0.98562 0.85153 0 -0.52431 0.9991 0 -0.04244 0.9919 0 0.12702 0.95617 -0 0.29282 0.89293 0 0.4502 0.804 0 0.59463 0.55997 0 0.82851 0.4119 0 0.91123 0.25198 -0 0.96773 0.08481 0 0.9964 0.97755 0 -0.21068 0.75067 0 -0.66067 0.33314 0 -0.94288 -0.169 -0 -0.98562 -0.9919 0 0.12702 -0.804 0 0.59463 -0.4119 0 0.91123 -0.55997 0 0.82851 -0.89293 0 0.4502 -0.95617 0 0.29282 -0.85153 0 -0.52431 -0.97755 0 -0.21068 -0.33314 -0 -0.94288 0.169 0 -0.98562 0.85153 0 -0.52431 0.9919 0 0.12702 0.95617 -0 0.29282 0.89293 0 0.4502 0.804 0 0.59463 0.55998 0 0.82851 0.4119 0 0.91123 0.97756 0 -0.21068 0.33314 0 -0.94288 -0.169 -0 -0.98562 -0.9919 0 0.12702 -0.804 0 0.59463 -0.4119 0 0.91123 0 0.05625 0.99842 1E-05 0.38871 0.92136 0 0.16861 0.98568 3E-05 0.69381 0.72016 2E-05 0.49523 0.86876 6E-05 0.86108 0.50846 4E-05 0.78273 0.62236 -0.00023 0.97309 0.2304 -0.00025 0.92553 0.37868 -2E-05 0.99584 0.09112 -2E-05 0.9749 0.22263 -0 0.99592 0.09028 7E-05 0.93033 0.36673 4E-05 0.86063 0.50923 3E-05 0.69393 0.72004 4E-05 0.78272 0.62238 3E-05 0.59742 0.80193 1E-05 0.495 0.86889 2E-05 0.59722 0.80208 1E-05 0.2797 0.96009 1E-05 0.38892 0.92127 0 0.16843 0.98571 1E-05 0.27953 0.96014 0 0.05631 0.99841 0.52249 0.00426 -0.85263 0.9992 -0.00018 -0.04005 0.92386 0.00723 -0.38267 0.99163 -0.00748 -0.12891 0.63125 -0.00417 -0.77557 0.76039 0.00589 -0.64944 0.37052 -0.00224 -0.92882 0.38268 0.00332 -0.92387 0.22579 -0.00116 -0.97418 0.23344 0.0023 -0.97237 0.07585 0 -0.99712 0.07846 0.00119 -0.99692 0.50672 -0.00324 -0.8621 0.64944 0.00511 -0.7604 0.83416 -0.00578 -0.55149 0.74123 -0.00502 -0.67123 0.90791 -0.00644 -0.41911 0.85262 0.00659 -0.52249 0.97234 0.00786 -0.23344 0.96074 -0.00699 -0.27735 0.99679 0.01619 -0.07845 0.99473 0.00077 -0.10255 0.99968 0 -0.02541 -0.76039 0.006 -0.64944 -0.85262 0.00671 -0.52249 -0.83384 -0.00582 -0.55197 -0.92385 0.00732 -0.38267 -0.90772 -0.00645 -0.41953 -0.97234 0.00786 -0.23344 -0.96072 -0.00701 -0.27741 -0.99679 0.01619 -0.07845 -0.99163 -0.00748 -0.12891 -0.9992 -0.00018 -0.04005 -0.99473 0.00077 -0.10256 -0.99968 0 -0.0254 -0.7408 -0.0051 -0.67171 -0.64944 0.0052 -0.7604 -0.52249 0.00432 -0.85263 -0.63074 -0.00429 -0.77598 -0.38268 0.00336 -0.92387 -0.50622 -0.00338 -0.8624 -0.23344 0.00232 -0.97237 -0.3701 -0.00237 -0.92899 -0.07846 0.00119 -0.99692 -0.22572 -0.00116 -0.97419 -0.07585 0 -0.99712 -0.08258 0 0.99658 0.98636 0 -0.16459 0.94582 0 -0.3247 0.87947 0 -0.47595 0.78914 0 -0.61421 0.67728 0 -0.73572 0.54695 0 -0.83717 0.40169 0 -0.91577 0.24549 0 -0.9694 0.08258 0 -0.99658 0.98636 0 0.16459 0.94582 0 0.3247 0.87947 -0 0.47595 0.78914 0 0.61421 0.67728 0 0.73572 0.54695 -0 0.83717 0.40169 0 0.91577 0.24549 0 0.9694 0.08258 0 0.99658 -0.54695 0 0.83717 -0.24549 0 0.9694 -0.87947 0 0.47595 -0.67728 0 0.73572 -0.94582 0 0.3247 -0.87947 0 -0.47595 -0.98636 0 -0.16459 -0.67728 0 -0.73572 -0.78914 0 -0.61421 -0.54695 -0 -0.83717 -0.40169 0 -0.91577 -0.24549 0 -0.9694 -0.08258 -0 -0.99658 -0.94582 0 -0.3247 -0.98636 0 0.16459 -0.78914 0 0.61421 -0.40169 0 0.91577 0.25198 0 -0.96773 0.0848 0 -0.9964 0.69194 0 -0.72196 0.55998 0 -0.82851 0.95617 0 -0.29282 0.89292 0 -0.45021 0.97756 -0 0.21068 0.9991 -0 0.04244 0.75067 0 0.66067 0.85153 0 0.52431 0.33314 0 0.94288 0.4877 0 0.87301 -0.169 0 0.98562 -0.62822 0 0.77804 -0.4877 0 0.87301 -0.92789 0 0.37286 -0.85153 0 0.52431 -0.9919 0 -0.12702 -0.9991 0 0.04244 -0.95617 -0 -0.29282 -0.89292 0 -0.45021 -0.804 0 -0.59463 -0.69194 -0 -0.72196 -0.55998 0 -0.82851 -0.4119 0 -0.91123 -0.25198 -0 -0.96773 -0.0848 0 -0.9964 -0.97756 0 0.21068 -0.75067 0 0.66067 -0.33314 0 0.94288 0.169 0 0.98562 0.62822 0 0.77804 0.92789 -0 0.37286 0.9919 0 -0.12702 0.804 0 -0.59463 0.4119 0 -0.91123 -0.08258 0 0.99658 0.94582 0 -0.3247 0.87947 0 -0.47595 0.78914 0 -0.61421 0.67728 0 -0.73572 0.54695 0 -0.83717 0.4017 0 -0.91577 0.24549 0 -0.9694 0.94582 0 0.3247 0.87947 -0 0.47595 0.78914 0 0.61421 0.67728 0 0.73572 0.54695 -0 0.83717 0.4017 0 0.91577 0.24548 0 0.9694 0.08258 0 0.99658 -0.24548 0 0.9694 -0.87947 0 0.47595 -0.94582 0 0.3247 -0.87947 0 -0.47595 -0.78914 0 -0.61421 -0.94582 0 -0.3247 -0.78914 0 0.61421 -0.4017 0 0.91577 0.25197 0 -0.96773 0.08481 0 -0.9964 0.69193 0 -0.72196 0.55998 0 -0.82851 0.89292 0 -0.45021 0.97755 -0 0.21068 0.9991 -0 0.04244 0.33313 0 0.94288 0.4877 0 0.87301 -0.62822 0 0.77804 -0.4877 0 0.87301 -0.92789 0 0.37285 -0.85152 0 0.52432 -0.9919 0 -0.12703 -0.9991 0 0.04245 -0.95617 -0 -0.29282 -0.89293 0 -0.4502 -0.80399 0 -0.59464 -0.69194 -0 -0.72196 -0.55998 0 -0.82851 -0.25197 -0 -0.96773 -0.08481 0 -0.9964 -0.97755 0 0.21068 -0.33313 0 0.94288 0.62821 0 0.77804 0.9919 0 -0.12701 0.94582 0 -0.3247 0.87947 0 -0.47595 0.94582 0 0.3247 0.87947 -0 0.47595 0.4017 0 0.91577 0.24548 0 0.9694 -0.54695 0 0.83717 -0.24548 0 0.9694 -0.87947 0 0.47595 -0.67728 0 0.73572 -0.94582 0 0.3247 -0.87947 0 -0.47595 -0.67728 0 -0.73572 -0.54695 -0 -0.83717 -0.4017 0 -0.91577 -0.24549 0 -0.9694 -0.94582 0 -0.3247 -0.4017 0 0.91577 0.69194 0 -0.72196 0.95617 0 -0.29282 0.89293 0 -0.4502 0.9991 -0 0.04245 0.85152 0 0.52432 -0.62821 0 0.77804 -0.9919 0 -0.12701 -0.9991 0 0.04244 -0.89292 0 -0.45021 -0.69193 -0 -0.72196 0.62822 0 0.77804 0.92789 -0 0.37285 0.9919 0 -0.12703 0.80399 0 -0.59464 0.64949 2E-05 0.76037 0.52251 0 0.85263 0.64943 -0 0.76042 0.38273 2E-05 0.92386 0.52245 -2E-05 0.85267 0.23346 0 0.97237 0.38267 0 0.92389 0.07851 2E-05 0.99691 0.23339 -2E-05 0.97238 0.07844 0 0.99692 0.76037 -2E-05 0.64949 0.85263 0 0.52251 0.76042 -0 0.64943 0.92386 -2E-05 0.38273 0.85267 2E-05 0.52245 0.97237 -0 0.23346 0.92389 0 0.38267 0.99691 -2E-05 0.07851 0.97238 2E-05 0.23339 0.99692 0 0.07844 -0.76037 2E-05 0.64949 -0.85263 0 0.52251 -0.76042 0 0.64943 -0.92386 2E-05 0.38273 -0.85267 -2E-05 0.52245 -0.97237 0 0.23346 -0.92389 0 0.38267 -0.99691 2E-05 0.07851 -0.97238 -2E-05 0.23339 -0.99692 0 0.07844 -0.64949 -2E-05 0.76037 -0.52251 0 0.85263 -0.64943 0 0.76042 -0.38273 -2E-05 0.92386 -0.52245 2E-05 0.85267 -0.23346 0 0.97237 -0.38267 0 0.92389 -0.07851 -2E-05 0.99691 -0.23339 2E-05 0.97238 -0.07844 0 0.99692 -0.76022 1E-05 0.64967 -0.76022 -1E-05 0.64967 -0.76022 0 0.64967 -0.76022 -0 0.64967 -0.76022 -0 0.64967 -0.76022 -0 0.64967 -0.76022 0 0.64967 0.90246 -0 -0.43077 0.90246 -0 -0.43077 0.90246 0 -0.43077 0.90246 0 -0.43077 0.90246 0 -0.43077 0.90246 -0 -0.43077 0.90246 -1E-05 -0.43077 -0.9964 -0.0848 0 -0.82851 -0.55998 0 -0.96773 -0.25198 0 -0.4502 -0.89293 -0 -0.72195 -0.69195 0 0.04244 -0.9991 0 -0.29284 -0.95616 0 0.52431 -0.85153 0 0.21067 -0.97756 0 0.87302 -0.48769 0 0.66068 -0.75067 0 0.94288 -0.33314 0 0.87302 0.48769 0 0.98562 0.169 0 0.52431 0.85153 0 0.77803 0.62822 0 0.04244 0.9991 -0 0.37286 0.92789 -0 -0.127 0.9919 0 -0.29284 0.95616 0 -0.4502 0.89293 0 -0.59463 0.804 0 -0.72195 0.69195 0 -0.82851 0.55998 0 -0.91123 0.41189 0 -0.96773 0.25198 0 -0.9964 0.0848 0 0.21067 0.97756 0 0.66068 0.75067 0 0.94288 0.33314 0 0.98562 -0.169 0 0.77803 -0.62822 0 0.37286 -0.92789 0 -0.127 -0.9919 0 -0.59463 -0.804 0 -0.91123 -0.41189 -0 0.76041 -0.64945 0 0.85264 -0.5225 0 0.92388 -0.38268 0 0.97237 -0.23345 0 0.99692 -0.07846 0 0.64944 -0.76041 0 0.5225 -0.85264 0 0.38268 -0.92388 0 0.23345 -0.97237 0 0.07846 -0.99692 0 -0.76041 -0.64945 0 -0.85264 -0.5225 0 -0.92388 -0.38268 -0 -0.97237 -0.23345 0 -0.99692 -0.07846 0 -0.64944 -0.76041 0 -0.5225 -0.85264 -0 -0.38268 -0.92388 0 -0.23345 -0.97237 0 -0.07846 -0.99692 -0 -0.99702 -0.0772 0 -0.85724 -0.51493 0 -0.97325 -0.22976 0 -0.47861 -0.87803 0 -0.65997 -0.75129 0 -0.30781 -0.95145 -0 -0.22005 -0.97549 0 -0.13241 -0.9912 -0 -0.04416 -0.99902 0 -0.3947 -0.91881 0 -0.56092 -0.82787 -0 -0.76775 -0.64075 0 -0.92628 -0.37683 0 0.99702 -0.0772 0 0.85724 -0.51493 0 0.97325 -0.22976 0 0.47861 -0.87803 0 0.65997 -0.75129 0 0.30781 -0.95145 0 0.22005 -0.97549 0 0.13241 -0.9912 0 0.04416 -0.99902 0 0.3947 -0.91881 0 0.56092 -0.82787 0 0.76775 -0.64075 0 0.92628 -0.37683 0 0.92388 0.38268 0.00032 0.76041 0.64945 0.00013 0.97237 0.23345 0.00032 0.95143 0.30786 -0.00013 0.99119 0.13243 -8E-05 0.9755 0.22001 0.00014 0.99692 0.07846 0.00037 0.99902 0.04417 0 0.91883 0.39466 0.00013 0.85264 0.5225 0.00039 0.87802 0.47863 -9E-05 0.64075 0.76775 -9E-05 0.82787 0.56092 -8E-05 0.22976 0.97325 -2E-05 0.38268 0.92388 7E-05 0.0772 0.99702 -0 0.07848 0.99692 2E-05 0.37683 0.92628 -5E-05 0.23345 0.97237 5E-05 0.5225 0.85264 9E-05 0.51493 0.85723 -7E-05 0.75129 0.65997 -0.00011 0.64944 0.76041 0.00011 0.07848 0.99692 -0 0.5225 0.85263 -0.00395 0.38268 0.92388 -0.0025 0.75455 0.64445 -0.12385 0.64943 0.7604 -0.00509 0.98381 0.17852 -0.01598 0.92331 0.38245 -0.03509 0.99636 0.07841 -0.03358 0.9935 0.11158 -0.02244 0.23404 0.97222 0.00322 0.99863 0.04568 -0.02538 0.38347 0.92354 0.00423 0.97199 0.23336 -0.02777 0.97136 0.23577 -0.0295 0.5233 0.85214 0.00335 0.92959 0.36803 -0.02037 0.95087 0.30949 -0.00762 0.65055 0.75944 0.0064 0.86777 0.49682 -0.01206 0.89904 0.43787 -0.00102 0.82735 0.56168 0.00147 0.85118 0.5216 -0.05845 0.78414 0.62056 -0.00526 0.73457 0.67853 -0.00205 0.07865 0.9969 0.00135 0.23344 0.97237 -0.00161 -0.07848 0.99692 2E-05 -0.5225 0.85264 9E-05 -0.37683 0.92628 -5E-05 -0.91883 0.39466 0.00013 -0.75129 0.65997 -0.00011 -0.9755 0.22001 0.00014 -0.97237 0.23345 0.00032 -0.99692 0.07846 0.00037 -0.99119 0.13243 -8E-05 -0.99902 0.04417 0 -0.95143 0.30786 -0.00013 -0.87802 0.47863 -9E-05 -0.92388 0.38268 0.00032 -0.82787 0.56092 -8E-05 -0.85264 0.5225 0.00039 -0.76041 0.64945 0.00013 -0.51493 0.85723 -7E-05 -0.64944 0.76041 0.00011 -0.64075 0.76775 -9E-05 -0.23345 0.97237 5E-05 -0.38268 0.92388 7E-05 -0.0772 0.99702 -0 -0.22976 0.97325 -2E-05 -0.07859 0.99691 0.00085 -0.52316 0.85223 0.00353 -0.38268 0.92388 -0.00149 -0.82726 0.56182 0.00022 -0.7342 0.67893 -0.00199 -0.8678 0.49674 -0.01336 -0.8511 0.52155 -0.06019 -0.65037 0.75959 0.00643 -0.92329 0.38244 -0.03584 -0.89931 0.43731 -0.00211 -0.95089 0.30944 -0.00783 -0.92983 0.36743 -0.02047 -0.97137 0.23573 -0.02967 -0.97199 0.23335 -0.02797 -0.99354 0.11121 -0.02257 -0.98383 0.17835 -0.01611 -0.99636 0.07841 -0.03358 -0.99864 0.04565 -0.02538 -0.78405 0.62065 -0.00693 -0.75441 0.64432 -0.12534 -0.64944 0.76041 -0.00318 -0.38314 0.92369 0.00242 -0.5225 0.85264 -0.00257 -0.23344 0.97237 -0.00142 -0.23384 0.97227 0.00177 -0.07848 0.99692 0 -0.99089 0.00157 0.13468 -0.64812 0.00138 0.76154 -0.8756 -0.00123 0.48304 -0.28942 0.00151 0.9572 -0.47463 0.00148 0.88019 -0.09666 0 0.99532 -0.13306 -0.00252 0.99111 -0.38382 -0.00235 0.9234 -0.59139 -0.00166 0.80638 -0.75496 -0.00128 0.65577 -0.92238 0.00195 0.38627 -0.80203 0.00163 0.59728 -0.99511 0 0.09876 -0.95523 -0.00102 0.29585 0 -0.99087 0.13482 -0 -0.64736 0.76219 -0 -0.80136 0.59818 0 -0.28804 0.95762 0 -0.09665 0.99532 0 -0.47344 0.88083 -0 -0.64738 0.76217 -0 -0.47344 0.88083 -0 -0.92212 0.3869 -0 -0.80137 0.59817 -0 -0.99087 0.13479 -0 -0.92212 0.38691 0.99511 0 0.09876 0.80194 0.00163 0.5974 0.92241 0.00194 0.38621 0.28942 0.00151 0.9572 0.59139 -0.00166 0.80639 0.09665 0 0.99532 0.13306 -0.00252 0.99111 0.38382 -0.00235 0.9234 0.64816 0.00138 0.7615 0.47458 0.00147 0.88021 0.87558 -0.00124 0.48306 0.75495 -0.00128 0.65578 0.95523 -0.00103 0.29587 0.9909 0.00156 0.13458 0 -0.13671 -0.99061 0 -0.75667 -0.6538 0 -0.59389 -0.80455 0 -0.95589 -0.29372 -0 -0.99511 -0.09876 -0 -0.87687 -0.48073 0 -0.38749 -0.92187 0 -0.13671 0.99061 0 -0.75666 0.65381 0 -0.59389 0.80455 0 -0.95589 0.29372 0 -0.99511 0.09876 0 -0.87687 0.48073 0 -0.38749 0.92188 0.23382 0.45757 -0.85788 0.02532 0.07738 -0.99668 0.13419 0.75025 -0.64739 0.06506 0.92171 -0.38239 0 0.99036 -0.13855 0.19008 0.60672 -0.77185 0.24093 0.38143 -0.89245 0.18925 0.61494 -0.76553 0.27877 0.13027 -0.95148 0.2848 0.10468 -0.95286 0.12114 0.4166 -0.90098 0.26642 0.28363 -0.92118 0.20179 0.05964 -0.97761 0.11934 0.03165 -0.99235 0.19308 0.09208 -0.97685 0.03788 0.73855 -0.67313 0.03845 0.01448 -0.99916 0.11809 0.44303 -0.8887 0 0.85048 -0.52601 0.13002 0.7909 -0.59797 0.08494 0.52146 -0.84904 0.07062 0.85529 -0.51332 0.15724 0.26973 -0.95001 0.17853 0.18832 -0.96574 0.01847 0.50866 -0.86077 0.15248 0.30503 -0.94006 0.08791 0.17061 -0.98141 0.06285 0.28757 -0.95569 0 0.60958 -0.79273 0.07778 0.60117 -0.79533 0.05053 0.26912 -0.96178 0.04459 0.61308 -0.78876 0.10591 0.09598 -0.98973 0.11538 0.04573 -0.99227 0.07194 0.21183 -0.97466 0.09046 0.15412 -0.9839 0.01537 0.13686 -0.99047 0.00779 0.19716 -0.98034 0 0.32004 -0.94741 0.03957 0.40079 -0.91531 0.00263 0.25823 -0.96608 0.02662 0.32179 -0.94644 0.89537 0.13 -0.42593 0.50293 0.7922 0.34564 0.26964 0.92327 -0.27362 0.42834 0.7922 -0.43467 0.31301 0.92327 -0.2227 0.07445 0.99136 -0.10797 0.52483 0.3812 -0.76108 0.55108 0.7922 -0.26215 0.38485 0.38119 -0.84059 0.6489 0.38119 -0.6585 0.41275 0.13 -0.90152 0.41275 0.12999 -0.90152 0.05459 0.99136 -0.11925 0.5882 0.79221 -0.16258 0.60749 0.7922 -0.05808 0.80791 0.12999 -0.5748 0.98701 0.13 -0.09436 0.98842 0.12999 0.0783 0.60835 0.7922 0.04819 0.95568 0.13 -0.26415 0.59077 0.7922 0.15299 0.90218 0.12999 0.41131 0.55527 0.7922 0.25316 0.43535 0.7922 0.42765 0.27404 0.92327 0.26922 0.56674 0.60734 0.55672 0.56681 0.60721 0.5568 0.27375 0.92345 0.26888 0.09342 0.99139 0.09177 0.6594 0.38168 0.6477 0.65951 0.3812 0.64787 0.8079 0.13 -0.5748 0.70734 0.12999 0.69482 0.70733 0.13016 0.6948 0.81715 0.12999 0.56158 0.90218 0.12999 0.41131 0.98842 0.13 0.07829 0.3166 0.92327 0.21758 0.76191 0.3812 0.52362 0.65481 0.60721 0.45002 0.10809 0.99136 0.07428 0.43526 0.79232 0.42754 0.3166 0.92327 0.21758 0.09355 0.99136 0.09192 0.76191 0.3812 0.52362 0.81715 0.12999 0.56158 0.34954 0.92327 0.15936 0.65481 0.60721 0.45002 0.84119 0.3812 0.38351 0.72295 0.60721 0.3296 0.11933 0.99136 0.05441 0.50294 0.7922 0.34564 0.34954 0.92327 0.15936 0.10809 0.99136 0.07428 0.84119 0.3812 0.38351 0.95985 0.12999 0.24857 0.37189 0.92327 0.09631 0.72295 0.60721 0.3296 0.89497 0.3812 0.23177 0.76917 0.60721 0.19919 0.12696 0.99136 0.03288 0.55527 0.7922 0.25315 0.37189 0.92327 0.09631 0.11933 0.99136 0.05441 0.89497 0.3812 0.23177 0.95985 0.12999 0.24857 0.38295 0.92327 0.03033 0.76917 0.60721 0.19919 0.92161 0.3812 0.073 0.79206 0.60721 0.06274 0.13074 0.99136 0.01036 0.59077 0.7922 0.15299 0.38295 0.92327 0.03033 0.12696 0.99136 0.03288 0.9216 0.3812 0.073 0.98702 0.12999 -0.09436 0.38241 0.92327 -0.03656 0.79206 0.60721 0.06274 0.89537 0.13 -0.42593 0.79094 0.60721 -0.07561 0.13055 0.99136 -0.01248 0.60835 0.7922 0.04819 0.38241 0.92327 -0.03656 0.13074 0.99136 0.01036 0.9203 0.3812 -0.08798 0.9203 0.3812 -0.08798 0.37027 0.92327 -0.10234 0.79094 0.60721 -0.07561 0.89108 0.3812 -0.24629 0.76583 0.60721 -0.21167 0.12641 0.99136 -0.03494 0.60749 0.7922 -0.05808 0.37027 0.92327 -0.10234 0.13055 0.99136 -0.01248 0.89108 0.3812 -0.24629 0.95568 0.12999 -0.26415 0.3469 0.92327 -0.16502 0.76583 0.6072 -0.21167 0.83485 0.3812 -0.39714 0.7175 0.6072 -0.34132 0.11843 0.99136 -0.05634 0.5882 0.7922 -0.16258 0.3469 0.92327 -0.16502 0.12641 0.99136 -0.03494 0.83485 0.3812 -0.39714 0.69594 0.13 -0.70623 0.49725 0.7922 -0.35378 0.7175 0.60721 -0.34132 0.75329 0.3812 -0.53594 0.64741 0.6072 -0.46061 0.10686 0.99136 -0.07603 0.55108 0.79221 -0.26215 0.31302 0.92327 -0.2227 0.11843 0.99136 -0.05634 0.75329 0.3812 -0.53594 0.45106 0.60721 -0.6541 0.55769 0.60721 -0.56593 0.64741 0.60721 -0.46061 0.55769 0.60721 -0.56593 0.42834 0.7922 -0.43467 0.10686 0.99136 -0.07603 0.49725 0.7922 -0.35378 0.26964 0.92327 -0.27363 0.09205 0.99136 -0.09342 0.69594 0.12999 -0.70623 0.56288 0.12999 -0.81625 0.34644 0.7922 -0.50239 0.6489 0.3812 -0.65849 0.45106 0.60721 -0.6541 0.05459 0.99136 -0.11925 0.34644 0.7922 -0.50239 0.21808 0.92327 -0.31625 0.21808 0.92327 -0.31625 0.09205 0.99136 -0.09342 0.56288 0.13 -0.81625 0.52483 0.38119 -0.76108 0.33075 0.60721 -0.72243 0.38485 0.3812 -0.84058 0.25404 0.7922 -0.55487 0.33075 0.60721 -0.72243 0.15992 0.92327 -0.34929 0.25404 0.7922 -0.55487 0.15992 0.92327 -0.34929 0.07445 0.99136 -0.10797 -0.83767 0.13001 0.53048 -0.88839 0.13001 -0.44029 -0.54673 0.79225 -0.27097 -0.80064 0.13001 -0.58487 -0.49273 0.79225 -0.35994 -0.95029 0.13001 -0.28291 -0.42439 0.79225 -0.43844 -0.55849 0.13001 -0.81926 -0.34371 0.79225 -0.50419 -0.80064 0.13001 -0.58487 -0.41113 0.13001 -0.90226 0.01824 0.13001 0.99134 -0.41113 0.13006 -0.90225 -0.25303 0.79225 -0.55527 -0.38333 0.38129 -0.84123 -0.15928 0.92328 -0.34956 -0.32945 0.60726 -0.72298 -0.05437 0.99137 -0.11933 -0.15927 0.92329 -0.34952 -0.98455 0.13001 -0.11729 -0.58483 0.79225 -0.17411 -0.99016 0.13001 0.05174 -0.60591 0.79225 -0.07218 -0.60937 0.79225 0.03184 -0.59509 0.79225 0.13494 -0.96697 0.13001 0.21926 -0.5635 0.79225 0.23411 -0.73533 0.13001 0.66512 -0.51552 0.79225 0.32647 -0.83767 0.13002 0.53048 -0.45253 0.79225 0.40933 -0.47007 0.13001 0.873 -0.37639 0.79225 0.48028 -0.31486 0.13001 0.94019 -0.28929 0.79225 0.53727 -0.47007 0.13001 0.873 0.14941 0.60726 0.78032 0.01123 0.79225 0.61009 0.32563 0.38125 0.86522 0.01701 0.38125 0.92431 -0.31486 0.13002 0.94019 0.34924 0.13001 0.92797 -0.19377 0.79225 0.57861 0.34924 0.13001 0.92797 0.00241 0.99137 0.13111 -0.0583 0.92329 0.37965 0.04619 0.99137 0.12273 0.00707 0.92329 0.38404 -0.38334 0.38125 -0.84125 -0.55849 0.13 -0.81926 -0.07386 0.99137 -0.10835 -0.32945 0.60727 -0.72297 -0.52073 0.38125 -0.76387 -0.44751 0.60727 -0.65647 -0.07386 0.99137 -0.10835 -0.25304 0.79222 -0.5553 -0.21635 0.92329 -0.31737 -0.05437 0.99137 -0.11933 -0.52072 0.38126 -0.76387 -0.6896 0.13001 -0.71243 -0.26714 0.92329 -0.27599 -0.44751 0.60727 -0.65647 -0.64297 0.38126 -0.66426 -0.55257 0.60727 -0.57087 -0.0912 0.99137 -0.09422 -0.34371 0.79225 -0.50419 -0.26714 0.92329 -0.27599 -0.21635 0.92329 -0.31737 -0.64297 0.38125 -0.66426 -0.6896 0.13 -0.71243 -0.10589 0.99137 -0.07735 -0.55257 0.60727 -0.57087 -0.7465 0.38125 -0.54533 -0.64155 0.60727 -0.46866 -0.10589 0.99137 -0.07735 -0.42439 0.79225 -0.43844 -0.31016 0.92329 -0.22657 -0.0912 0.99137 -0.09422 -0.7465 0.38125 -0.54532 -0.88839 0.13001 -0.4403 -0.11749 0.99137 -0.05823 -0.64155 0.60726 -0.46866 -0.82832 0.38125 -0.41052 -0.71187 0.60726 -0.35281 -0.11749 0.99137 -0.05823 -0.49273 0.79225 -0.35994 -0.34415 0.92329 -0.17057 -0.31016 0.92329 -0.22657 -0.82832 0.38126 -0.41052 -0.98455 0.13001 -0.11729 -0.12568 0.99137 -0.03742 -0.71187 0.60726 -0.35281 -0.88604 0.38126 -0.26378 -0.76147 0.60726 -0.2267 -0.12568 0.99137 -0.03742 -0.54673 0.79225 -0.27096 -0.36814 0.92329 -0.1096 -0.34416 0.92329 -0.17057 -0.88604 0.38125 -0.26378 -0.95029 0.13001 -0.28291 -0.13021 0.99137 -0.01551 -0.76147 0.60727 -0.22669 -0.91798 0.38125 -0.10936 -0.78892 0.60727 -0.09399 -0.13021 0.99137 -0.01551 -0.58483 0.79225 -0.17411 -0.38141 0.92329 -0.04544 -0.36814 0.92329 -0.1096 -0.91798 0.38125 -0.10936 -0.99016 0.13001 0.05174 -0.38358 0.92329 0.02004 -0.78892 0.60727 -0.09399 -0.92321 0.38125 0.04824 -0.79342 0.60727 0.04146 -0.13095 0.99137 0.00684 -0.60591 0.79225 -0.07218 -0.38358 0.92329 0.02004 -0.38141 0.92329 -0.04544 -0.92321 0.38125 0.04824 -0.96697 0.13001 0.21926 -0.12788 0.99137 0.029 -0.79342 0.60727 0.04146 -0.90158 0.38125 0.20443 -0.77483 0.60727 0.17569 -0.12788 0.99137 0.029 -0.60936 0.79225 0.03184 -0.37459 0.92329 0.08494 -0.13095 0.99137 0.00684 -0.90158 0.38125 0.20443 -0.91564 0.13002 0.3804 -0.35471 0.92329 0.14737 -0.77483 0.60727 0.17569 -0.85373 0.38125 0.35468 -0.7337 0.60727 0.30482 -0.1211 0.99137 0.05031 -0.59509 0.79225 0.13494 -0.35471 0.92329 0.14737 -0.37459 0.92329 0.08494 -0.85373 0.38125 0.35468 -0.91564 0.13001 0.3804 -0.32451 0.92329 0.2055 -0.7337 0.60726 0.30482 -0.78103 0.38125 0.49461 -0.67122 0.60726 0.42508 -0.1211 0.99137 0.05031 -0.5635 0.79225 0.23411 -0.32451 0.92329 0.2055 -0.11078 0.99137 0.07016 -0.78103 0.38125 0.49461 -0.61159 0.13001 0.78042 -0.28486 0.92329 0.25766 -0.67122 0.60727 0.42507 -0.68561 0.38125 0.62015 -0.58922 0.60727 0.53296 -0.09725 0.99137 0.08796 -0.51552 0.79225 0.32647 -0.28486 0.92329 0.25766 -0.11078 0.99137 0.07016 -0.68561 0.38125 0.62015 -0.73533 0.13001 0.66512 -0.08088 0.99137 0.10321 -0.58922 0.60727 0.53296 -0.57024 0.38126 0.72765 -0.49007 0.60726 0.62535 -0.09725 0.99137 0.08796 -0.45254 0.79225 0.40933 -0.23693 0.92329 0.30233 -0.08088 0.99137 0.10321 -0.57024 0.38125 0.72765 -0.61159 0.13001 0.78042 -0.1821 0.92329 0.3382 -0.49007 0.60726 0.62535 -0.43828 0.38125 0.81397 -0.37666 0.60726 0.69954 -0.06217 0.99137 0.11546 -0.37639 0.79225 0.48028 -0.1821 0.92329 0.33819 -0.23693 0.92329 0.30233 -0.43828 0.38125 0.81398 -0.1505 0.13001 0.98002 -0.12197 0.92329 0.36422 -0.37666 0.60727 0.69954 -0.29357 0.38125 0.87662 -0.2523 0.60727 0.75337 -0.04164 0.99137 0.12434 -0.28929 0.79225 0.53726 -0.12198 0.92329 0.36422 -0.06217 0.99137 0.11546 -0.29357 0.38125 0.87662 -0.1505 0.13001 0.98002 -0.09262 0.79225 0.60313 -0.2523 0.60726 0.75338 -0.14032 0.38125 0.91376 -0.12059 0.60726 0.7853 -0.04164 0.99137 0.12434 -0.19377 0.79225 0.57861 -0.0583 0.92329 0.37965 -0.0199 0.99137 0.12961 -0.14032 0.38125 0.91376 0.17385 0.38125 0.90798 0.01462 0.60727 0.79436 -0.12059 0.60727 0.78529 0.01462 0.60726 0.79437 0.01123 0.79225 0.61009 0.00241 0.99137 0.13111 -0.09262 0.79225 0.60313 0.00707 0.92329 0.38404 -0.0199 0.99137 0.12961 0.18646 0.13002 0.97382 0.11475 0.79225 0.59931 0.01701 0.38125 0.92432 0.14941 0.60726 0.78032 0.07223 0.92329 0.37725 0.11475 0.79225 0.59931 0.02466 0.99137 0.12879 0.07223 0.92329 0.37725 0.02466 0.99137 0.12879 0.18646 0.13001 0.97382 0.17385 0.38125 0.90798 0.27985 0.60727 0.74358 0.32563 0.38125 0.86523 0.21493 0.79225 0.57109 0.27985 0.60726 0.74358 0.13529 0.92329 0.35949 0.21493 0.79225 0.57109 0.04619 0.99137 0.12273 0.13529 0.92329 0.35949 -0.07061 0.85532 -0.51327 -0.10591 0.09598 -0.98973 -0.24091 0.38147 -0.89244 -0.17853 0.18836 -0.96574 -0.27876 0.13032 -0.95148 -0.19007 0.60671 -0.77186 -0.23378 0.45765 -0.85785 -0.13 0.79087 -0.59802 -0.18923 0.61501 -0.76548 0 0.85051 -0.52595 -0.11808 0.44311 -0.88866 -0.13417 0.75037 -0.64726 0 0.60959 -0.79272 -0.06504 0.92169 -0.38243 -0.0266 0.32183 -0.94642 -0.04456 0.61309 -0.78876 0 0.32008 -0.94739 -0.26638 0.28379 -0.92114 -0.12114 0.41662 -0.90097 -0.15247 0.30505 -0.94005 -0.19307 0.09213 -0.97685 -0.28479 0.10473 -0.95285 -0.08491 0.5215 -0.84901 -0.03785 0.73867 -0.67301 -0.00263 0.25823 -0.96608 -0.07776 0.60124 -0.79528 -0.09045 0.15414 -0.9839 -0.07195 0.2118 -0.97466 -0.15721 0.2699 -0.94997 -0.19766 0.07514 -0.97739 -0.11309 0.05804 -0.99189 -0.01846 0.50871 -0.86074 -0.05053 0.26912 -0.96178 -0.06285 0.2876 -0.95569 -0.03956 0.40081 -0.91531 -0.00779 0.19713 -0.98035 -0.02532 0.07738 -0.99668 -0.01537 0.13688 -0.99047 -0.0879 0.17065 -0.9814 -0.1202 0.03183 -0.99224 -0.03845 0.01448 -0.99916 0.32207 0.81805 0.47652 0.25092 0.09162 0.96366 0.07692 0.42123 0.90368 -0.22853 0.42122 0.87769 0.08194 0.25788 0.9627 0.08448 0.08681 0.99264 0.0823 0.08213 0.99322 0.24475 0.07715 0.96651 0.20668 0.57204 0.79376 0.45931 0.57204 0.67957 0.46242 0.81805 0.342 0.65946 0.57204 0.48773 -0.8024 0.06311 0.59345 0.54994 0.81805 0.16842 0.78427 0.57204 0.24018 0.81949 0.57204 -0.03481 0.57464 0.81805 -0.02441 0.48976 0.81805 -0.30155 0.80182 0.57204 -0.1728 0.2805 0.81805 -0.50211 0.61572 0.57204 -0.5419 0.13862 0.57204 -0.80843 0.27325 0.57204 -0.77337 -0.27325 0.57204 -0.77337 -0.1916 0.81805 -0.54229 -0.61572 0.57204 -0.5419 -0.43175 0.81805 -0.37998 -0.57463 0.81805 -0.02441 -0.56224 0.81805 -0.12117 -0.54994 0.81805 0.16842 -0.57049 0.81805 0.07305 -0.80984 0.42123 0.40831 -0.00743 0.99616 0.08727 -0.10705 0.96564 0.23683 -0.51357 0.81805 0.25894 -0.63267 0.70568 0.31899 -0.29342 0.90564 0.30615 -0.7324 0.57204 0.36927 -0.78427 0.57204 0.24018 -0.56754 0.57205 0.59217 -0.69041 0.06646 0.72036 -0.24346 0.25786 0.93501 -0.39797 0.25787 0.88041 -0.08451 0.08226 0.99302 -0.08193 0.25788 0.9627 -0.08227 0.08682 0.99282 -0.14554 0.96563 0.21533 -0.81358 0.57204 0.10418 -0.02207 0.99616 0.08476 -0.80182 0.57204 -0.17281 -0.81949 0.57204 -0.03481 -0.69845 0.57204 -0.43005 -0.76108 0.57204 -0.30583 -0.53368 0.81805 -0.21445 -0.51528 0.57204 -0.63816 -0.48976 0.81805 -0.30155 -0.36132 0.81805 -0.44749 -0.40002 0.57204 -0.71607 -0.13862 0.57204 -0.80843 -0.2805 0.81805 -0.50211 -0.0972 0.81805 -0.56688 0 0.57204 -0.82023 0.0972 0.81805 -0.56688 0 0.81805 -0.57515 0.40002 0.57204 -0.71607 0.1916 0.81805 -0.54229 0.36132 0.81805 -0.44749 0.51528 0.57204 -0.63817 0.69845 0.57204 -0.43005 0.43175 0.81805 -0.37999 0.53368 0.81805 -0.21445 0.76108 0.57204 -0.30583 0.81358 0.57204 0.10418 0.56224 0.81805 -0.12117 0.7324 0.57204 0.36926 0.57049 0.81805 0.07305 0.56755 0.57204 0.59217 0.51357 0.81805 0.25894 0.33785 0.57204 0.74741 0.39797 0.81805 0.41523 0.14492 0.81805 0.55659 0.2369 0.81804 0.5241 0.06956 0.57204 0.81727 0.06956 0.57204 0.81727 0.06009 0.70567 0.70599 0.04878 0.81805 0.57308 0.04878 0.81805 0.57307 0.03596 0.90563 0.42253 0.02204 0.96564 0.25896 0.02204 0.96563 0.25897 0.00743 0.99616 0.08727 0.08193 0.25786 0.9627 0.39986 0.0955 0.91159 0.41078 0.07387 0.90874 0.07691 0.42123 0.90369 0.24345 0.25786 0.93501 0.22853 0.42122 0.87769 0.10685 0.90563 0.41038 0.06009 0.70568 0.70598 0.20668 0.57204 0.79376 0.06549 0.96564 0.25151 0.17854 0.70568 0.68567 0.14492 0.81805 0.55659 0.00743 0.99616 0.08727 0.03596 0.90563 0.42253 0.06549 0.96564 0.25152 0.02207 0.99616 0.08476 0.24346 0.25787 0.935 0.54423 0.09946 0.83302 0.5586 0.07004 0.82648 0.22853 0.42123 0.87769 0.39797 0.25787 0.88041 0.37358 0.42123 0.82644 0.17467 0.90564 0.38641 0.17854 0.70567 0.68568 0.33785 0.57204 0.74741 0.10705 0.96564 0.23683 0.29185 0.70567 0.64564 0.2369 0.81805 0.52409 0.02207 0.99616 0.08476 0.10685 0.90563 0.41038 0.10705 0.96563 0.23683 0.03608 0.99616 0.07981 0.39797 0.25787 0.88041 0.67367 0.10316 0.7318 0.69041 0.06646 0.72036 0.37357 0.42122 0.82645 0.54103 0.25787 0.80049 0.50787 0.42123 0.75142 0.23746 0.90564 0.35134 0.29185 0.70568 0.64564 0.45931 0.57204 0.67956 0.14554 0.96563 0.21533 0.39676 0.70568 0.58703 0.32207 0.81804 0.47652 0.03608 0.99616 0.07981 0.17467 0.90563 0.38642 0.14554 0.96563 0.21533 0.04905 0.99616 0.07257 0.54104 0.25787 0.80049 0.78464 0.10662 0.61071 0.80239 0.06312 0.59345 0.50787 0.42123 0.75142 0.66854 0.25787 0.69754 0.62756 0.42124 0.65478 0.29343 0.90563 0.30616 0.39676 0.70567 0.58703 0.56755 0.57204 0.59217 0.17984 0.96564 0.18764 0.49026 0.70567 0.51153 0.39797 0.81805 0.41523 0.04905 0.99616 0.07257 0.23746 0.90564 0.35133 0.17984 0.96564 0.18764 0.0606 0.99616 0.06323 0.66854 0.25786 0.69754 0.87415 0.10982 0.47307 0.89132 0.06001 0.44939 0.62756 0.42123 0.65478 0.77681 0.25786 0.57452 0.72919 0.42124 0.5393 0.34094 0.90563 0.25216 0.49026 0.70568 0.51153 0.65946 0.57204 0.48773 0.20896 0.96564 0.15455 0.56966 0.70568 0.42132 0.46242 0.81805 0.342 0.0606 0.99616 0.06323 0.29342 0.90563 0.30615 0.20896 0.96564 0.15455 0.07042 0.99616 0.05208 0.77681 0.25786 0.57452 0.93978 0.11277 0.32263 0.9546 0.05716 0.29234 0.72919 0.42124 0.5393 0.86273 0.25786 0.43498 0.80984 0.42122 0.40832 0.37865 0.90563 0.19091 0.56966 0.70567 0.42132 0.7324 0.57204 0.36927 0.23207 0.96564 0.11701 0.63267 0.70567 0.31899 0.51357 0.81805 0.25894 0.07042 0.99616 0.05208 0.34095 0.90563 0.25216 0.23207 0.96564 0.11701 0.07821 0.99616 0.03943 0.86273 0.25786 0.43498 0.97976 0.11548 0.16349 0.99042 0.05455 0.12683 0.80984 0.42123 0.40831 0.92383 0.25786 0.28292 0.8672 0.42123 0.26558 0.40547 0.90563 0.12417 0.63267 0.70568 0.31898 0.78427 0.57204 0.24018 0.24851 0.96564 0.0761 0.67748 0.70568 0.20748 0.54994 0.81805 0.16842 0.07821 0.99616 0.03943 0.37865 0.90563 0.19091 0.24851 0.96564 0.07611 0.08375 0.99616 0.02565 0.92383 0.25787 0.28292 0.99302 0.11793 -0 0.99774 0.05219 -0.04238 0.8672 0.42122 0.26558 0.95835 0.25787 0.12272 0.89961 0.42123 0.1152 0.42063 0.90563 0.05386 0.67748 0.70567 0.20748 0.81358 0.57204 0.10419 0.2578 0.96564 0.03301 0.7028 0.70567 0.09 0.57049 0.81805 0.07306 0.08375 0.99616 0.02565 0.40547 0.90563 0.12418 0.2578 0.96564 0.03301 0.08688 0.99616 0.01113 0.95835 0.25787 0.12272 0.97922 0.12014 -0.1634 0.97633 0.05008 -0.21041 0.89961 0.42123 0.1152 0.96531 0.25788 -0.04101 0.90613 0.42123 -0.0385 0.42368 0.90563 -0.018 0.7028 0.70567 0.09 0.81949 0.57204 -0.03481 0.25967 0.96564 -0.01103 0.7079 0.70567 -0.03007 0.57463 0.81805 -0.02441 0.42062 0.90563 0.05386 0.25967 0.96564 -0.01103 0.08751 0.99616 -0.00372 0.96531 0.25787 -0.04101 0.93874 0.12211 -0.32227 0.92681 0.04822 -0.37242 0.90614 0.42123 -0.03849 0.94449 0.25787 -0.20355 0.8866 0.42123 -0.19107 0.41454 0.90563 -0.08934 0.70789 0.70568 -0.03007 0.80182 0.57204 -0.1728 0.25407 0.96564 -0.05476 0.69263 0.70568 -0.14927 0.56224 0.81805 -0.12117 0.08562 0.99616 -0.01845 0.42368 0.90563 -0.018 0.25407 0.96564 -0.05476 0.08751 0.99616 -0.00372 0.94449 0.25788 -0.20355 0.8727 0.12382 -0.47229 0.8506 0.04661 -0.52374 0.8866 0.42123 -0.19107 0.89651 0.25788 -0.36025 0.84155 0.42123 -0.33817 0.39348 0.90563 -0.15811 0.69263 0.70567 -0.14927 0.76108 0.57204 -0.30583 0.24116 0.96564 -0.09691 0.65744 0.70567 -0.26418 0.53368 0.81805 -0.21445 0.08562 0.99616 -0.01845 0.41454 0.90563 -0.08934 0.24116 0.96564 -0.09691 0.08127 0.99616 -0.03266 0.89651 0.25788 -0.36025 0.78292 0.1253 -0.60937 0.7499 0.04525 -0.66 0.84155 0.42123 -0.33817 0.82273 0.25788 -0.50658 0.77229 0.42123 -0.47553 0.3611 0.90563 -0.22234 0.65744 0.70568 -0.26418 0.69844 0.57204 -0.43005 0.22131 0.96564 -0.13627 0.60334 0.70568 -0.37149 0.48976 0.81805 -0.30155 0.08127 0.99616 -0.03266 0.39348 0.90564 -0.15811 0.22131 0.96564 -0.13627 0.07458 0.99616 -0.04592 0.82273 0.25787 -0.50658 0.67184 0.12652 -0.72981 0.62761 0.04412 -0.77728 0.7723 0.42123 -0.47552 0.72529 0.25787 -0.63833 0.68083 0.42123 -0.5992 0.31833 0.90563 -0.28017 0.60334 0.70567 -0.37149 0.61572 0.57204 -0.5419 0.1951 0.96564 -0.17171 0.53188 0.70567 -0.46811 0.43175 0.81805 -0.37999 0.07458 0.99616 -0.04592 0.3611 0.90563 -0.22234 0.1951 0.96564 -0.17171 0.06575 0.99616 -0.05787 0.72528 0.25788 -0.63833 0.54248 0.1275 -0.83033 0.48724 0.04325 -0.8722 0.68083 0.42123 -0.5992 0.60697 0.25787 -0.75172 0.56977 0.42123 -0.70564 0.2664 0.90563 -0.32994 0.53188 0.70568 -0.46811 0.51528 0.57204 -0.63817 0.16327 0.96564 -0.20221 0.44511 0.70568 -0.55127 0.36132 0.81805 -0.44749 0.06575 0.99616 -0.05787 0.31833 0.90563 -0.28017 0.16327 0.96564 -0.20221 0.05502 0.99616 -0.06815 0.60697 0.25787 -0.75172 0.39838 0.12824 -0.90821 0.33284 0.04263 -0.94202 0.56977 0.42123 -0.70564 0.4712 0.25787 -0.84349 0.44231 0.42124 -0.79178 0.20681 0.90563 -0.37021 0.44512 0.70567 -0.55127 0.40002 0.57204 -0.71607 0.12675 0.96564 -0.2269 0.34555 0.70567 -0.61856 0.2805 0.81805 -0.50211 0.05502 0.99616 -0.06815 0.2664 0.90563 -0.32993 0.12675 0.96564 -0.2269 0.04272 0.99616 -0.07646 0.4712 0.25787 -0.84349 0.24344 0.12872 -0.96134 0.16885 0.04226 -0.98474 0.44232 0.42123 -0.79178 0.32187 0.25786 -0.91099 0.30214 0.42123 -0.85515 0.14127 0.90563 -0.39984 0.34555 0.70567 -0.61856 0.27325 0.57204 -0.77337 0.08658 0.96564 -0.24505 0.23604 0.70567 -0.66806 0.1916 0.81805 -0.54229 0.04272 0.99616 -0.07647 0.20681 0.90563 -0.37021 0.08658 0.96564 -0.24505 0.02918 0.99616 -0.08258 0.32187 0.25787 -0.91099 0.08189 0.12897 -0.98826 0 0.04214 -0.99911 0.30214 0.42124 -0.85514 0.16328 0.25787 -0.95228 0.15328 0.42123 -0.89391 0.07167 0.90563 -0.41796 0.23604 0.70567 -0.66807 0.13862 0.57204 -0.80843 0.04392 0.96564 -0.25616 0.11975 0.70567 -0.69835 0.0972 0.81805 -0.56688 0.0148 0.99616 -0.08633 0.14127 0.90563 -0.39984 0.04392 0.96564 -0.25616 0.02918 0.99616 -0.08258 0.16329 0.25787 -0.95228 -0.08189 0.12897 -0.98826 -0.16885 0.04226 -0.98474 0.15328 0.42123 -0.89391 0 0.25787 -0.96618 0 0.42123 -0.90695 0 0.90563 -0.42406 0.11974 0.70568 -0.69834 0 0.96564 -0.2599 0 0.70568 -0.70853 0.0148 0.99616 -0.08633 0.07167 0.90563 -0.41796 0 0.99616 -0.08759 -0.24345 0.12872 -0.96133 -0.33284 0.04263 -0.94202 -0.16328 0.25787 -0.95228 -0.15328 0.42123 -0.89391 -0.07167 0.90563 -0.41796 -0.13862 0.57204 -0.80843 -0.04392 0.96564 -0.25616 -0.11974 0.70568 -0.69834 -0.0972 0.81805 -0.56688 -0.0148 0.99616 -0.08633 -0.04392 0.96564 -0.25616 -0.16329 0.25787 -0.95228 -0.39838 0.12824 -0.90821 -0.48724 0.04326 -0.8722 -0.15328 0.42123 -0.89391 -0.32187 0.25787 -0.91099 -0.30214 0.42123 -0.85515 -0.14127 0.90563 -0.39984 -0.11974 0.70567 -0.69835 -0.27325 0.57204 -0.77337 -0.08658 0.96564 -0.24505 -0.23604 0.70567 -0.66807 -0.1916 0.81805 -0.5423 -0.02918 0.99616 -0.08258 -0.07167 0.90563 -0.41796 -0.08658 0.96564 -0.24505 -0.0148 0.99616 -0.08633 -0.32187 0.25786 -0.91099 -0.54248 0.12751 -0.83033 -0.62761 0.04413 -0.77728 -0.30214 0.42123 -0.85515 -0.4712 0.25787 -0.84349 -0.44232 0.42123 -0.79178 -0.20681 0.90563 -0.37021 -0.23604 0.70567 -0.66806 -0.40002 0.57204 -0.71607 -0.12675 0.96564 -0.2269 -0.34555 0.70567 -0.61856 -0.2805 0.81805 -0.50211 -0.02918 0.99616 -0.08258 -0.14127 0.90563 -0.39984 -0.12675 0.96564 -0.2269 -0.04272 0.99616 -0.07647 -0.4712 0.25787 -0.84349 -0.67184 0.12652 -0.72981 -0.7499 0.04525 -0.66 -0.44232 0.42123 -0.79178 -0.60697 0.25787 -0.75172 -0.56977 0.42123 -0.70564 -0.2664 0.90563 -0.32993 -0.34555 0.70567 -0.61857 -0.51528 0.57204 -0.63816 -0.16327 0.96564 -0.20221 -0.44512 0.70567 -0.55127 -0.36132 0.81805 -0.44749 -0.04272 0.99616 -0.07646 -0.20681 0.90563 -0.37021 -0.16327 0.96564 -0.20221 -0.05502 0.99616 -0.06815 -0.60698 0.25787 -0.75172 -0.78292 0.1253 -0.60937 -0.8506 0.04661 -0.52374 -0.56977 0.42123 -0.70564 -0.72528 0.25787 -0.63833 -0.68082 0.42123 -0.5992 -0.31833 0.90563 -0.28017 -0.44512 0.70568 -0.55127 -0.61572 0.57204 -0.5419 -0.1951 0.96564 -0.17171 -0.53188 0.70568 -0.46811 -0.43175 0.81805 -0.37999 -0.06575 0.99616 -0.05787 -0.2664 0.90563 -0.32993 -0.1951 0.96564 -0.17171 -0.05502 0.99616 -0.06815 -0.72528 0.25787 -0.63833 -0.8727 0.12383 -0.47229 -0.92681 0.04823 -0.37242 -0.68082 0.42123 -0.5992 -0.82273 0.25787 -0.50658 -0.7723 0.42123 -0.47553 -0.3611 0.90563 -0.22234 -0.53188 0.70567 -0.46812 -0.69845 0.57204 -0.43005 -0.22131 0.96564 -0.13627 -0.60334 0.70567 -0.37149 -0.48976 0.81805 -0.30155 -0.06575 0.99616 -0.05787 -0.31833 0.90563 -0.28017 -0.22131 0.96564 -0.13627 -0.07458 0.99616 -0.04592 -0.82273 0.25787 -0.50658 -0.93874 0.12211 -0.32227 -0.97633 0.05009 -0.21042 -0.7723 0.42123 -0.47552 -0.89651 0.25787 -0.36024 -0.84155 0.42123 -0.33816 -0.39348 0.90564 -0.15811 -0.60334 0.70567 -0.37149 -0.76108 0.57204 -0.30583 -0.24116 0.96564 -0.09691 -0.65744 0.70567 -0.26418 -0.53367 0.81805 -0.21445 -0.07458 0.99616 -0.04592 -0.3611 0.90563 -0.22234 -0.24116 0.96564 -0.09691 -0.08127 0.99616 -0.03266 -0.89651 0.25787 -0.36025 -0.97922 0.12015 -0.1634 -0.99774 0.0522 -0.04238 -0.84155 0.42123 -0.33817 -0.94449 0.25787 -0.20356 -0.8866 0.42123 -0.19108 -0.41454 0.90563 -0.08934 -0.65744 0.70567 -0.26418 -0.80182 0.57204 -0.1728 -0.25407 0.96564 -0.05476 -0.69263 0.70567 -0.14927 -0.56224 0.81805 -0.12117 -0.08127 0.99616 -0.03266 -0.39348 0.90563 -0.15811 -0.25407 0.96564 -0.05476 -0.08562 0.99616 -0.01845 -0.94449 0.25787 -0.20355 -0.99302 0.11794 0 -0.99042 0.05456 0.12683 -0.8866 0.42123 -0.19107 -0.96531 0.25787 -0.04101 -0.90614 0.42123 -0.03849 -0.42368 0.90563 -0.018 -0.69264 0.70567 -0.14927 -0.81949 0.57204 -0.03481 -0.25967 0.96564 -0.01103 -0.7079 0.70567 -0.03007 -0.57463 0.81805 -0.02441 -0.08751 0.99616 -0.00372 -0.41454 0.90563 -0.08934 -0.25967 0.96564 -0.01103 -0.08562 0.99616 -0.01845 -0.96531 0.25787 -0.04101 -0.97976 0.11548 0.16349 -0.9546 0.05716 0.29234 -0.90614 0.42123 -0.03849 -0.95835 0.25787 0.12272 -0.89961 0.42123 0.1152 -0.42063 0.90563 0.05386 -0.7079 0.70567 -0.03007 -0.81358 0.57204 0.10418 -0.2578 0.96564 0.03301 -0.7028 0.70567 0.09 -0.57049 0.81805 0.07305 -0.08751 0.99616 -0.00372 -0.42368 0.90563 -0.018 -0.2578 0.96564 0.03301 -0.08688 0.99616 0.01113 -0.95835 0.25787 0.12272 -0.93978 0.11277 0.32263 -0.89132 0.06001 0.44939 -0.89961 0.42123 0.1152 -0.92383 0.25786 0.28292 -0.8672 0.42123 0.26557 -0.40547 0.90563 0.12417 -0.7028 0.70567 0.09 -0.78427 0.57204 0.24018 -0.24851 0.96564 0.0761 -0.67748 0.70567 0.20748 -0.54994 0.81805 0.16842 -0.42063 0.90563 0.05386 -0.24851 0.96564 0.0761 -0.08375 0.99616 0.02565 -0.92383 0.25787 0.28292 -0.87415 0.10982 0.47307 -0.5586 0.07004 0.82648 -0.8672 0.42123 0.26557 -0.86273 0.25787 0.43498 -0.46242 0.81805 0.342 -0.37865 0.90563 0.19091 -0.67748 0.70568 0.20748 -0.7324 0.57204 0.36927 -0.23207 0.96564 0.11701 -0.63267 0.70568 0.31899 -0.51357 0.81805 0.25894 -0.07821 0.99616 0.03943 -0.40547 0.90563 0.12417 -0.23207 0.96564 0.11701 -0.08375 0.99616 0.02565 -0.86273 0.25786 0.43498 -0.78464 0.10662 0.61071 -0.65946 0.57204 0.48773 -0.80984 0.42123 0.40832 -0.77681 0.25786 0.57452 -0.56966 0.70567 0.42132 -0.72919 0.42124 0.5393 -0.34095 0.90563 0.25216 -0.65946 0.57204 0.48773 -0.20896 0.96564 0.15454 -0.56966 0.70568 0.42132 -0.46242 0.81805 0.342 -0.07042 0.99616 0.05208 -0.37865 0.90563 0.19091 -0.20896 0.96564 0.15455 -0.07821 0.99616 0.03943 -0.77681 0.25787 0.57452 -0.67367 0.10317 0.7318 -0.49027 0.70567 0.51153 -0.72919 0.42123 0.5393 -0.66854 0.25787 0.69754 -0.39797 0.81805 0.41523 -0.62756 0.42123 0.65478 -0.17467 0.90563 0.38642 -0.56755 0.57204 0.59217 -0.17983 0.96564 0.18764 -0.49026 0.70567 0.51153 -0.39797 0.81805 0.41523 -0.07042 0.99616 0.05208 -0.34094 0.90563 0.25216 -0.17984 0.96563 0.18764 -0.0606 0.99616 0.06323 -0.66854 0.25787 0.69754 -0.54424 0.09945 0.83302 -0.45931 0.57204 0.67956 -0.62756 0.42123 0.65478 -0.54104 0.25787 0.80049 -0.39676 0.70567 0.58703 -0.50787 0.42123 0.75142 -0.32207 0.81805 0.47652 -0.4593 0.57205 0.67956 -0.23746 0.90563 0.35134 -0.39677 0.70567 0.58703 -0.32207 0.81805 0.47652 -0.06061 0.99616 0.06323 -0.29343 0.90563 0.30615 -0.14554 0.96564 0.21533 -0.04905 0.99616 0.07257 -0.54103 0.25788 0.80049 -0.39986 0.0955 0.91159 -0.37357 0.42123 0.82644 -0.50787 0.42123 0.75142 -0.37358 0.42122 0.82644 -0.33785 0.57204 0.74741 -0.33785 0.57204 0.74741 -0.29185 0.70567 0.64564 -0.29184 0.70567 0.64564 -0.23691 0.81805 0.52409 -0.2369 0.81805 0.52409 -0.17467 0.90563 0.38642 -0.03608 0.99616 0.07981 -0.23746 0.90564 0.35134 -0.10705 0.96564 0.23683 -0.04905 0.99616 0.07257 -0.41078 0.07387 0.90874 -0.24446 0.0913 0.96535 -0.20668 0.57204 0.79376 -0.39797 0.25788 0.88041 -0.22853 0.42123 0.87769 -0.17854 0.70567 0.68567 -0.20668 0.57204 0.79376 -0.14492 0.81805 0.55659 -0.17853 0.70568 0.68567 -0.10685 0.90563 0.41038 -0.14492 0.81805 0.55659 -0.02207 0.99616 0.08476 -0.10685 0.90563 0.41038 -0.06549 0.96564 0.25152 -0.06549 0.96564 0.25151 -0.03608 0.99616 0.07981 -0.25121 0.07794 0.96479 -0.24345 0.25787 0.935 -0.07692 0.42123 0.90369 -0.08194 0.25786 0.9627 -0.06956 0.57204 0.81727 -0.07691 0.42123 0.90368 -0.06009 0.70567 0.70599 -0.06956 0.57204 0.81727 -0.04878 0.81805 0.57307 -0.06009 0.70568 0.70598 -0.03596 0.90563 0.42253 -0.04878 0.81805 0.57308 -0.02204 0.96563 0.25897 -0.03596 0.90563 0.42253 -0.02204 0.96564 0.25896 -0.00743 0.99616 0.08727 0.32207 0.81805 0.47652 0.24475 0.07715 0.96651 0.20668 0.57204 0.79376 0.4593 0.57204 0.67956 0.46242 0.81805 0.342 0.65946 0.57204 0.48773 -0.80239 0.06312 0.59345 0.54994 0.81805 0.16842 0.78427 0.57204 0.24018 0.81949 0.57204 -0.03481 0.57463 0.81805 -0.02441 0.80181 0.57204 -0.1728 0.27325 0.57204 -0.77337 -0.61572 0.57204 -0.54191 -0.57463 0.81805 -0.02441 -0.56224 0.81805 -0.12117 -0.54994 0.81805 0.16842 -0.57049 0.81805 0.07305 -0.80985 0.42122 0.40831 -0.10705 0.96563 0.23683 -0.51357 0.81805 0.25894 -0.63267 0.70567 0.31898 -0.29342 0.90563 0.30615 -0.7324 0.57204 0.36927 -0.78427 0.57204 0.24018 -0.56755 0.57204 0.59217 -0.69041 0.06646 0.72036 -0.39797 0.25787 0.88041 -0.02207 0.99616 0.08476 -0.80182 0.57204 -0.1728 -0.81949 0.57204 -0.03481 -0.69845 0.57204 -0.43005 -0.76108 0.57204 -0.30583 -0.53368 0.81805 -0.21445 -0.48976 0.81805 -0.30156 -0.40002 0.57204 -0.71607 -0.0972 0.81805 -0.56688 0.1916 0.81805 -0.5423 0.51528 0.57204 -0.63816 0.69845 0.57204 -0.43005 0.53367 0.81805 -0.21445 0.76108 0.57204 -0.30583 0.56224 0.81805 -0.12117 0.7324 0.57204 0.36927 0.56754 0.57205 0.59216 0.51357 0.81805 0.25894 0.33785 0.57204 0.74741 0.39797 0.81805 0.41523 0.14492 0.81805 0.55659 0.2369 0.81805 0.5241 0.39986 0.0955 0.91159 0.41078 0.07387 0.90874 0.10685 0.90563 0.41038 0.20668 0.57204 0.79376 0.17854 0.70568 0.68567 0.14492 0.81805 0.55659 0.06549 0.96564 0.25152 0.02207 0.99616 0.08476 0.54424 0.09945 0.83302 0.5586 0.07004 0.82648 0.39797 0.25787 0.88041 0.37358 0.42123 0.82644 0.17467 0.90563 0.38641 0.17854 0.70567 0.68567 0.33785 0.57204 0.74741 0.10705 0.96564 0.23683 0.29185 0.70567 0.64564 0.2369 0.81805 0.52409 0.02207 0.99616 0.08476 0.10685 0.90563 0.41038 0.10705 0.96564 0.23683 0.03608 0.99616 0.07981 0.39797 0.25788 0.88041 0.67367 0.10317 0.7318 0.69041 0.06646 0.72036 0.37358 0.42122 0.82644 0.54104 0.25788 0.80049 0.50787 0.42123 0.75142 0.23746 0.90564 0.35133 0.29185 0.70567 0.64564 0.4593 0.57205 0.67956 0.14554 0.96564 0.21533 0.39676 0.70567 0.58703 0.32207 0.81805 0.47652 0.03608 0.99616 0.07981 0.14554 0.96563 0.21533 0.04905 0.99616 0.07257 0.54103 0.25787 0.80049 0.8024 0.06311 0.59345 0.50787 0.42123 0.75142 0.66854 0.25787 0.69754 0.62756 0.42123 0.65478 0.39676 0.70567 0.58703 0.56754 0.57204 0.59217 0.17984 0.96564 0.18764 0.49027 0.70567 0.51153 0.23746 0.90563 0.35134 0.17984 0.96564 0.18764 0.0606 0.99616 0.06323 0.66854 0.25787 0.69754 0.87415 0.10982 0.47307 0.62756 0.42123 0.65478 0.77681 0.25787 0.57452 0.72919 0.42124 0.5393 0.49027 0.70567 0.51153 0.65946 0.57204 0.48773 0.20896 0.96564 0.15455 0.56966 0.70567 0.42132 0.46242 0.81805 0.342 0.0606 0.99616 0.06323 0.29342 0.90564 0.30615 0.20896 0.96564 0.15454 0.07042 0.99616 0.05208 0.77681 0.25786 0.57452 0.93978 0.11277 0.32263 0.9546 0.05716 0.29234 0.72919 0.42123 0.53931 0.86273 0.25786 0.43498 0.80984 0.42123 0.40832 0.37865 0.90563 0.19091 0.56966 0.70568 0.42132 0.7324 0.57204 0.36927 0.23207 0.96564 0.11701 0.63267 0.70568 0.31899 0.51357 0.81805 0.25894 0.07042 0.99616 0.05208 0.23207 0.96564 0.11701 0.07821 0.99616 0.03943 0.86273 0.25787 0.43498 0.99042 0.05456 0.12683 0.80984 0.42123 0.40831 0.92383 0.25787 0.28292 0.8672 0.42123 0.26557 0.40547 0.90563 0.12418 0.63267 0.70568 0.31898 0.78427 0.57204 0.24018 0.24851 0.96564 0.0761 0.67748 0.70568 0.20747 0.07821 0.99616 0.03943 0.37865 0.90563 0.19091 0.24851 0.96564 0.07611 0.08375 0.99616 0.02565 0.92383 0.25786 0.28292 0.99302 0.11794 -0 0.99774 0.0522 -0.04238 0.8672 0.42123 0.26558 0.95835 0.25787 0.12272 0.89961 0.42123 0.1152 0.42063 0.90563 0.05386 0.67748 0.70567 0.20748 0.57049 0.81805 0.07305 0.40547 0.90563 0.12417 0.95835 0.25787 0.12272 0.97922 0.12015 -0.1634 0.97633 0.05009 -0.21042 0.89961 0.42123 0.1152 0.96531 0.25787 -0.04101 0.90614 0.42123 -0.03849 0.81949 0.57204 -0.03481 0.7079 0.70567 -0.03007 0.42063 0.90563 0.05386 0.08751 0.99616 -0.00372 0.93874 0.12211 -0.32227 0.92681 0.04823 -0.37242 0.94449 0.25787 -0.20356 0.8866 0.42123 -0.19108 0.41454 0.90563 -0.08934 0.7079 0.70567 -0.03007 0.69264 0.70567 -0.14927 0.56224 0.81805 -0.12117 0.08562 0.99616 -0.01845 0.25407 0.96564 -0.05476 0.08751 0.99616 -0.00372 0.94449 0.25787 -0.20355 0.8727 0.12383 -0.47229 0.8506 0.04661 -0.52374 0.8866 0.42123 -0.19107 0.89651 0.25787 -0.36024 0.84156 0.42123 -0.33816 0.69263 0.70567 -0.14927 0.76108 0.57204 -0.30583 0.24116 0.96564 -0.09691 0.53368 0.81805 -0.21445 0.08562 0.99616 -0.01845 0.41454 0.90563 -0.08934 0.08127 0.99616 -0.03266 0.89651 0.25787 -0.36025 0.84155 0.42123 -0.33817 0.82273 0.25787 -0.50658 0.3611 0.90563 -0.22234 0.65745 0.70567 -0.26418 0.22131 0.96564 -0.13627 0.60334 0.70567 -0.37149 0.48976 0.81805 -0.30155 0.08127 0.99616 -0.03266 0.22131 0.96564 -0.13627 0.07458 0.99616 -0.04592 0.82273 0.25787 -0.50658 0.67184 0.12652 -0.72981 0.62761 0.04413 -0.77728 0.72529 0.25787 -0.63833 0.68083 0.42123 -0.5992 0.60334 0.70567 -0.37149 0.61572 0.57204 -0.5419 0.1951 0.96564 -0.17171 0.07458 0.99616 -0.04592 0.3611 0.90563 -0.22234 0.1951 0.96564 -0.17171 0.06575 0.99616 -0.05787 0.72528 0.25787 -0.63833 0.54248 0.12751 -0.83033 0.48724 0.04326 -0.8722 0.68082 0.42123 -0.5992 0.60697 0.25787 -0.75172 0.56977 0.42123 -0.70564 0.2664 0.90563 -0.32993 0.51528 0.57204 -0.63816 0.16327 0.96564 -0.20221 0.06575 0.99616 -0.05787 0.16327 0.96564 -0.20221 0.05502 0.99616 -0.06815 0.60698 0.25787 -0.75172 0.39838 0.12824 -0.90821 0.33284 0.04263 -0.94202 0.56977 0.42123 -0.70564 0.4712 0.25787 -0.84349 0.44231 0.42123 -0.79178 0.40002 0.57204 -0.71607 0.12675 0.96564 -0.2269 0.05502 0.99616 -0.06815 0.2664 0.90563 -0.32993 0.12675 0.96564 -0.2269 0.04272 0.99616 -0.07646 0.24345 0.12872 -0.96133 0.44232 0.42123 -0.79178 0.32187 0.25786 -0.91099 0.30214 0.42123 -0.85515 0.14127 0.90563 -0.39984 0.27325 0.57204 -0.77337 0.1916 0.81805 -0.54229 0.04272 0.99616 -0.07647 0.20681 0.90563 -0.37021 0.08658 0.96564 -0.24505 0.32187 0.25787 -0.91099 0.30214 0.42123 -0.85515 0.07167 0.90563 -0.41796 0.04392 0.96564 -0.25616 0.0972 0.81805 -0.56688 0.14127 0.90563 -0.39984 0.04392 0.96564 -0.25616 0.07167 0.90563 -0.41796 -0.24344 0.12872 -0.96134 -0.33284 0.04263 -0.94202 -0.07167 0.90563 -0.41796 -0.0972 0.81805 -0.56688 -0.04392 0.96564 -0.25616 -0.39838 0.12824 -0.90821 -0.48724 0.04325 -0.8722 -0.32187 0.25787 -0.91099 -0.30214 0.42124 -0.85514 -0.14127 0.90563 -0.39984 -0.27325 0.57204 -0.77337 -0.08658 0.96564 -0.24505 -0.1916 0.81805 -0.54229 -0.07167 0.90563 -0.41796 -0.08658 0.96564 -0.24505 -0.32187 0.25786 -0.91099 -0.54248 0.1275 -0.83033 -0.62761 0.04412 -0.77728 -0.30214 0.42123 -0.85515 -0.4712 0.25787 -0.84349 -0.44231 0.42123 -0.79179 -0.20681 0.90563 -0.37021 -0.40002 0.57204 -0.71607 -0.12675 0.96564 -0.2269 -0.14127 0.90563 -0.39984 -0.12675 0.96564 -0.2269 -0.04272 0.99616 -0.07647 -0.4712 0.25787 -0.84349 -0.67184 0.12652 -0.72981 -0.44232 0.42124 -0.79178 -0.60697 0.25787 -0.75172 -0.56977 0.42123 -0.70564 -0.51528 0.57204 -0.63817 -0.04272 0.99616 -0.07646 -0.20681 0.90563 -0.37021 -0.16327 0.96564 -0.20221 -0.05502 0.99616 -0.06815 -0.60697 0.25787 -0.75172 -0.8506 0.04661 -0.52374 -0.56977 0.42123 -0.70564 -0.72529 0.25788 -0.63833 -0.68083 0.42123 -0.5992 -0.61572 0.57204 -0.5419 -0.1951 0.96564 -0.17171 -0.06575 0.99616 -0.05787 -0.2664 0.90563 -0.32994 -0.05502 0.99616 -0.06815 -0.8727 0.12382 -0.47229 -0.92681 0.04822 -0.37242 -0.68083 0.42123 -0.5992 -0.3611 0.90563 -0.22234 -0.69845 0.57204 -0.43005 -0.22131 0.96564 -0.13627 -0.48976 0.81805 -0.30155 -0.06575 0.99616 -0.05787 -0.22131 0.96564 -0.13627 -0.07458 0.99616 -0.04592 -0.82273 0.25788 -0.50657 -0.93874 0.12211 -0.32227 -0.97633 0.05008 -0.21041 -0.89651 0.25788 -0.36025 -0.84155 0.42123 -0.33816 -0.60334 0.70568 -0.37149 -0.24116 0.96564 -0.09691 -0.65744 0.70568 -0.26418 -0.53368 0.81805 -0.21445 -0.07458 0.99616 -0.04592 -0.3611 0.90563 -0.22234 -0.24116 0.96564 -0.09691 -0.08127 0.99616 -0.03266 -0.89651 0.25788 -0.36025 -0.97922 0.12014 -0.1634 -0.99774 0.05219 -0.04238 -0.94449 0.25788 -0.20355 -0.8866 0.42123 -0.19107 -0.41454 0.90563 -0.08934 -0.65744 0.70567 -0.26418 -0.80182 0.57204 -0.1728 -0.25407 0.96564 -0.05475 -0.69263 0.70567 -0.14928 -0.56224 0.81805 -0.12117 -0.08127 0.99616 -0.03266 -0.25407 0.96564 -0.05476 -0.08562 0.99616 -0.01845 -0.94449 0.25787 -0.20355 -0.99302 0.11793 0 -0.99042 0.05455 0.12683 -0.8866 0.42123 -0.19107 -0.96531 0.25787 -0.04101 -0.90614 0.42123 -0.0385 -0.69263 0.70568 -0.14927 -0.70789 0.70568 -0.03007 -0.57464 0.81805 -0.02441 -0.08751 0.99616 -0.00372 -0.41454 0.90563 -0.08934 -0.08562 0.99616 -0.01845 -0.96531 0.25788 -0.04101 -0.9546 0.05716 0.29234 -0.90613 0.42123 -0.03849 -0.95835 0.25787 0.12272 -0.89961 0.42123 0.1152 -0.42062 0.90563 0.05386 -0.7079 0.70567 -0.03007 -0.57049 0.81805 0.07306 -0.95835 0.25787 0.12272 -0.93978 0.11277 0.32263 -0.92383 0.25787 0.28292 -0.8672 0.42122 0.26558 -0.78427 0.57204 0.24018 -0.67748 0.70567 0.20748 -0.54994 0.81805 0.16842 -0.24851 0.96564 0.0761 -0.08375 0.99616 0.02565 -0.92383 0.25786 0.28292 -0.87415 0.10982 0.47307 -0.5586 0.07004 0.82648 -0.8672 0.42123 0.26558 -0.86273 0.25786 0.43498 -0.46242 0.81805 0.342 -0.37865 0.90563 0.19091 -0.67748 0.70568 0.20748 -0.7324 0.57204 0.36927 -0.23207 0.96564 0.11701 -0.63267 0.70568 0.31898 -0.51357 0.81805 0.25894 -0.07821 0.99616 0.03943 -0.40547 0.90563 0.12417 -0.23207 0.96564 0.11701 -0.08375 0.99616 0.02565 -0.86273 0.25786 0.43498 -0.65946 0.57204 0.48773 -0.77681 0.25786 0.57452 -0.56966 0.70568 0.42132 -0.72919 0.42124 0.5393 -0.65946 0.57204 0.48773 -0.20896 0.96564 0.15455 -0.56966 0.70567 0.42132 -0.07042 0.99616 0.05208 -0.37865 0.90563 0.19091 -0.07821 0.99616 0.03943 -0.77681 0.25786 0.57452 -0.67367 0.10316 0.7318 -0.49026 0.70567 0.51153 -0.72919 0.42124 0.5393 -0.66854 0.25786 0.69754 -0.39797 0.81805 0.41523 -0.62755 0.42124 0.65478 -0.17467 0.90563 0.38642 -0.56755 0.57204 0.59217 -0.17983 0.96564 0.18764 -0.49026 0.70568 0.51153 -0.39797 0.81805 0.41523 -0.07042 0.99616 0.05208 -0.17984 0.96564 0.18764 -0.0606 0.99616 0.06323 -0.66853 0.25787 0.69754 -0.54423 0.09946 0.83302 -0.45931 0.57204 0.67957 -0.62756 0.42123 0.65478 -0.54103 0.25787 0.80049 -0.39676 0.70568 0.58703 -0.50787 0.42123 0.75142 -0.32207 0.81804 0.47652 -0.45931 0.57204 0.67957 -0.23746 0.90564 0.35133 -0.39676 0.70567 0.58703 -0.32207 0.81805 0.47652 -0.0606 0.99616 0.06323 -0.29343 0.90563 0.30615 -0.14554 0.96563 0.21533 -0.04905 0.99616 0.07257 -0.54104 0.25787 0.80049 -0.39986 0.0955 0.91159 -0.37357 0.42123 0.82644 -0.50787 0.42123 0.75142 -0.37358 0.42122 0.82644 -0.33785 0.57204 0.74741 -0.33785 0.57204 0.74741 -0.29184 0.70568 0.64564 -0.29185 0.70567 0.64564 -0.23691 0.81804 0.5241 -0.2369 0.81805 0.52409 -0.17467 0.90564 0.38641 -0.03608 0.99616 0.07981 -0.23746 0.90564 0.35134 -0.10705 0.96564 0.23683 -0.04905 0.99616 0.07257 -0.41078 0.07387 0.90874 -0.24446 0.0913 0.96535 -0.20668 0.57204 0.79376 -0.39797 0.25787 0.88041 -0.17854 0.70567 0.68568 -0.14492 0.81805 0.55659 -0.17853 0.70568 0.68567 -0.10685 0.90563 0.41038 -0.14493 0.81805 0.55659 -0.10685 0.90563 0.41038 -0.06549 0.96564 0.25152 -0.06549 0.96564 0.25151 -0.03608 0.99616 0.07981 -0.25121 0.07794 0.96479 0.32207 0.81805 0.47652 0.25092 0.0916 0.96366 -0.22853 0.42123 0.87769 0.08194 0.25787 0.9627 0.08449 0.08682 0.99264 0.0823 0.08211 0.99322 0.24476 0.07715 0.96651 0.20668 0.57204 0.79376 0.45931 0.57204 0.67957 0.46242 0.81805 0.342 0.65946 0.57204 0.48773 -0.8024 0.06311 0.59345 0.54994 0.81805 0.16842 0.78427 0.57204 0.24018 0.81949 0.57204 -0.03481 0.57463 0.81805 -0.02441 -0.57463 0.81805 -0.02441 -0.56224 0.81805 -0.12117 -0.54994 0.81805 0.16842 -0.57049 0.81805 0.07305 -0.80984 0.42123 0.40832 -0.00743 0.99616 0.08727 -0.51357 0.81805 0.25894 -0.63267 0.70568 0.31899 -0.29342 0.90563 0.30615 -0.7324 0.57204 0.36927 -0.78427 0.57204 0.24018 -0.56755 0.57204 0.59217 -0.69041 0.06646 0.72036 -0.24345 0.25787 0.935 -0.39797 0.25787 0.88041 -0.08452 0.08225 0.99302 -0.08194 0.25787 0.9627 -0.08227 0.08683 0.99282 -0.14554 0.96564 0.21533 -0.81358 0.57204 0.10418 -0.80182 0.57204 -0.17281 -0.81949 0.57204 -0.03481 -0.76108 0.57204 -0.30583 -0.53367 0.81805 -0.21445 0.69845 0.57204 -0.43005 0.53367 0.81805 -0.21445 0.76108 0.57204 -0.30583 0.81358 0.57204 0.10418 0.7324 0.57204 0.36927 0.57049 0.81805 0.07305 0.56755 0.57204 0.59217 0.51357 0.81805 0.25893 0.33785 0.57204 0.74741 0.39797 0.81805 0.41523 0.14493 0.81805 0.55659 0.2369 0.81805 0.52409 0.06956 0.57204 0.81727 0.06956 0.57204 0.81727 0.06009 0.70568 0.70598 0.04878 0.81805 0.57308 0.04878 0.81805 0.57308 0.03596 0.90563 0.42253 0.02204 0.96564 0.25896 0.02204 0.96564 0.25896 0.00743 0.99616 0.08727 0.08194 0.25787 0.9627 0.39986 0.0955 0.91159 0.41078 0.07387 0.90874 0.24346 0.25787 0.935 0.22853 0.42123 0.87769 0.10685 0.90563 0.41038 0.06009 0.70567 0.70599 0.06549 0.96564 0.25151 0.17854 0.70567 0.68568 0.14493 0.81805 0.55659 0.00743 0.99616 0.08727 0.03596 0.90563 0.42253 0.06549 0.96564 0.25152 0.02207 0.99616 0.08476 0.24345 0.25786 0.93501 0.5586 0.07004 0.82648 0.39797 0.25787 0.88041 0.37358 0.42123 0.82644 0.17467 0.90563 0.38642 0.17854 0.70567 0.68567 0.33785 0.57204 0.74741 0.29185 0.70567 0.64564 0.2369 0.81805 0.52409 0.02207 0.99616 0.08476 0.10685 0.90563 0.41038 0.39797 0.25787 0.88041 0.67367 0.10316 0.7318 0.69041 0.06646 0.72036 0.37357 0.42123 0.82644 0.54104 0.25787 0.80049 0.50787 0.42123 0.75142 0.23746 0.90563 0.35134 0.29185 0.70567 0.64564 0.45931 0.57204 0.67956 0.39676 0.70567 0.58703 0.32207 0.81805 0.47652 0.17467 0.90563 0.38641 0.14554 0.96564 0.21533 0.04905 0.99616 0.07257 0.54104 0.25786 0.80049 0.78464 0.10662 0.61071 0.8024 0.06311 0.59345 0.50787 0.42123 0.75142 0.66854 0.25786 0.69754 0.29342 0.90563 0.30615 0.39676 0.70567 0.58703 0.56755 0.57204 0.59217 0.17984 0.96564 0.18764 0.49027 0.70567 0.51153 0.39797 0.81805 0.41523 0.04905 0.99616 0.07257 0.23746 0.90563 0.35134 0.17984 0.96564 0.18764 0.06061 0.99616 0.06323 0.66854 0.25787 0.69754 0.87416 0.10982 0.47307 0.89132 0.06001 0.44939 0.62756 0.42123 0.65478 0.77681 0.25787 0.57452 0.72919 0.42123 0.5393 0.34094 0.90563 0.25216 0.65946 0.57204 0.48773 0.20896 0.96564 0.15455 0.56966 0.70567 0.42132 0.46242 0.81805 0.342 0.06061 0.99616 0.06323 0.29342 0.90563 0.30615 0.20896 0.96564 0.15454 0.07042 0.99616 0.05208 0.77681 0.25787 0.57452 0.93978 0.11277 0.32263 0.9546 0.05716 0.29234 0.86273 0.25787 0.43498 0.80984 0.42123 0.40832 0.37865 0.90563 0.19091 0.56966 0.70568 0.42132 0.7324 0.57204 0.36927 0.63267 0.70568 0.31899 0.51357 0.81805 0.25894 0.34094 0.90563 0.25216 0.86273 0.25787 0.43498 0.97976 0.11548 0.16349 0.99042 0.05456 0.12683 0.80984 0.42123 0.40832 0.92383 0.25787 0.28292 0.40547 0.90563 0.12417 0.63267 0.70567 0.31899 0.78427 0.57204 0.24018 0.24851 0.96564 0.0761 0.67748 0.70567 0.20747 0.54994 0.81805 0.16842 0.37865 0.90563 0.19091 0.24851 0.96564 0.0761 0.08375 0.99616 0.02565 0.92383 0.25787 0.28292 0.99774 0.0522 -0.04238 0.8672 0.42123 0.26558 0.95835 0.25787 0.12272 0.89961 0.42123 0.1152 0.42063 0.90563 0.05386 0.67748 0.70567 0.20748 0.81358 0.57204 0.10418 0.2578 0.96564 0.03301 0.7028 0.70567 0.09 0.57049 0.81805 0.07305 0.08375 0.99616 0.02565 0.40547 0.90563 0.12417 0.2578 0.96564 0.03301 0.08688 0.99616 0.01113 0.95835 0.25787 0.12272 0.97922 0.12015 -0.1634 0.97633 0.05009 -0.21042 0.89961 0.42123 0.1152 0.96531 0.25787 -0.04101 0.90614 0.42123 -0.03849 0.42368 0.90563 -0.018 0.7028 0.70567 0.09 0.25967 0.96564 -0.01103 0.7079 0.70567 -0.03007 0.57463 0.81805 -0.02441 0.08688 0.99616 0.01113 0.42063 0.90563 0.05386 0.25967 0.96564 -0.01103 0.08751 0.99616 -0.00372 0.96531 0.25787 -0.04101 0.93874 0.12211 -0.32227 0.90614 0.42123 -0.03849 0.94449 0.25787 -0.20356 0.8866 0.42123 -0.19108 0.41454 0.90563 -0.08934 0.7079 0.70567 -0.03007 0.80182 0.57204 -0.1728 0.25407 0.96564 -0.05476 0.69264 0.70567 -0.14927 0.56224 0.81805 -0.12117 0.08562 0.99616 -0.01845 0.42368 0.90563 -0.018 0.25407 0.96564 -0.05476 0.08751 0.99616 -0.00372 0.94449 0.25787 -0.20356 0.87271 0.12383 -0.47228 0.8506 0.04661 -0.52374 0.8866 0.42123 -0.19108 0.39348 0.90563 -0.15811 0.69263 0.70567 -0.14927 0.76108 0.57204 -0.30583 0.24116 0.96564 -0.09691 0.65744 0.70567 -0.26418 0.53368 0.81805 -0.21445 0.08562 0.99616 -0.01845 0.41454 0.90563 -0.08934 0.24116 0.96564 -0.09691 0.08127 0.99616 -0.03266 0.78292 0.1253 -0.60937 0.82273 0.25787 -0.50658 0.7723 0.42123 -0.47552 0.69845 0.57204 -0.43005 0.08127 0.99616 -0.03266 0.39348 0.90563 -0.15811 0.82273 0.25787 -0.50658 0.7723 0.42123 -0.47552 0.72528 0.25787 -0.63833 0.68082 0.42123 -0.5992 0.68083 0.42123 -0.5992 -0.78292 0.1253 -0.60937 -0.8506 0.04661 -0.52374 -0.72528 0.25787 -0.63833 -0.68082 0.42123 -0.5992 -0.72528 0.25787 -0.63833 -0.87271 0.12383 -0.47228 -0.82273 0.25787 -0.50658 -0.7723 0.42123 -0.47552 -0.69845 0.57204 -0.43005 -0.82273 0.25787 -0.50658 -0.93874 0.12211 -0.32227 -0.97633 0.05009 -0.21042 -0.7723 0.42123 -0.47552 -0.39348 0.90563 -0.15811 -0.76108 0.57204 -0.30583 -0.24116 0.96564 -0.09691 -0.65744 0.70567 -0.26418 -0.53367 0.81805 -0.21445 -0.24116 0.96564 -0.09691 -0.97922 0.12015 -0.1634 -0.99774 0.0522 -0.04238 -0.94449 0.25787 -0.20356 -0.8866 0.42123 -0.19108 -0.41454 0.90563 -0.08934 -0.65744 0.70567 -0.26418 -0.80182 0.57204 -0.1728 -0.25407 0.96564 -0.05476 -0.69263 0.70567 -0.14927 -0.56224 0.81805 -0.12117 -0.08127 0.99616 -0.03266 -0.39348 0.90563 -0.15811 -0.25407 0.96564 -0.05476 -0.08562 0.99616 -0.01845 -0.94449 0.25787 -0.20356 -0.99042 0.05456 0.12683 -0.8866 0.42123 -0.19107 -0.96531 0.25787 -0.04101 -0.90614 0.42123 -0.03849 -0.42368 0.90563 -0.018 -0.69263 0.70567 -0.14927 -0.81949 0.57204 -0.03481 -0.25967 0.96564 -0.01103 -0.7079 0.70567 -0.03007 -0.57463 0.81805 -0.02441 -0.08751 0.99616 -0.00372 -0.41454 0.90563 -0.08934 -0.25967 0.96564 -0.01103 -0.08562 0.99616 -0.01845 -0.96531 0.25787 -0.04101 -0.97976 0.11548 0.16349 -0.9546 0.05716 0.29234 -0.95835 0.25787 0.12272 -0.42063 0.90563 0.05386 -0.7079 0.70567 -0.03007 -0.81358 0.57204 0.10418 -0.2578 0.96564 0.03301 -0.7028 0.70567 0.09 -0.57049 0.81805 0.07305 -0.42368 0.90563 -0.018 -0.2578 0.96564 0.03301 -0.08688 0.99616 0.01113 -0.95835 0.25787 0.12272 -0.93978 0.11277 0.32263 -0.89132 0.06001 0.44939 -0.89961 0.42123 0.1152 -0.92383 0.25787 0.28292 -0.8672 0.42123 0.26557 -0.40547 0.90563 0.12417 -0.7028 0.70567 0.09 -0.78427 0.57204 0.24018 -0.24851 0.96564 0.0761 -0.67748 0.70567 0.20748 -0.54994 0.81805 0.16842 -0.08688 0.99616 0.01113 -0.42063 0.90563 0.05386 -0.08375 0.99616 0.02565 -0.92383 0.25787 0.28292 -0.87416 0.10982 0.47307 -0.5586 0.07004 0.82648 -0.8672 0.42123 0.26558 -0.86272 0.25787 0.43498 -0.46242 0.81805 0.342 -0.37865 0.90563 0.19091 -0.67748 0.70567 0.20748 -0.7324 0.57204 0.36927 -0.63267 0.70567 0.31899 -0.51357 0.81805 0.25894 -0.08375 0.99616 0.02565 -0.86273 0.25787 0.43498 -0.78464 0.10662 0.61071 -0.80984 0.42123 0.40832 -0.77681 0.25787 0.57452 -0.56966 0.70567 0.42132 -0.72919 0.42123 0.5393 -0.34094 0.90563 0.25216 -0.65946 0.57204 0.48773 -0.56966 0.70568 0.42132 -0.46242 0.81805 0.342 -0.07042 0.99616 0.05208 -0.37865 0.90563 0.19091 -0.20896 0.96564 0.15455 -0.77681 0.25787 0.57452 -0.67367 0.10316 0.7318 -0.49026 0.70567 0.51153 -0.72919 0.42123 0.5393 -0.39797 0.81805 0.41523 -0.62756 0.42123 0.65478 -0.17467 0.90563 0.38641 -0.17984 0.96564 0.18764 -0.49027 0.70567 0.51153 -0.39797 0.81805 0.41523 -0.07042 0.99616 0.05208 -0.34094 0.90563 0.25216 -0.17984 0.96564 0.18764 -0.06061 0.99616 0.06323 -0.66854 0.25786 0.69754 -0.45931 0.57204 0.67956 -0.62756 0.42123 0.65478 -0.54104 0.25786 0.80049 -0.50787 0.42123 0.75142 -0.32207 0.81805 0.47652 -0.45931 0.57204 0.67956 -0.23746 0.90563 0.35134 -0.39676 0.70567 0.58703 -0.32207 0.81805 0.47652 -0.06061 0.99616 0.06323 -0.29342 0.90563 0.30615 -0.14554 0.96564 0.21533 -0.04905 0.99616 0.07257 -0.54104 0.25787 0.80049 -0.39986 0.0955 0.91159 -0.37357 0.42123 0.82644 -0.50787 0.42123 0.75142 -0.37358 0.42123 0.82644 -0.33785 0.57204 0.74741 -0.29185 0.70567 0.64564 -0.29185 0.70567 0.64564 -0.2369 0.81805 0.52409 -0.23691 0.81805 0.52409 -0.23746 0.90563 0.35134 -0.41078 0.07387 0.90874 -0.24446 0.09128 0.96535 -0.20668 0.57204 0.79376 -0.39797 0.25787 0.88041 -0.22853 0.42123 0.87769 -0.20668 0.57204 0.79376 -0.14493 0.81805 0.55659 -0.17854 0.70567 0.68568 -0.10685 0.90563 0.41038 -0.02207 0.99616 0.08476 -0.10685 0.90563 0.41038 -0.06549 0.96564 0.25151 -0.06549 0.96564 0.25151 -0.25121 0.07794 0.96479 -0.24346 0.25786 0.93501 -0.08194 0.25787 0.9627 -0.06956 0.57204 0.81727 -0.06009 0.70568 0.70598 -0.06956 0.57204 0.81727 -0.04878 0.81805 0.57308 -0.06009 0.70567 0.70599 -0.03596 0.90563 0.42253 -0.04878 0.81805 0.57308 -0.02204 0.96564 0.25896 -0.03596 0.90563 0.42253 -0.00743 0.99616 0.08727 0.93762 -0.00055 -0.34765 0.99038 0.00088 -0.13837 0.73121 0.00049 -0.68215 0.82296 0.00015 -0.56809 0.41216 -0.00016 -0.91111 0.53029 -0.00056 -0.84782 0.24876 -0.00182 -0.96856 0.29728 0.00046 -0.95479 0.09263 -0.00173 -0.9957 0.17975 0.0006 -0.98371 0.39918 -0.00097 -0.91687 0.06023 0.00036 -0.99818 0.5244 -0.00012 -0.85147 0.63147 0.00035 -0.7754 0.74111 -0.00029 -0.67138 0.64408 -0.00056 -0.76496 0.88784 -0.00013 -0.46015 0.8207 0.00038 -0.57136 0.95585 0.00113 -0.29386 0.89731 0.00077 -0.44141 0.99381 -0.00018 -0.11106 0.97283 -0.00053 -0.23151 -0 -0.73091 -0.68247 -0 -0.82058 -0.57153 -0 -0.73098 -0.6824 -0 -0.89721 -0.44161 -0 -0.82103 -0.57089 -0 -0.95568 -0.29441 -0 -0.89722 -0.44157 -0 -0.99095 -0.13422 -0 -0.95572 -0.29428 0 -0.99964 -0.02671 0 -0.9911 -0.13309 -0 -0.99964 -0.02681 -0 -0.63095 -0.77582 -0 -0.52404 -0.8517 -0 -0.63132 -0.77552 0 -0.41272 -0.91086 -0 -0.52445 -0.85144 -0 -0.29712 -0.95484 -0 -0.41226 -0.91107 -0 -0.17908 -0.98383 -0 -0.29688 -0.95492 -0 -0.05978 -0.99821 -0 -0.17916 -0.98382 0 -0.05987 -0.99821 -0.99382 -0.00018 -0.11099 -0.89735 0.00082 -0.44132 -0.95616 0.00117 -0.29286 -0.73138 0.00066 -0.68197 -0.82113 0.0004 -0.57075 -0.39929 -0.00055 -0.91682 -0.53092 -0.00019 -0.84742 -0.17967 0.00061 -0.98373 -0.2431 -0.00163 -0.97 -0.06011 0.00033 -0.99819 -0.09207 -0.00173 -0.99575 -0.29795 0.00092 -0.95458 -0.41301 0.0003 -0.91072 -0.63132 0.00068 -0.77552 -0.52427 0.00031 -0.85155 -0.7428 -0.00025 -0.66952 -0.6455 -0.00035 -0.76376 -0.823 0.00021 -0.56804 -0.93772 -0.00052 -0.3474 -0.88777 -9E-05 -0.46029 -0.97306 -0.0005 -0.23055 -0.9904 0.00088 -0.13822 -0.42065 -0.64808 -0.63486 0.43882 -0.85179 0.28617 -0.52247 -0.64808 -0.55409 -0.58553 -0.5211 -0.62097 -0.60908 -0.64808 -0.45719 -0.68259 -0.52111 -0.51237 -0.67795 -0.64808 -0.34697 -0.75977 -0.52111 -0.38884 -0.72707 -0.64807 -0.22664 -0.81482 -0.52111 -0.25399 -0.9893 -0.06903 -0.12853 -0.84622 -0.52097 -0.11176 -0.95486 -0.05943 -0.29103 -0.91641 -0.38149 -0.12103 -0.98834 -0.07834 -0.13056 0.12771 -0.38149 0.91551 -0.96423 -0.23248 -0.12734 -0.95103 -0.08752 -0.29645 0.7149 -0.52111 0.46621 -0.84614 -0.52111 -0.11178 -0.75502 -0.64807 -0.09971 -0.75491 -0.6482 -0.09973 -0.64534 -0.75913 -0.08523 -0.51937 -0.85179 -0.06859 -0.38057 -0.92338 -0.05029 -0.51924 -0.85187 -0.06861 -0.23224 -0.97218 -0.03067 -0.23208 -0.97221 -0.03068 -0.07823 -0.99688 -0.01034 -0.30657 -0.64807 -0.69715 -0.47142 -0.52111 -0.71149 -0.18357 -0.64808 -0.73912 -0.34357 -0.52112 -0.78128 -0.05522 -0.64808 -0.75957 -0.20572 -0.52112 -0.82832 0.07474 -0.64808 -0.7579 -0.06189 -0.52111 -0.85125 0.08376 -0.52111 -0.84937 0.22696 -0.52111 -0.82276 0.20252 -0.64808 -0.73416 0.36355 -0.52111 -0.77219 0.3244 -0.64808 -0.68903 0.48956 -0.52111 -0.69913 0.43684 -0.64807 -0.62384 0.6013 -0.52111 -0.60571 0.53655 -0.64807 -0.54048 0.69554 -0.52111 -0.49464 0.62063 -0.64808 -0.44137 0.76952 -0.52111 -0.36917 0.68665 -0.64808 -0.32942 0.82108 -0.52111 -0.23296 0.73266 -0.64808 -0.20787 0.84874 -0.52111 -0.08995 0.75733 -0.64808 -0.08026 0.85167 -0.52111 0.05567 0.75995 -0.64808 0.04968 0.78377 -0.52111 0.33786 0.8298 -0.52111 0.19968 0.46205 0.00935 0.8868 0.6061 0.01125 0.79531 0.73249 0.01276 0.68066 0.29619 -0.23264 0.92636 0.13437 -0.23263 0.96324 -0.03134 -0.23247 0.9721 -0.03222 0.00108 0.99948 0.71491 -0.52111 0.46621 -0.0585 -0.07848 0.9952 0.07134 -0.97218 0.22313 0.74044 -0.64808 0.17817 0.48109 -0.85179 0.20739 0.54515 -0.75923 0.35551 0.11691 -0.92338 0.36564 0.10824 -0.97218 0.20775 0.23268 -0.92338 0.30532 -0.00254 -0.9969 0.07869 -0.96419 -0.23264 -0.12737 -0.89393 -0.04927 -0.44549 -0.8859 -0.09802 -0.4534 -0.91635 -0.38164 -0.12106 -0.9285 -0.23264 -0.28943 -0.50015 -0.85179 -0.1559 -0.88249 -0.38149 -0.27509 -0.81482 -0.52111 -0.25399 -0.36649 -0.92338 -0.11424 -0.64521 -0.75923 -0.08525 -0.72707 -0.64808 -0.22664 -0.22364 -0.97218 -0.06971 -0.62134 -0.75923 -0.19368 -0.50015 -0.85179 -0.1559 -0.07517 -0.99689 -0.02345 -0.38072 -0.92332 -0.05028 -0.22364 -0.97218 -0.06971 -0.07812 -0.99689 -0.01035 -0.9285 -0.23264 -0.28943 -0.80427 -0.10317 -0.58524 -0.79894 -0.04516 -0.59971 -0.88249 -0.38149 -0.27509 -0.86577 -0.23264 -0.44309 -0.46636 -0.85179 -0.23868 -0.82287 -0.38149 -0.42114 -0.75977 -0.52111 -0.38884 -0.34172 -0.92338 -0.17489 -0.62133 -0.75923 -0.19368 -0.67795 -0.64808 -0.34697 -0.20853 -0.97218 -0.10672 -0.57935 -0.75923 -0.29651 -0.46636 -0.85179 -0.23868 -0.07008 -0.9969 -0.03588 -0.36649 -0.92338 -0.11424 -0.20853 -0.97218 -0.10672 -0.07525 -0.99689 -0.02346 -0.86576 -0.23264 -0.44309 -0.69545 -0.11004 -0.7101 -0.68554 -0.03807 -0.72704 -0.82287 -0.38149 -0.42114 -0.77782 -0.23264 -0.58385 -0.41898 -0.85179 -0.3145 -0.73927 -0.3815 -0.55492 -0.68259 -0.5211 -0.51237 -0.30701 -0.92338 -0.23045 -0.57935 -0.75923 -0.29651 -0.60908 -0.64808 -0.45719 -0.18735 -0.97218 -0.14063 -0.5205 -0.75924 -0.3907 -0.41898 -0.85179 -0.3145 -0.06296 -0.9969 -0.04727 -0.34173 -0.92338 -0.17489 -0.18735 -0.97218 -0.14063 -0.07015 -0.99689 -0.0359 -0.77782 -0.23264 -0.58385 -0.5676 -0.11706 -0.81494 -0.55207 -0.03148 -0.83321 -0.73928 -0.38149 -0.55492 -0.66722 -0.23264 -0.7076 -0.35941 -0.85179 -0.38116 -0.63416 -0.38149 -0.67254 -0.58553 -0.52111 -0.62097 -0.26335 -0.92338 -0.27929 -0.5205 -0.75923 -0.3907 -0.52247 -0.64808 -0.5541 -0.16071 -0.97218 -0.17043 -0.44649 -0.75923 -0.47352 -0.35941 -0.85179 -0.38116 -0.06301 -0.99689 -0.04729 -0.30701 -0.92338 -0.23045 -0.16071 -0.97218 -0.17044 -0.054 -0.9969 -0.05728 -0.66721 -0.23264 -0.7076 -0.42428 -0.12366 -0.89705 -0.40242 -0.02517 -0.91511 -0.63415 -0.3815 -0.67254 -0.53718 -0.23264 -0.81075 -0.28936 -0.85179 -0.43672 -0.51057 -0.38149 -0.77058 -0.47141 -0.52112 -0.71148 -0.21203 -0.92338 -0.32001 -0.44649 -0.75923 -0.47351 -0.42065 -0.64807 -0.63487 -0.12939 -0.97218 -0.19528 -0.35947 -0.75923 -0.54254 -0.28936 -0.85179 -0.43672 -0.04348 -0.9969 -0.06564 -0.26336 -0.92338 -0.2793 -0.12939 -0.97218 -0.19528 -0.05403 -0.99689 -0.0573 -0.53719 -0.23264 -0.81075 -0.26934 -0.1293 -0.95432 -0.24099 -0.01933 -0.97033 -0.51056 -0.38149 -0.77058 -0.39151 -0.23264 -0.89028 -0.21089 -0.85179 -0.47957 -0.37211 -0.38149 -0.84617 -0.34357 -0.52112 -0.78128 -0.15453 -0.92338 -0.3514 -0.35947 -0.75923 -0.54253 -0.30657 -0.64808 -0.69714 -0.0943 -0.97218 -0.21444 -0.26199 -0.75923 -0.59576 -0.21089 -0.85179 -0.47957 -0.04351 -0.99689 -0.06567 -0.21203 -0.92338 -0.32001 -0.0943 -0.97218 -0.21444 -0.03169 -0.99689 -0.07209 -0.39151 -0.23263 -0.89028 -0.10719 -0.13461 -0.98509 -0.0725 -0.01402 -0.99727 -0.37211 -0.38149 -0.84617 -0.23443 -0.23263 -0.94389 -0.12628 -0.85179 -0.50844 -0.22281 -0.3815 -0.89711 -0.20573 -0.52111 -0.82833 -0.09253 -0.92338 -0.37256 -0.26199 -0.75923 -0.59576 -0.18357 -0.64808 -0.73912 -0.05646 -0.97218 -0.22735 -0.15687 -0.75923 -0.63163 -0.12628 -0.85179 -0.50844 -0.03173 -0.99689 -0.07215 -0.15453 -0.92338 -0.3514 -0.05647 -0.97217 -0.22735 -0.01897 -0.99689 -0.07642 -0.23443 -0.23264 -0.94389 0.05768 -0.13965 -0.98852 0.09813 -0.0093 -0.99513 -0.22281 -0.38149 -0.89712 -0.07052 -0.23264 -0.97 -0.03799 -0.85179 -0.5225 -0.06703 -0.38149 -0.92194 -0.06188 -0.52112 -0.85124 -0.02783 -0.92338 -0.38287 -0.15687 -0.75923 -0.63163 -0.05522 -0.64808 -0.75957 -0.01699 -0.97217 -0.23364 -0.04719 -0.75923 -0.64911 -0.03799 -0.85179 -0.52251 -0.019 -0.99689 -0.07649 -0.09253 -0.92338 -0.37256 -0.01699 -0.97218 -0.23364 -0.0057 -0.9969 -0.07853 -0.07052 -0.23264 -0.97 0.22062 -0.14444 -0.9646 0.26591 -0.00483 -0.96398 -0.06702 -0.3815 -0.92194 0.09544 -0.23264 -0.96787 0.05141 -0.85179 -0.52136 0.09071 -0.3815 -0.91991 0.08375 -0.52111 -0.84937 0.03767 -0.92338 -0.38202 -0.04719 -0.75923 -0.64911 0.07474 -0.64808 -0.7579 0.02299 -0.97218 -0.23312 0.06387 -0.75923 -0.64768 0.05141 -0.85179 -0.52135 -0.00571 -0.99689 -0.07859 -0.02783 -0.92338 -0.38287 0.02299 -0.97218 -0.23312 0.00773 -0.9969 -0.07835 0.09544 -0.23264 -0.96787 0.37739 -0.14842 -0.91408 0.42596 -0.00083 -0.90474 0.09071 -0.38149 -0.91991 0.25862 -0.23264 -0.93755 0.13931 -0.85179 -0.50502 0.24581 -0.38149 -0.89109 0.22696 -0.52111 -0.82276 0.10208 -0.92338 -0.37006 0.06387 -0.75923 -0.64768 0.20252 -0.64808 -0.73415 0.06229 -0.97218 -0.22582 0.17307 -0.75923 -0.62739 0.13931 -0.85179 -0.50503 0.02094 -0.9969 -0.07589 0.03767 -0.92338 -0.38203 0.06229 -0.97218 -0.22582 0.00773 -0.99689 -0.07839 0.25862 -0.23263 -0.93755 0.52353 -0.15202 -0.83833 0.57359 0.00258 -0.81914 0.24581 -0.3815 -0.89109 0.41427 -0.23263 -0.87992 0.22316 -0.85179 -0.47399 0.39374 -0.3815 -0.83632 0.36355 -0.52111 -0.77219 0.16352 -0.92339 -0.34731 0.17307 -0.75923 -0.62739 0.3244 -0.64807 -0.68903 0.09978 -0.97218 -0.21194 0.27722 -0.75923 -0.58883 0.22315 -0.85179 -0.47398 0.02094 -0.99689 -0.07591 0.10208 -0.92338 -0.37006 0.09978 -0.97218 -0.21194 0.03355 -0.9969 -0.07124 0.41427 -0.23263 -0.87992 0.65498 -0.15537 -0.7395 0.70451 0.00555 -0.70967 0.39374 -0.38149 -0.83632 0.55786 -0.23263 -0.79667 0.3005 -0.85179 -0.42914 0.53021 -0.3815 -0.75719 0.48956 -0.52111 -0.69913 0.22019 -0.92338 -0.31445 0.27722 -0.75923 -0.58882 0.43684 -0.64807 -0.62384 0.13437 -0.97218 -0.19189 0.37331 -0.75923 -0.53311 0.3005 -0.85179 -0.42914 0.04518 -0.99689 -0.0645 0.16352 -0.92338 -0.34731 0.13437 -0.97218 -0.19189 0.03356 -0.99689 -0.07129 0.55786 -0.23263 -0.79667 0.76821 -0.15821 -0.62034 0.81491 0.00821 -0.57953 0.53021 -0.3815 -0.75719 0.68519 -0.23263 -0.69021 0.36909 -0.85179 -0.37179 0.65124 -0.38149 -0.65601 0.6013 -0.52111 -0.6057 0.27045 -0.92338 -0.27243 0.37331 -0.75923 -0.53311 0.53655 -0.64808 -0.54047 0.16504 -0.97218 -0.16625 0.45852 -0.75923 -0.46188 0.36909 -0.85179 -0.37179 0.04521 -0.99689 -0.06456 0.22019 -0.92339 -0.31445 0.16504 -0.97218 -0.16625 0.05548 -0.9969 -0.05587 0.68519 -0.23264 -0.69021 0.86018 -0.16045 -0.4841 0.90156 0.01035 -0.43252 0.65124 -0.3815 -0.65601 0.79258 -0.23264 -0.56365 0.42693 -0.85179 -0.30362 0.7533 -0.38149 -0.53572 0.69554 -0.52111 -0.49464 0.31284 -0.92338 -0.22248 0.45852 -0.75923 -0.46188 0.62063 -0.64807 -0.44138 0.1909 -0.97218 -0.13576 0.53038 -0.75923 -0.37719 0.42693 -0.85179 -0.30362 0.06417 -0.9969 -0.04562 0.27045 -0.92338 -0.27243 0.1909 -0.97218 -0.13576 0.05552 -0.99689 -0.05593 0.79258 -0.23264 -0.56365 0.92828 -0.16237 -0.33457 0.96196 0.01191 -0.27292 0.7533 -0.38149 -0.53573 0.87687 -0.23264 -0.42068 0.47234 -0.85179 -0.22661 0.83342 -0.38149 -0.39983 0.76952 -0.52111 -0.36918 0.34611 -0.92338 -0.16605 0.53038 -0.75923 -0.37719 0.68664 -0.64808 -0.32942 0.21121 -0.97218 -0.10133 0.58679 -0.75923 -0.28151 0.47234 -0.85179 -0.22661 0.06421 -0.99689 -0.04566 0.31283 -0.92338 -0.22248 0.21121 -0.97218 -0.10133 0.07098 -0.9969 -0.03405 0.87687 -0.23264 -0.42068 0.97065 -0.16394 -0.17594 0.99434 0.01314 -0.10538 0.83342 -0.38149 -0.39984 0.93563 -0.23264 -0.26546 0.50399 -0.85179 -0.14299 0.88927 -0.38149 -0.2523 0.82108 -0.52111 -0.23296 0.3693 -0.92338 -0.10478 0.58679 -0.75923 -0.28151 0.73266 -0.64808 -0.20787 0.22536 -0.97218 -0.06394 0.62611 -0.75923 -0.17764 0.50399 -0.85179 -0.14299 0.07574 -0.9969 -0.02148 0.34611 -0.92338 -0.16605 0.22536 -0.97218 -0.06394 0.07101 -0.99689 -0.03407 0.93564 -0.23264 -0.26546 0.98623 -0.16493 -0.01247 0.99777 0.01401 0.06522 0.88927 -0.38149 -0.2523 0.96715 -0.23264 -0.1025 0.52097 -0.85179 -0.05521 0.91922 -0.38149 -0.09742 0.84874 -0.52111 -0.08995 0.38174 -0.92338 -0.04046 0.62611 -0.75923 -0.17764 0.75733 -0.64808 -0.08026 0.23295 -0.97218 -0.02469 0.6472 -0.75923 -0.06859 0.52097 -0.85179 -0.05521 0.07577 -0.99689 -0.0215 0.3693 -0.92338 -0.10478 0.23295 -0.97218 -0.02469 0.07831 -0.99689 -0.00829 0.96715 -0.23264 -0.1025 0.97454 -0.16546 0.15134 0.97215 0.0143 0.23393 0.91922 -0.38149 -0.09742 0.97049 -0.23264 0.06344 0.52277 -0.85179 0.03417 0.9224 -0.38149 0.0603 0.85167 -0.52111 0.05567 0.38306 -0.92338 0.02504 0.6472 -0.75923 -0.06859 0.75995 -0.64808 0.04968 0.23376 -0.97218 0.01528 0.64943 -0.75923 0.04245 0.52277 -0.85179 0.03417 0.07837 -0.99689 -0.00831 0.38174 -0.92338 -0.04046 0.23376 -0.97218 0.01528 0.07858 -0.99689 0.00515 0.97049 -0.23264 0.06344 0.9359 -0.16562 0.31089 0.91822 0.01417 0.39582 0.9224 -0.38149 0.0603 0.94557 -0.23264 0.22753 0.50935 -0.85179 0.12256 0.89872 -0.38149 0.21626 0.8298 -0.52111 0.19968 0.37322 -0.92338 0.08981 0.64943 -0.75923 0.04245 0.74044 -0.64808 0.17817 0.22775 -0.97218 0.0548 0.63276 -0.75923 0.15226 0.50935 -0.85179 0.12256 0.07865 -0.99689 0.00514 0.38306 -0.92338 0.02504 0.22775 -0.97218 0.0548 0.07655 -0.9969 0.01843 0.94557 -0.23264 0.22753 0.8714 -0.16537 0.46186 0.83755 0.01369 0.54619 0.89872 -0.38149 0.21626 0.89311 -0.23264 0.385 0.69936 -0.64808 0.30148 0.84886 -0.38149 0.36592 0.78377 -0.52111 0.33786 0.35252 -0.92338 0.15196 0.63276 -0.75923 0.15226 0.69936 -0.64808 0.30148 0.21512 -0.97218 0.09273 0.59766 -0.75923 0.25764 0.48109 -0.85179 0.20739 0.07229 -0.9969 0.03117 0.37323 -0.92338 0.08981 0.21512 -0.97218 0.09273 0.07662 -0.99689 0.01844 0.89311 -0.23264 0.385 0.78279 -0.16458 0.60013 0.51733 -0.52111 0.67883 0.84886 -0.38149 0.36592 0.81465 -0.23264 0.53125 0.63792 -0.64807 0.416 0.77428 -0.38149 0.50493 0.38377 -0.85179 0.35662 0.32155 -0.92338 0.20969 0.59765 -0.75923 0.25763 0.63792 -0.64807 0.416 0.19622 -0.97218 0.12796 0.54514 -0.75923 0.3555 0.43882 -0.85179 0.28617 0.07234 -0.99689 0.03118 0.35252 -0.92338 0.15196 0.19622 -0.97218 0.12796 0.06594 -0.9969 0.04301 0.81465 -0.23264 0.53125 0.67251 -0.16334 0.72184 0.62522 -0.52111 0.58098 0.77428 -0.38149 0.50493 0.71245 -0.23264 0.66204 0.55789 -0.64808 0.51842 0.67715 -0.38149 0.62923 0.47676 -0.75923 0.44302 0.62522 -0.52111 0.58098 0.28121 -0.92338 0.26131 0.55789 -0.64807 0.51842 0.1716 -0.97218 0.15946 0.47676 -0.75923 0.44302 0.38377 -0.85179 0.35662 0.06596 -0.99689 0.04302 0.32155 -0.92338 0.20969 0.1716 -0.97218 0.15946 0.05767 -0.9969 0.0536 0.71245 -0.23265 0.66204 0.54361 -0.16178 0.8236 0.46162 -0.64807 0.60573 0.67715 -0.38149 0.62923 0.58951 -0.23265 0.77354 0.39449 -0.75923 0.51764 0.5603 -0.38149 0.73521 0.31755 -0.85179 0.41668 0.51733 -0.52111 0.67883 0.11691 -0.92338 0.36564 0.46162 -0.64808 0.60573 0.14199 -0.97218 0.18632 0.39449 -0.75923 0.51764 0.31755 -0.85179 0.41668 0.04772 -0.99689 0.06264 0.28121 -0.92338 0.26131 0.05771 -0.99689 0.05363 0.58951 -0.23264 0.77354 0.39958 -0.15977 0.90267 0.39438 -0.52111 0.75691 0.5603 -0.38149 0.73521 0.44939 -0.23264 0.86251 0.3519 -0.64808 0.6754 0.42713 -0.38149 0.81977 0.30072 -0.75924 0.57717 0.39437 -0.52111 0.75691 0.24207 -0.85179 0.4646 0.35191 -0.64807 0.6754 0.17738 -0.92338 0.34044 0.30073 -0.75923 0.57717 0.24207 -0.85179 0.4646 0.04777 -0.99689 0.06269 0.23268 -0.92338 0.30532 0.10824 -0.97218 0.20775 0.03637 -0.9969 0.06984 0.4494 -0.23263 0.86251 0.24431 -0.15714 0.95688 0.28152 -0.3815 0.88046 0.42713 -0.3815 0.81977 0.28152 -0.38149 0.88046 0.25993 -0.52111 0.81295 0.25993 -0.5211 0.81295 0.23194 -0.64808 0.7254 0.23194 -0.64808 0.7254 0.19821 -0.75924 0.6199 0.19821 -0.75923 0.6199 0.15955 -0.85179 0.499 0.15955 -0.85179 0.499 0.03236 -0.97218 0.23201 0.03642 -0.99689 0.06989 0.17738 -0.92338 0.34044 0.07134 -0.97218 0.22313 0.02397 -0.9969 0.07499 0.30454 0.00724 0.95247 0.08217 -0.1542 0.98462 0.11792 -0.5211 0.84531 0.2962 -0.23263 0.92636 0.12771 -0.38149 0.91551 0.10522 -0.64808 0.75427 0.11792 -0.52111 0.84531 0.08992 -0.75923 0.64458 0.10522 -0.64808 0.75427 0.07238 -0.85179 0.51886 0.08992 -0.75923 0.64458 0.05304 -0.92338 0.3802 0.07238 -0.85179 0.51886 -0.00251 -0.99688 0.07887 0.05304 -0.92338 0.3802 0.024 -0.99689 0.07505 0.03236 -0.97218 0.23201 0.01087 -0.9969 0.07797 0.13816 0.0046 0.9904 0.13437 -0.23264 0.96324 -0.02982 -0.38165 0.92383 -0.03137 -0.23263 0.97206 -0.0275 -0.52097 0.85313 -0.02978 -0.38149 0.92389 -0.02456 -0.6482 0.76108 -0.02753 -0.52111 0.85305 -0.02096 -0.75913 0.6506 -0.02453 -0.64808 0.76118 -0.01689 -0.85187 0.52348 -0.02099 -0.75923 0.65048 -0.01236 -0.92332 0.38383 -0.01687 -0.85179 0.52361 -0.00755 -0.97221 0.23397 -0.01238 -0.92338 0.38368 -0.00753 -0.97218 0.23413 0.01088 -0.99689 0.07801 -0.23818 -0.06702 0.96891 -0.71305 -0.70093 0.01624 -0.2384 -0.06632 0.9689 -0.54216 -0.41483 0.73074 -0.40034 -0.14731 0.90445 -0.33232 -0.29901 0.89452 -0.46662 -0.12709 0.87528 -0.53962 -0.1728 0.82399 -0.59493 -0.14307 0.79095 -0.64646 -0.11639 0.75402 -0.64638 -0.33936 0.6834 -0.59472 -0.41056 0.69119 -0.31982 -0.84863 0.42135 0.01938 -0.99649 0.08143 -0.1372 -0.92906 0.34354 -0.01445 -0.97233 0.23318 -0.69535 -0.19031 0.69302 -0.50544 -0.49463 0.70701 -0.69368 -0.23378 0.68129 -0.15913 -0.07855 0.98413 -0.73526 -0.15932 0.65879 -0.73201 -0.19545 0.65266 -0.77121 -0.14994 0.61866 -0.76538 -0.18293 0.61703 -0.80208 -0.16671 0.57348 -0.79265 -0.20219 0.57518 -0.82719 -0.20296 0.52399 -0.81295 -0.24536 0.52812 -0.84622 -0.24974 0.47069 -0.82584 -0.30152 0.47652 -0.83139 -0.36403 0.41985 -0.8291 -0.4302 0.3571 -0.85921 -0.30206 0.41293 -0.81799 -0.49857 0.28691 -0.86588 -0.3578 0.34962 -0.79632 -0.56794 0.20816 -0.86537 -0.41606 0.27933 -0.76232 -0.63616 0.11899 -0.85619 -0.47598 0.20094 -0.92392 -0.38212 0.01872 -0.83667 -0.53602 0.11253 -0.97245 -0.23295 0.00929 -0.76086 -0.64803 0.03387 -0.93754 -0.34788 0.00229 -0.8796 -0.47567 0.00632 -0.99691 -0.07854 -0.00096 -0.80411 -0.59438 0.01089 -0.65051 -0.75849 0.03919 -0.64977 -0.28721 0.70378 -0.23374 -0.97133 0.04342 -0.6076 -0.79394 0.02195 -0.75412 -0.31797 0.57463 -0.52371 -0.85083 0.04263 -0.38454 -0.92204 0.04441 -0.4905 -0.87098 0.02826 -0.23521 -0.97094 0.04414 -0.36323 -0.93106 0.03456 -0.08056 -0.99585 0.04238 -0.22644 -0.96586 0.12584 -0.71749 -0.31124 0.62316 -0.36634 -0.9204 0.13661 -0.47618 -0.85074 0.22247 -0.4725 -0.8715 0.13123 -0.6758 -0.72654 0.12426 -0.57886 -0.80525 0.12847 -0.93431 -0.33903 0.11013 -0.60421 -0.78455 0.13933 -0.70955 -0.69119 0.13708 -0.97419 -0.20473 0.09508 -0.853 -0.52122 0.02703 -0.80061 -0.58462 0.13133 -0.99475 -0.06681 0.07754 -0.89806 -0.42711 0.10516 -0.94523 -0.3117 0.09683 -0.99729 -0.07349 -0.00366 -0.97713 -0.21263 -0.00098 -0.36032 -0.92322 0.13352 -0.35068 -0.91364 0.20562 -0.56531 -0.76789 0.30128 -0.4873 -0.86223 0.13821 -0.56138 -0.7982 0.21849 -0.72658 -0.65308 0.21349 -0.64804 -0.73003 0.21702 -0.9351 -0.29781 0.1921 -0.66527 -0.7121 0.22436 -0.75143 -0.62119 0.22244 -0.96841 -0.17831 0.17434 -0.87618 -0.46621 0.1223 -0.82572 -0.52096 0.21632 -0.98658 -0.05638 0.15324 -0.90569 -0.37795 0.19205 -0.94404 -0.2754 0.18149 -0.99468 -0.06737 0.07787 -0.97767 -0.19094 0.08772 -0.4636 -0.85938 0.21574 -0.45532 -0.84472 0.28131 -0.63556 -0.67598 0.37298 -0.56899 -0.79176 0.22217 -0.6321 -0.7155 0.29753 -0.76293 -0.57653 0.29249 -0.70083 -0.64898 0.29607 -0.92836 -0.2586 0.26696 -0.71076 -0.63612 0.30028 -0.77989 -0.5503 0.29823 -0.95636 -0.15357 0.24857 -0.88736 -0.41242 0.20616 -0.83958 -0.45814 0.29192 -0.98589 -0.06089 0.15594 -0.90477 -0.32949 0.26987 -0.97092 -0.16913 0.16942 -0.93573 -0.2399 0.25859 -0.97286 -0.04699 0.22659 -0.54805 -0.78395 0.29165 -0.5416 -0.76332 0.35216 -0.68819 -0.57912 0.43706 -0.63327 -0.71421 0.29811 -0.68566 -0.62775 0.36852 -0.78659 -0.49968 0.36276 -0.73871 -0.56561 0.3666 -0.91543 -0.22153 0.33602 -0.74312 -0.55859 0.36845 -0.79731 -0.47983 0.36614 -0.93889 -0.13048 0.31853 -0.88933 -0.36039 0.28145 -0.84431 -0.39699 0.35992 -0.95391 -0.03854 0.2976 -0.89674 -0.28282 0.3404 -0.92145 -0.20585 0.32949 -0.97145 -0.05435 0.23095 -0.95804 -0.1478 0.24557 -0.61546 -0.70047 0.36132 -0.60953 -0.67443 0.41668 -0.72379 -0.48286 0.49293 -0.68237 -0.63228 0.36686 -0.72398 -0.53803 0.43171 -0.79946 -0.42424 0.4253 -0.76361 -0.48231 0.42928 -0.89728 -0.18699 0.3999 -0.76382 -0.48189 0.42936 -0.8052 -0.41153 0.42697 -0.91667 -0.10922 0.38444 -0.88384 -0.31054 0.34985 -0.84136 -0.33865 0.42122 -0.93985 -0.1273 0.31697 -0.88286 -0.23847 0.40459 -0.90217 -0.17368 0.39488 -0.93014 -0.03092 0.36591 -0.95182 -0.04781 0.3029 -0.66667 -0.61294 0.4241 -0.66067 -0.58181 0.47436 -0.74244 -0.39681 0.53974 -0.71759 -0.54912 0.42842 -0.7483 -0.44991 0.48747 -0.80268 -0.35224 0.48127 -0.77682 -0.40173 0.48494 -0.87445 -0.15509 0.45965 -0.77444 -0.40745 0.48397 -0.80493 -0.34626 0.48187 -0.89 -0.08975 0.44704 -0.87213 -0.2636 0.41218 -0.83181 -0.28366 0.4771 -0.90159 -0.02414 0.43192 -0.86374 -0.19708 0.46381 -0.87834 -0.14371 0.45592 -0.9275 -0.04149 0.37151 -0.91708 -0.1079 0.38384 -0.70333 -0.52418 0.48016 -0.69623 -0.48997 0.52459 -0.74523 -0.33409 0.57708 -0.74054 -0.46682 0.48341 -0.75941 -0.36891 0.53591 -0.79688 -0.28722 0.5315 -0.77902 -0.32842 0.5341 -0.84718 -0.12633 0.51608 -0.77603 -0.33737 0.53288 -0.79736 -0.28563 0.53163 -0.85891 -0.07239 0.50698 -0.85504 -0.2198 0.46968 -0.81637 -0.23308 0.52841 -0.89001 -0.08972 0.44703 -0.83958 -0.16005 0.51912 -0.8501 -0.11673 0.51352 -0.86814 -0.01836 0.49597 -0.89867 -0.03535 0.43719 -0.72663 -0.43783 0.52945 -0.71701 -0.40566 0.56686 -0.73361 -0.31153 0.60396 -0.75244 -0.38813 0.53215 -0.75734 -0.30667 0.57654 -0.78204 -0.23738 0.57625 -0.77026 -0.27223 0.57671 -0.81553 -0.10221 0.56961 -0.76935 -0.27566 0.57628 -0.78314 -0.23284 0.57661 -0.82329 -0.05823 0.56462 -0.83299 -0.17993 0.52322 -0.79543 -0.18963 0.57561 -0.81733 -0.09505 0.56827 -0.81031 -0.13098 0.57117 -0.82951 -0.01422 0.55831 -0.8654 -0.02926 0.50023 -0.85872 -0.07309 0.50721 -0.73745 -0.3597 0.57166 -0.72397 -0.34028 0.60006 -0.70843 -0.33894 0.61907 -0.74586 -0.26657 0.61043 -0.74265 -0.28056 0.60808 -0.75866 -0.21577 0.61471 -0.7511 -0.24826 0.61173 -0.77972 -0.08631 0.62015 -0.75465 -0.23102 0.61411 -0.76244 -0.19517 0.61692 -0.78342 -0.04976 0.61949 -0.80624 -0.14604 0.57328 -0.76922 -0.15908 0.61887 -0.78611 -0.01311 0.61795 -0.77616 -0.11679 0.61963 -0.78021 -0.08353 0.61992 -0.82768 -0.02277 0.56074 -0.82312 -0.05898 0.5648 -0.73609 -0.30174 0.60591 -0.69713 -0.33441 0.63417 -0.67119 -0.404 0.62152 -0.72726 -0.24826 0.63989 -0.71621 -0.30216 0.62908 -0.72775 -0.23131 0.64565 -0.72248 -0.26692 0.63779 -0.73899 -0.08352 0.66852 -0.73122 -0.21577 0.64712 -0.7344 -0.18293 0.6536 -0.73889 -0.05013 0.67196 -0.77498 -0.12276 0.61995 -0.73674 -0.14994 0.65934 -0.73797 -0.0167 0.67463 -0.7375 -0.12292 0.66407 -0.73871 -0.08643 0.66845 -0.78562 -0.01671 0.61849 -0.78337 -0.05013 0.61954 -0.72247 -0.28056 0.63192 -0.66319 -0.40083 0.63207 -0.62271 -0.48847 0.61126 -0.69886 -0.27153 0.66171 -0.67945 -0.36125 0.63862 -0.69047 -0.27682 0.66829 -0.68573 -0.31933 0.65406 -0.69435 -0.09507 0.71333 -0.69962 -0.23679 0.67414 -0.69953 -0.20177 0.68553 -0.691 -0.05912 0.72043 -0.73827 -0.11678 0.66431 -0.69862 -0.16645 0.69586 -0.73891 -0.0498 0.67196 -0.69545 -0.14653 0.70348 -0.694 -0.1025 0.71264 -0.68687 -0.02313 0.72641 -0.73808 -0.01316 0.67459 -0.69727 -0.30586 0.64828 -0.61811 -0.4871 0.61699 -0.56312 -0.58119 0.58746 -0.66204 -0.32627 0.67472 -0.63267 -0.44056 0.6369 -0.56426 -0.42014 0.7107 -0.64067 -0.39051 0.66109 -0.65085 -0.23428 0.72216 -0.6611 -0.28541 0.69389 -0.65906 -0.24391 0.71144 -0.64016 -0.07313 0.76476 -0.69689 -0.13082 0.70514 -0.65593 -0.20183 0.72734 -0.64602 -0.12669 0.75273 -0.64959 -0.18073 0.73849 -0.63284 -0.02967 0.77372 -0.68646 -0.014 0.72704 -0.691 -0.05828 0.7205 -0.66186 -0.36641 0.65397 -0.56254 -0.58112 0.58808 -0.49277 -0.67529 0.54879 -0.6173 -0.39803 0.67861 -0.5759 -0.52844 0.62377 -0.59936 -0.34878 0.7205 -0.5869 -0.47051 0.65892 -0.60078 -0.28556 0.74667 -0.61595 -0.34914 0.70619 -0.61302 -0.29901 0.7313 -0.58589 -0.08975 0.80541 -0.65172 -0.1593 0.74154 -0.60852 -0.24786 0.75383 -0.5754 -0.03604 0.81707 -0.599 -0.22105 0.76963 -0.59403 -0.15574 0.78922 -0.63197 -0.01792 0.77479 -0.64014 -0.07237 0.76484 -0.61704 -0.4456 0.64862 -0.49747 -0.67519 0.54464 -0.41159 -0.76601 0.49379 -0.56499 -0.47741 0.67295 -0.50949 -0.61846 0.59828 -0.56134 -0.36072 0.74484 -0.52445 -0.55395 0.6466 -0.55622 -0.29954 0.77517 -0.53534 -0.48597 0.69082 -0.54897 -0.23674 0.80161 -0.52821 -0.10785 0.84223 -0.60247 -0.19583 0.77374 -0.54483 -0.34116 0.76601 -0.51482 -0.0423 0.85625 -0.54337 -0.2653 0.79647 -0.53779 -0.1879 0.82187 -0.57462 -0.02358 0.81808 -0.58589 -0.08978 0.8054 -0.56348 -0.53236 0.63173 -0.42334 -0.76482 0.48563 -0.21693 -0.9189 0.32948 -0.50321 -0.42609 0.75182 -0.43315 -0.70685 0.55924 -0.49815 -0.35464 0.79125 -0.45269 -0.63788 0.62304 -0.49032 -0.28061 0.82513 -0.46736 -0.56334 0.68134 -0.25226 -0.18959 0.94891 -0.47715 -0.48368 0.73374 -0.47979 -0.20462 0.85319 -0.4819 -0.39994 0.77963 -0.45093 -0.04859 0.89124 -0.48165 -0.31258 0.81872 -0.4764 -0.22265 0.85057 -0.5145 -0.03029 0.85695 -0.52814 -0.10937 0.84208 -0.50137 -0.62081 0.60267 -0.34071 -0.84626 0.40957 -0.43851 -0.57065 0.69431 -0.50485 -0.55963 0.65722 -0.34586 -0.79099 0.50469 -0.43744 -0.49373 0.75158 -0.37022 -0.72045 0.58642 -0.433 -0.41229 0.80158 -0.38912 -0.64146 0.66114 -0.42528 -0.32679 0.844 -0.40255 -0.55468 0.7282 -0.41437 -0.23827 0.87836 -0.41026 -0.46152 0.78657 -0.46623 -0.13073 0.87495 -0.41226 -0.36276 0.83573 -0.40851 -0.25997 0.87495 -0.38336 -0.055 0.92196 -0.45124 -0.03794 0.8916 -0.43055 -0.70751 0.56041 -0.25044 -0.91525 0.31558 -0.36155 -0.6472 0.67113 -0.43623 -0.64206 0.63044 -0.24698 -0.86662 0.43356 -0.3619 -0.56311 0.74292 -0.27551 -0.79832 0.53552 -0.35867 -0.47219 0.80523 -0.29853 -0.71774 0.62907 -0.35197 -0.3752 0.85752 -0.31602 -0.62579 0.7131 -0.34187 -0.27369 0.89901 -0.32749 -0.52441 0.78597 -0.32846 -0.16853 0.92936 -0.33298 -0.41473 0.84683 -0.31193 -0.06136 0.94812 -0.38422 -0.04651 0.92207 -0.39911 -0.15399 0.90388 -0.35019 -0.79008 0.50312 -0.15389 -0.96694 0.20335 -0.16885 -0.86777 0.4674 -0.35769 -0.72307 0.59096 -0.27049 -0.79909 0.53692 -0.19554 -0.78947 0.58181 -0.27584 -0.72122 0.63541 -0.2173 -0.69524 0.68515 -0.27782 -0.63163 0.72378 -0.23327 -0.58767 0.77474 -0.27632 -0.5322 0.80025 -0.24355 -0.46823 0.84938 -0.2715 -0.42405 0.86398 -0.24774 -0.34007 0.90718 -0.26343 -0.30943 0.9137 -0.24601 -0.20493 0.94736 -0.31303 -0.05572 0.94811 -0.32563 -0.1785 0.92849 -0.10425 -0.97062 0.21684 -0.26164 -0.86435 0.42946 -0.04669 -0.92382 0.37998 -0.16423 -0.92665 0.33816 -0.07567 -0.85263 0.517 -0.17273 -0.86742 0.46663 -0.1014 -0.76006 0.64189 -0.17851 -0.79098 0.58522 -0.12261 -0.6492 0.75067 -0.18184 -0.69835 0.69227 -0.1394 -0.52195 0.84151 -0.18242 -0.59209 0.78495 -0.151 -0.38249 0.91154 -0.18062 -0.47364 0.862 -0.15766 -0.23306 0.9596 -0.17645 -0.34614 0.92144 -0.16184 -0.07276 0.98413 -0.17013 -0.21135 0.96249 0.47843 -0.64809 0.59252 -0.70664 -0.6481 0.28395 -0.75539 -0.64809 -0.09673 -0.46778 -0.8518 -0.23585 -0.58112 -0.75925 -0.29299 -0.26561 -0.92339 -0.27713 -0.50091 -0.8518 -0.1534 -0.13117 -0.97218 -0.19407 -0.15811 -0.92339 -0.34979 -0.00667 -0.9969 -0.07844 -0.79193 -0.52113 0.31823 -0.09649 -0.97218 -0.21345 -0.57168 -0.64809 0.50315 -0.72676 -0.52113 0.44749 -0.37141 -0.64809 0.66485 -0.53617 -0.52113 0.66404 -0.25371 -0.64809 0.71806 -0.28433 -0.52113 0.80473 0 -0.52113 0.85348 -0.14424 -0.52113 0.8412 0.41624 -0.52113 0.7451 0.12871 -0.64809 0.75061 0.83432 -0.52113 0.17981 0.72676 -0.52113 0.44748 0.81607 -0.52113 -0.24992 0.76088 -0.64809 0.03232 0.59055 -0.52113 -0.61617 0.68002 -0.64809 -0.34286 0.31369 -0.64809 -0.69396 0.42646 -0.64809 -0.63096 0.08239 -0.06855 -0.99424 0.1919 -0.64809 -0.73699 0.08248 -0.23265 -0.96906 0.24507 -0.05838 -0.96775 0.08248 -0.23265 -0.96906 0.07839 -0.38151 -0.92104 0.06458 -0.64809 -0.75882 0.07238 -0.52113 -0.8504 0.04443 -0.8518 -0.52198 0.06458 -0.64809 -0.75882 0.03255 -0.92339 -0.38248 0.05519 -0.75925 -0.64846 0.01987 -0.97218 -0.2334 0.04443 -0.8518 -0.52198 0.00669 -0.9969 -0.07846 0.01987 -0.97218 -0.2334 -0.80365 -0.02943 -0.59438 0.07839 -0.3815 -0.92104 0.08455 -0.07818 -0.99335 0.21506 -0.52113 -0.82594 0.07238 -0.52113 -0.8504 0.47793 -0.52113 -0.70712 0.35155 -0.52113 -0.77771 0.61229 -0.64809 -0.45285 0.52695 -0.64809 -0.54981 0.76209 -0.52113 -0.38424 0.68619 -0.52113 -0.50751 0.75539 -0.64809 -0.09673 0.72818 -0.64809 -0.223 0.57168 -0.64809 0.50314 0.85271 -0.52113 0.03622 0.84656 -0.52113 -0.10841 0.70664 -0.64809 0.28395 0.74447 -0.64809 0.16045 0.64849 -0.64809 0.39929 0.79193 -0.52113 0.31823 0.53617 -0.52113 0.66404 0.64068 -0.52113 0.56387 0.25371 -0.64809 0.71806 0.37141 -0.64809 0.66485 0.28433 -0.52113 0.80473 0.14424 -0.52113 0.8412 -0.12871 -0.64809 0.75061 0 -0.64809 0.76156 -0.47843 -0.64809 0.59252 -0.41624 -0.52113 0.7451 -0.64849 -0.64809 0.39929 -0.64068 -0.52113 0.56387 -0.74447 -0.64809 0.16044 -0.84657 -0.52113 -0.10841 -0.76088 -0.64809 0.03232 -0.83432 -0.52113 0.17981 -0.85271 -0.52113 0.03622 -0.76209 -0.52113 -0.38424 -0.7621 -0.52112 -0.38424 -0.81607 -0.52113 -0.24992 -0.59056 -0.52113 -0.61617 -0.69148 -0.03631 -0.72148 -0.24506 -0.23265 -0.94118 -0.4006 -0.23265 -0.88622 -0.0846 -0.06882 -0.99404 -0.08248 -0.23265 -0.96906 -0.08233 -0.07819 -0.99353 0.39984 -0.0959 -0.91155 -0.23292 -0.3815 -0.89454 0.251 -0.08802 -0.96398 0.41135 -0.05157 -0.91002 0.24506 -0.23265 -0.94118 0.132 -0.8518 -0.50696 0.23292 -0.38151 -0.89454 0.21506 -0.52113 -0.82594 0.09673 -0.92339 -0.37148 0.05519 -0.75925 -0.64846 0.1919 -0.64809 -0.73699 0.05902 -0.97218 -0.22669 0.16399 -0.75925 -0.6298 0.132 -0.8518 -0.50696 0.01985 -0.9969 -0.0762 0.03255 -0.92339 -0.38248 0.05902 -0.97218 -0.22669 0.00668 -0.99689 -0.07851 0.24506 -0.23265 -0.94118 0.54398 -0.10396 -0.83263 0.55944 -0.04369 -0.82772 0.23292 -0.38151 -0.89454 0.4006 -0.23265 -0.88622 0.21578 -0.8518 -0.47736 0.38075 -0.38151 -0.84231 0.35155 -0.52113 -0.77771 0.15811 -0.92339 -0.34979 0.16399 -0.75925 -0.6298 0.31369 -0.64809 -0.69396 0.09649 -0.97218 -0.21345 0.26807 -0.75925 -0.59303 0.21578 -0.8518 -0.47736 0.03244 -0.9969 -0.07174 0.09649 -0.97218 -0.21345 0.01986 -0.99689 -0.07627 0.4006 -0.23265 -0.88622 0.67306 -0.11151 -0.73114 0.69148 -0.03631 -0.72148 0.38075 -0.38151 -0.84231 0.54461 -0.23265 -0.80578 0.29335 -0.8518 -0.43403 0.51762 -0.38151 -0.76585 0.47793 -0.52113 -0.70712 0.21495 -0.92339 -0.31803 0.26807 -0.75925 -0.59303 0.42646 -0.64809 -0.63096 0.13117 -0.97218 -0.19407 0.36443 -0.75925 -0.5392 0.29335 -0.8518 -0.43403 0.04409 -0.9969 -0.06522 0.15811 -0.92339 -0.34979 0.13117 -0.97218 -0.19407 0.03246 -0.99689 -0.0718 0.54461 -0.23265 -0.80578 0.78358 -0.11853 -0.60988 0.80365 -0.02943 -0.59438 0.51762 -0.38151 -0.76585 0.67295 -0.23265 -0.70215 0.36249 -0.8518 -0.37821 0.63961 -0.38151 -0.66735 0.59055 -0.52113 -0.61617 0.26561 -0.92339 -0.27713 0.36443 -0.75925 -0.5392 0.52695 -0.64809 -0.54981 0.16208 -0.97218 -0.16911 0.45032 -0.75925 -0.46985 0.36249 -0.8518 -0.37821 0.05447 -0.9969 -0.05683 0.21495 -0.92339 -0.31803 0.16208 -0.97218 -0.16911 0.04411 -0.99689 -0.06526 0.67295 -0.23265 -0.70215 0.87257 -0.12504 -0.47221 0.89269 -0.02305 -0.45008 0.63961 -0.38151 -0.66735 0.78194 -0.23265 -0.57832 0.42119 -0.8518 -0.31151 0.74319 -0.38151 -0.54966 0.68619 -0.52113 -0.50751 0.30862 -0.92339 -0.22826 0.45032 -0.75925 -0.46985 0.61229 -0.64809 -0.45285 0.18833 -0.97218 -0.13929 0.52324 -0.75925 -0.38699 0.42119 -0.8518 -0.31151 0.06331 -0.9969 -0.04681 0.26561 -0.92339 -0.27713 0.18833 -0.97218 -0.13929 0.05449 -0.99689 -0.05685 0.78194 -0.23265 -0.57832 0.93766 -0.13103 -0.3219 0.95603 -0.01719 -0.29278 0.74319 -0.38151 -0.54966 0.86842 -0.23265 -0.43785 0.46778 -0.8518 -0.23585 0.82539 -0.3815 -0.41615 0.76209 -0.52113 -0.38424 0.34276 -0.92339 -0.17282 0.52325 -0.75924 -0.38699 0.68002 -0.64809 -0.34286 0.20916 -0.97218 -0.10546 0.58112 -0.75924 -0.293 0.46778 -0.8518 -0.23585 0.07032 -0.99689 -0.03544 0.30863 -0.92339 -0.22826 0.20916 -0.97218 -0.10546 0.06334 -0.99689 -0.04685 0.86842 -0.23265 -0.43785 0.97713 -0.13652 -0.16305 0.99183 -0.01183 -0.12701 0.82539 -0.38151 -0.41615 0.92993 -0.23265 -0.28479 0.50091 -0.8518 -0.1534 0.88385 -0.38151 -0.27068 0.36704 -0.92339 -0.1124 0.58112 -0.75925 -0.29299 0.72818 -0.64809 -0.223 0.22398 -0.97218 -0.06859 0.62228 -0.75925 -0.19057 0.50091 -0.8518 -0.1534 0.07529 -0.9969 -0.02304 0.34276 -0.92339 -0.17282 0.22398 -0.97218 -0.06859 0.07037 -0.99689 -0.03548 0.92993 -0.23265 -0.28479 0.98994 -0.14149 0 0.99907 -0.00698 0.04244 0.88385 -0.3815 -0.27068 0.96468 -0.23265 -0.12353 0.51963 -0.8518 -0.06654 0.91688 -0.38151 -0.11741 0.84657 -0.52113 -0.10841 0.38075 -0.92339 -0.04876 0.62228 -0.75925 -0.19057 0.75539 -0.64809 -0.09673 0.23235 -0.97218 -0.02975 0.64553 -0.75925 -0.08266 0.51963 -0.8518 -0.06654 0.07809 -0.9969 -0.00999 0.36704 -0.92339 -0.1124 0.23235 -0.97218 -0.02975 0.07535 -0.99689 -0.02307 0.96468 -0.23265 -0.12353 0.9758 -0.14595 0.16283 0.97755 -0.00264 0.21068 0.91688 -0.38151 -0.11741 0.97168 -0.23265 0.04128 0.5234 -0.8518 0.02223 0.92353 -0.38151 0.03923 0.85271 -0.52113 0.03622 0.38352 -0.92339 0.01629 0.64553 -0.75925 -0.08266 0.76087 -0.64809 0.03232 0.23403 -0.97218 0.00994 0.65022 -0.75925 0.02762 0.5234 -0.8518 0.02223 0.07865 -0.9969 0.00335 0.38075 -0.92339 -0.04876 0.23403 -0.97218 0.00994 0.07814 -0.99689 -0.01001 0.97168 -0.23265 0.04128 0.93513 -0.14992 0.32103 0.92789 0.00119 0.37286 0.92353 -0.38151 0.03923 0.95073 -0.23265 0.2049 0.51211 -0.8518 0.11037 0.90362 -0.38151 0.19474 0.83432 -0.52113 0.17981 0.37525 -0.92339 0.08087 0.65022 -0.75925 0.02762 0.74447 -0.64809 0.16045 0.22899 -0.97218 0.04935 0.6362 -0.75925 0.13711 0.51211 -0.8518 0.11037 0.07868 -0.99689 0.00334 0.38352 -0.92339 0.01629 0.22899 -0.97218 0.04935 0.07696 -0.9969 0.01659 0.95073 -0.23265 0.2049 0.86907 -0.15338 0.47032 0.85152 0.0045 0.5243 0.90362 -0.38151 0.19474 0.90243 -0.23265 0.36263 0.48609 -0.8518 0.19533 0.85771 -0.3815 0.34466 0.79193 -0.52113 0.31823 0.35618 -0.92339 0.14313 0.6362 -0.75925 0.13711 0.70664 -0.64809 0.28395 0.21735 -0.97218 0.08734 0.60387 -0.75925 0.24266 0.48609 -0.8518 0.19533 0.07306 -0.99689 0.02937 0.37525 -0.92339 0.08087 0.21735 -0.97218 0.08734 0.077 -0.99689 0.0166 0.90243 -0.23265 0.36263 0.77944 -0.15634 0.60666 0.75065 0.00731 0.66066 0.85771 -0.38151 0.34466 0.82816 -0.23265 0.50992 0.44609 -0.8518 0.27467 0.78713 -0.3815 0.48465 0.72676 -0.52113 0.44748 0.32687 -0.92339 0.20126 0.60387 -0.75925 0.24266 0.64849 -0.64809 0.39929 0.19947 -0.97218 0.12282 0.55418 -0.75925 0.34122 0.44609 -0.8518 0.27467 0.06704 -0.9969 0.04129 0.35618 -0.92339 0.14313 0.19947 -0.97218 0.12282 0.07312 -0.99689 0.02938 0.82816 -0.23265 0.50992 0.66869 -0.15881 0.72639 0.62819 0.00961 0.778 0.78713 -0.3815 0.48465 0.73007 -0.23265 0.64255 0.39325 -0.8518 0.34611 0.6939 -0.3815 0.61071 0.64068 -0.52113 0.56387 0.28816 -0.92339 0.25361 0.55418 -0.75925 0.34122 0.57168 -0.64809 0.50315 0.17584 -0.97218 0.15476 0.48854 -0.75925 0.42997 0.39325 -0.8518 0.34611 0.05909 -0.9969 0.05202 0.32687 -0.92339 0.20126 0.17584 -0.97218 0.15476 0.06711 -0.99689 0.04132 0.73007 -0.23265 0.64255 0.53983 -0.16078 0.82628 0.48766 0.0114 0.87296 0.6939 -0.3815 0.61071 0.61098 -0.23265 0.75669 0.3291 -0.8518 0.40759 0.5807 -0.38151 0.71919 0.53617 -0.52113 0.66404 0.24115 -0.92339 0.29866 0.48854 -0.75925 0.42997 0.47843 -0.64809 0.59252 0.14716 -0.97218 0.18225 0.40885 -0.75925 0.50635 0.3291 -0.8518 0.40759 0.04945 -0.9969 0.06125 0.28816 -0.92339 0.25361 0.14716 -0.97218 0.18225 0.05914 -0.99689 0.05205 0.61098 -0.23265 0.75669 0.39637 -0.16226 0.90364 0.33311 0.01267 0.9428 0.58071 -0.3815 0.71919 0.47431 -0.23265 0.84906 0.25549 -0.8518 0.45735 0.45081 -0.38151 0.80698 0.41624 -0.52113 0.7451 0.18721 -0.92339 0.33512 0.40885 -0.75924 0.50635 0.37141 -0.64809 0.66485 0.11424 -0.97218 0.2045 0.31739 -0.75924 0.56816 0.25549 -0.8518 0.45734 0.03839 -0.9969 0.06873 0.24115 -0.92339 0.29866 0.11424 -0.97218 0.2045 0.04948 -0.99689 0.06128 0.47431 -0.23265 0.84906 0.24219 -0.16324 0.9564 0.16898 0.01344 0.98553 0.45081 -0.38151 0.80698 0.324 -0.23265 0.91701 0.17452 -0.8518 0.49394 0.30794 -0.38151 0.87156 0.28433 -0.52113 0.80473 0.12788 -0.92339 0.36194 0.31739 -0.75925 0.56816 0.25371 -0.64809 0.71806 0.07804 -0.97218 0.22086 0.21681 -0.75925 0.61363 0.17452 -0.8518 0.49395 0.02622 -0.9969 0.07425 0.18721 -0.92339 0.33512 0.07804 -0.97218 0.22086 0.03841 -0.99689 0.06875 0.324 -0.23265 0.91701 0.08147 -0.16373 0.98314 0 0.0137 0.99991 0.30794 -0.38151 0.87156 0.16436 -0.23265 0.95857 0.08853 -0.8518 0.51633 0.15622 -0.38151 0.91107 0.14424 -0.52113 0.8412 0.06487 -0.92339 0.37834 0.21681 -0.75925 0.61363 0.1287 -0.64809 0.75061 0.03959 -0.97218 0.23088 0.10999 -0.75925 0.64144 0.08853 -0.8518 0.51633 0.02625 -0.99689 0.0743 0.12788 -0.92339 0.36194 0.03959 -0.97218 0.23088 0.01329 -0.9969 0.07761 0.16436 -0.23265 0.95857 -0.08147 -0.16373 0.98314 -0.16898 0.01344 0.98553 0.15622 -0.38151 0.91107 0 -0.23265 0.97256 0 -0.8518 0.52387 0 -0.38151 0.92437 0 -0.92339 0.38386 0.10999 -0.75925 0.64144 0 -0.97218 0.23424 0 -0.75925 0.6508 -1E-05 -0.9969 0.07873 0.06487 -0.92339 0.37834 0.01332 -0.99689 0.07768 -0.24219 -0.16324 0.9564 -0.33311 0.01267 0.9428 -0.16436 -0.23265 0.95857 -0.08853 -0.8518 0.51633 -0.15622 -0.38151 0.91107 -0.14424 -0.52113 0.8412 -0.06487 -0.92339 0.37834 -0.1287 -0.64809 0.75061 -0.03959 -0.97218 0.23088 -0.10999 -0.75925 0.64144 -0.08853 -0.8518 0.51633 0 -0.99689 0.07879 -0.03959 -0.97218 0.23088 -0.01331 -0.9969 0.07759 -0.16436 -0.23264 0.95857 -0.39637 -0.16226 0.90364 -0.48766 0.0114 0.87296 -0.15622 -0.38151 0.91107 -0.324 -0.23264 0.91701 -0.17452 -0.8518 0.49395 -0.30794 -0.3815 0.87157 -0.28433 -0.52113 0.80473 -0.12788 -0.92339 0.36194 -0.10999 -0.75925 0.64144 -0.25371 -0.64809 0.71806 -0.07804 -0.97218 0.22087 -0.21681 -0.75925 0.61363 -0.17452 -0.8518 0.49394 -0.02623 -0.9969 0.07423 -0.06487 -0.92339 0.37834 -0.07804 -0.97218 0.22086 -0.01331 -0.99689 0.07763 -0.324 -0.23265 0.917 -0.53983 -0.16078 0.82628 -0.62819 0.00961 0.778 -0.30794 -0.38151 0.87156 -0.47431 -0.23265 0.84906 -0.25549 -0.8518 0.45734 -0.45081 -0.38151 0.80698 -0.41624 -0.52113 0.7451 -0.18721 -0.92339 0.33512 -0.21681 -0.75925 0.61363 -0.37141 -0.64809 0.66485 -0.11424 -0.97218 0.2045 -0.31739 -0.75925 0.56816 -0.25549 -0.8518 0.45735 -0.03841 -0.9969 0.06873 -0.12788 -0.92339 0.36194 -0.11424 -0.97218 0.2045 -0.02623 -0.99689 0.07424 -0.47431 -0.23265 0.84906 -0.66869 -0.15881 0.72639 -0.75065 0.00731 0.66066 -0.45081 -0.3815 0.80699 -0.61098 -0.23265 0.75669 -0.32911 -0.8518 0.40759 -0.58071 -0.3815 0.71919 -0.53617 -0.52113 0.66403 -0.24115 -0.92339 0.29866 -0.31739 -0.75925 0.56816 -0.47843 -0.64809 0.59252 -0.14716 -0.97218 0.18225 -0.40885 -0.75925 0.50635 -0.3291 -0.8518 0.40759 -0.03843 -0.99689 0.06879 -0.18721 -0.92339 0.33512 -0.14716 -0.97218 0.18225 -0.04948 -0.9969 0.06126 -0.61098 -0.23265 0.75669 -0.77944 -0.15634 0.60666 -0.85152 0.00451 0.5243 -0.58071 -0.38151 0.71919 -0.73007 -0.23265 0.64255 -0.39325 -0.8518 0.34611 -0.6939 -0.38151 0.6107 -0.64068 -0.52113 0.56387 -0.28816 -0.92339 0.25361 -0.40885 -0.75925 0.50635 -0.57168 -0.64809 0.50314 -0.17584 -0.97218 0.15476 -0.48854 -0.75925 0.42997 -0.39326 -0.8518 0.34611 -0.05911 -0.9969 0.05201 -0.24115 -0.92339 0.29866 -0.17584 -0.97218 0.15476 -0.04951 -0.99689 0.06132 -0.73007 -0.23265 0.64255 -0.86907 -0.15338 0.47032 -0.92789 0.00119 0.37286 -0.6939 -0.3815 0.61071 -0.82816 -0.23265 0.50992 -0.44609 -0.8518 0.27467 -0.78712 -0.38151 0.48465 -0.72676 -0.52113 0.44748 -0.32687 -0.92339 0.20126 -0.48854 -0.75924 0.42997 -0.64849 -0.6481 0.39929 -0.19947 -0.97218 0.12282 -0.55418 -0.75924 0.34122 -0.44609 -0.8518 0.27467 -0.06704 -0.9969 0.04127 -0.28816 -0.92339 0.25361 -0.19947 -0.97218 0.12282 -0.05915 -0.99689 0.05206 -0.82816 -0.23265 0.50992 -0.93513 -0.14992 0.32103 -0.97755 -0.00264 0.21068 -0.78712 -0.38151 0.48465 -0.90243 -0.23265 0.36263 -0.48609 -0.8518 0.19533 -0.85771 -0.38151 0.34466 -0.79193 -0.52113 0.31822 -0.35618 -0.92339 0.14312 -0.55418 -0.75924 0.34122 -0.70664 -0.64809 0.28395 -0.21735 -0.97218 0.08734 -0.60388 -0.75924 0.24266 -0.48609 -0.8518 0.19533 -0.07305 -0.9969 0.02935 -0.32687 -0.92339 0.20126 -0.21735 -0.97218 0.08734 -0.06708 -0.99689 0.0413 -0.90243 -0.23265 0.36263 -0.9758 -0.14596 0.16283 -0.99907 -0.00698 0.04244 -0.85771 -0.38151 0.34466 -0.95073 -0.23265 0.2049 -0.51211 -0.8518 0.11037 -0.90362 -0.38151 0.19474 -0.83432 -0.52113 0.17981 -0.37525 -0.92339 0.08087 -0.60388 -0.75924 0.24266 -0.74447 -0.64809 0.16045 -0.22899 -0.97218 0.04935 -0.6362 -0.75924 0.13711 -0.51211 -0.8518 0.11037 -0.07307 -0.99689 0.02936 -0.35618 -0.92339 0.14313 -0.22899 -0.97218 0.04935 -0.07697 -0.9969 0.01658 -0.95073 -0.23265 0.2049 -0.98994 -0.14149 0 -0.99183 -0.01183 -0.12701 -0.90362 -0.38151 0.19474 -0.97168 -0.23265 0.04128 -0.5234 -0.8518 0.02223 -0.92353 -0.3815 0.03923 -0.85271 -0.52113 0.03622 -0.38352 -0.92339 0.01629 -0.63619 -0.75925 0.13711 -0.76088 -0.64809 0.03232 -0.23403 -0.97218 0.00994 -0.65022 -0.75925 0.02762 -0.5234 -0.8518 0.02223 -0.07867 -0.99689 0.00333 -0.37525 -0.92339 0.08087 -0.23403 -0.97218 0.00994 -0.07701 -0.99689 0.0166 -0.97168 -0.23265 0.04128 -0.97713 -0.13652 -0.16305 -0.95603 -0.01719 -0.29278 -0.92353 -0.38151 0.03923 -0.96468 -0.23265 -0.12353 -0.51963 -0.8518 -0.06654 -0.91688 -0.38151 -0.11741 -0.84657 -0.52113 -0.10841 -0.38075 -0.92339 -0.04876 -0.65022 -0.75925 0.02762 -0.75539 -0.64809 -0.09673 -0.23235 -0.97218 -0.02975 -0.64553 -0.75925 -0.08266 -0.51963 -0.8518 -0.06654 -0.0781 -0.9969 -0.01001 -0.38352 -0.92339 0.01629 -0.23235 -0.97218 -0.02975 -0.07874 -0.99689 0.00334 -0.96468 -0.23265 -0.12353 -0.93766 -0.13103 -0.3219 -0.89269 -0.02305 -0.45008 -0.91688 -0.38151 -0.11741 -0.92993 -0.23265 -0.28479 -0.72818 -0.64809 -0.223 -0.88385 -0.3815 -0.27068 -0.81607 -0.52113 -0.24992 -0.36704 -0.92339 -0.1124 -0.64553 -0.75925 -0.08266 -0.72818 -0.64809 -0.223 -0.22398 -0.97218 -0.06859 -0.62228 -0.75925 -0.19057 -0.50091 -0.8518 -0.1534 -0.07817 -0.99689 -0.01001 -0.38075 -0.92339 -0.04876 -0.22398 -0.97218 -0.06859 -0.07527 -0.9969 -0.02306 -0.92993 -0.23265 -0.28479 -0.87257 -0.12504 -0.47221 -0.55944 -0.04369 -0.82772 -0.88385 -0.38151 -0.27068 -0.86842 -0.23265 -0.43785 -0.68002 -0.64809 -0.34286 -0.82539 -0.3815 -0.41615 -0.42119 -0.8518 -0.31151 -0.34276 -0.92339 -0.17282 -0.62228 -0.75924 -0.19057 -0.68002 -0.64809 -0.34286 -0.20916 -0.97218 -0.10546 -0.58112 -0.75925 -0.29299 -0.46778 -0.8518 -0.23585 -0.07533 -0.99689 -0.02307 -0.36704 -0.92339 -0.1124 -0.20916 -0.97218 -0.10546 -0.07029 -0.9969 -0.03545 -0.86842 -0.23265 -0.43785 -0.78358 -0.11853 -0.60988 -0.68619 -0.52113 -0.50751 -0.82539 -0.38151 -0.41615 -0.78194 -0.23265 -0.57832 -0.61229 -0.64809 -0.45285 -0.74319 -0.38151 -0.54966 -0.52325 -0.75924 -0.38699 -0.6862 -0.52113 -0.50751 -0.30863 -0.92339 -0.22826 -0.61229 -0.64809 -0.45285 -0.18833 -0.97218 -0.13929 -0.52324 -0.75925 -0.38699 -0.42119 -0.8518 -0.31151 -0.06329 -0.9969 -0.04682 -0.34276 -0.92339 -0.17282 -0.18833 -0.97218 -0.13929 -0.07032 -0.99689 -0.03546 -0.78194 -0.23265 -0.57832 -0.67306 -0.11151 -0.73114 -0.52695 -0.64809 -0.54981 -0.74319 -0.38151 -0.54966 -0.67295 -0.23265 -0.70215 -0.45031 -0.75925 -0.46985 -0.6396 -0.38151 -0.66735 -0.36249 -0.8518 -0.37821 -0.59055 -0.52113 -0.61617 -0.15811 -0.92339 -0.34979 -0.52695 -0.64809 -0.54981 -0.16208 -0.97218 -0.16911 -0.45032 -0.75924 -0.46985 -0.36249 -0.8518 -0.37821 -0.05448 -0.99689 -0.05686 -0.30862 -0.92339 -0.22826 -0.16208 -0.97218 -0.16911 -0.06332 -0.99689 -0.04683 -0.67295 -0.23265 -0.70215 -0.54398 -0.10396 -0.83263 -0.47793 -0.52113 -0.70712 -0.63961 -0.38151 -0.66735 -0.54461 -0.23265 -0.80578 -0.42646 -0.64809 -0.63096 -0.51762 -0.38151 -0.76585 -0.36443 -0.75925 -0.5392 -0.47793 -0.52113 -0.70712 -0.29335 -0.8518 -0.43403 -0.42646 -0.64809 -0.63096 -0.21495 -0.92339 -0.31804 -0.36443 -0.75925 -0.5392 -0.29335 -0.8518 -0.43403 -0.05453 -0.99689 -0.05689 -0.26561 -0.92339 -0.27713 -0.13117 -0.97218 -0.19407 -0.04408 -0.9969 -0.06524 -0.54461 -0.23265 -0.80578 -0.39984 -0.0959 -0.91155 -0.38075 -0.38151 -0.84231 -0.51762 -0.38151 -0.76585 -0.38075 -0.3815 -0.84231 -0.35155 -0.52113 -0.77771 -0.35155 -0.52113 -0.77771 -0.31369 -0.64809 -0.69396 -0.31369 -0.64809 -0.69396 -0.26807 -0.75925 -0.59303 -0.26807 -0.75925 -0.59303 -0.21578 -0.8518 -0.47736 -0.21578 -0.8518 -0.47736 -0.05902 -0.97218 -0.22669 -0.04413 -0.99689 -0.06529 -0.21495 -0.92339 -0.31804 -0.09649 -0.97218 -0.21345 -0.03242 -0.9969 -0.07175 -0.41135 -0.05157 -0.91002 -0.24455 -0.08731 -0.9657 -0.21506 -0.52113 -0.82594 -0.4006 -0.23265 -0.88622 -0.23292 -0.38151 -0.89454 -0.1919 -0.64809 -0.73699 -0.21506 -0.52113 -0.82594 -0.16399 -0.75925 -0.6298 -0.1919 -0.64809 -0.73699 -0.132 -0.8518 -0.50696 -0.16399 -0.75925 -0.6298 -0.09673 -0.92339 -0.37148 -0.132 -0.8518 -0.50696 -0.00668 -0.9969 -0.07846 -0.09673 -0.92339 -0.37148 -0.01983 -0.9969 -0.07618 -0.05902 -0.97218 -0.22669 -0.03245 -0.99689 -0.07179 -0.25153 -0.05994 -0.96599 -0.24506 -0.23265 -0.94118 -0.07839 -0.38151 -0.92104 -0.08248 -0.23265 -0.96906 -0.07238 -0.52113 -0.8504 -0.07839 -0.38151 -0.92104 -0.06458 -0.64809 -0.75882 -0.07238 -0.52113 -0.8504 -0.05519 -0.75925 -0.64846 -0.06458 -0.64809 -0.75882 -0.04443 -0.8518 -0.52198 -0.05519 -0.75925 -0.64846 -0.03255 -0.92339 -0.38248 -0.04443 -0.8518 -0.52198 -0.01987 -0.97218 -0.2334 -0.03255 -0.92339 -0.38248 -0.01987 -0.97218 -0.2334 -0.01985 -0.99689 -0.07622 0.47843 -0.64809 0.59252 -0.70664 -0.64809 0.28395 -0.75539 -0.64809 -0.09673 -0.46778 -0.8518 -0.23585 -0.58112 -0.75924 -0.29299 -0.26561 -0.92339 -0.27713 -0.50091 -0.8518 -0.1534 -0.13117 -0.97218 -0.19407 -0.15811 -0.92339 -0.34979 -0.00667 -0.9969 -0.07844 -0.09649 -0.97218 -0.21345 -0.57168 -0.64809 0.50315 -0.72676 -0.52113 0.44748 -0.25371 -0.64809 0.71806 -0.28433 -0.52113 0.80473 0.41624 -0.52113 0.7451 0.12871 -0.64809 0.75061 0.81607 -0.52113 -0.24992 0.76088 -0.64809 0.03232 0.59056 -0.52113 -0.61617 0.68002 -0.64809 -0.34286 0.31369 -0.64809 -0.69396 0.42646 -0.64809 -0.63096 0.08239 -0.06855 -0.99424 0.1919 -0.64809 -0.73699 0.08248 -0.23265 -0.96906 0.24507 -0.05838 -0.96775 0.07839 -0.38151 -0.92104 0.06458 -0.64809 -0.75882 0.07238 -0.52113 -0.8504 0.04443 -0.8518 -0.52198 0.06458 -0.64809 -0.75882 0.03255 -0.92339 -0.38248 0.05519 -0.75925 -0.64846 0.04443 -0.8518 -0.52198 -0.80365 -0.02943 -0.59438 0.07839 -0.38151 -0.92104 0.08455 -0.07818 -0.99335 0.21506 -0.52113 -0.82594 0.47793 -0.52113 -0.70712 0.35155 -0.52113 -0.77771 0.61229 -0.64809 -0.45285 0.76209 -0.52112 -0.38424 0.68619 -0.52113 -0.50751 0.75539 -0.64809 -0.09673 0.72818 -0.64809 -0.223 0.57168 -0.64809 0.50314 0.85271 -0.52113 0.03622 0.84657 -0.52113 -0.10841 0.70664 -0.64809 0.28395 0.74447 -0.64809 0.16044 0.64849 -0.6481 0.39929 0.79193 -0.52113 0.31822 0.64068 -0.52113 0.56387 0.37141 -0.64809 0.66485 0.28433 -0.52113 0.80473 0.14424 -0.52113 0.8412 -0.1287 -0.64809 0.75061 -0.47843 -0.64809 0.59252 -0.41624 -0.52113 0.7451 -0.64849 -0.64809 0.39929 -0.74447 -0.64809 0.16045 -0.84657 -0.52113 -0.10841 -0.76087 -0.64809 0.03232 -0.83432 -0.52113 0.17981 -0.85271 -0.52113 0.03622 -0.76209 -0.52113 -0.38424 -0.76209 -0.52113 -0.38424 -0.81607 -0.52113 -0.24992 -0.59056 -0.52113 -0.61617 -0.69148 -0.03631 -0.72148 -0.24506 -0.23265 -0.94118 -0.4006 -0.23265 -0.88622 -0.0846 -0.06882 -0.99404 -0.08248 -0.23265 -0.96906 -0.08233 -0.07819 -0.99353 0.39984 -0.0959 -0.91155 -0.23292 -0.38151 -0.89454 0.251 -0.08802 -0.96398 0.41135 -0.05157 -0.91002 0.24506 -0.23265 -0.94118 0.132 -0.8518 -0.50696 0.23292 -0.3815 -0.89454 0.21506 -0.52113 -0.82594 0.09673 -0.92339 -0.37148 0.05519 -0.75925 -0.64846 0.1919 -0.64809 -0.73699 0.132 -0.8518 -0.50696 0.01985 -0.9969 -0.0762 0.05902 -0.97218 -0.22669 0.24506 -0.23265 -0.94118 0.23292 -0.38151 -0.89454 0.4006 -0.23265 -0.88622 0.21578 -0.8518 -0.47736 0.38075 -0.38151 -0.84231 0.35155 -0.52113 -0.77771 0.15811 -0.92339 -0.34979 0.16399 -0.75925 -0.6298 0.31369 -0.64809 -0.69396 0.09649 -0.97218 -0.21345 0.26807 -0.75925 -0.59303 0.21578 -0.8518 -0.47736 0.03244 -0.9969 -0.07174 0.09673 -0.92339 -0.37148 0.09649 -0.97218 -0.21345 0.01986 -0.99689 -0.07627 0.4006 -0.23265 -0.88622 0.67306 -0.11151 -0.73114 0.69148 -0.03631 -0.72148 0.38075 -0.3815 -0.84231 0.54461 -0.23265 -0.80578 0.29335 -0.8518 -0.43403 0.51762 -0.38151 -0.76585 0.47793 -0.52113 -0.70712 0.21495 -0.92339 -0.31804 0.26807 -0.75925 -0.59303 0.42646 -0.64809 -0.63096 0.13117 -0.97218 -0.19407 0.36443 -0.75925 -0.5392 0.29335 -0.8518 -0.43403 0.15811 -0.92339 -0.34979 0.13117 -0.97218 -0.19407 0.54461 -0.23265 -0.80578 0.78358 -0.11853 -0.60988 0.80365 -0.02943 -0.59438 0.51762 -0.38151 -0.76585 0.67295 -0.23265 -0.70215 0.36249 -0.8518 -0.37821 0.63961 -0.38151 -0.66735 0.36443 -0.75925 -0.5392 0.52695 -0.64809 -0.54981 0.16208 -0.97218 -0.16911 0.45032 -0.75925 -0.46985 0.36249 -0.8518 -0.37821 0.05447 -0.9969 -0.05683 0.21495 -0.92339 -0.31804 0.16208 -0.97218 -0.16911 0.87257 -0.12504 -0.47221 0.89269 -0.02305 -0.45008 0.78194 -0.23265 -0.57832 0.42119 -0.8518 -0.31151 0.74319 -0.38151 -0.54966 0.6862 -0.52113 -0.50751 0.45032 -0.75924 -0.46985 0.61229 -0.64809 -0.45285 0.18833 -0.97218 -0.13929 0.52325 -0.75924 -0.38699 0.42119 -0.8518 -0.31151 0.06331 -0.9969 -0.04681 0.26561 -0.92339 -0.27713 0.05449 -0.99689 -0.05685 0.78194 -0.23265 -0.57832 0.93766 -0.13103 -0.3219 0.95603 -0.01719 -0.29278 0.74319 -0.38151 -0.54966 0.86842 -0.23265 -0.43785 0.46778 -0.8518 -0.23585 0.82539 -0.3815 -0.41615 0.76209 -0.52113 -0.38424 0.52324 -0.75925 -0.38699 0.68002 -0.64809 -0.34286 0.58112 -0.75925 -0.29299 0.46778 -0.8518 -0.23585 0.07032 -0.99689 -0.03544 0.06334 -0.99689 -0.04685 0.86842 -0.23265 -0.43785 0.97713 -0.13652 -0.16305 0.99183 -0.01183 -0.12701 0.82539 -0.38151 -0.41615 0.92993 -0.23265 -0.28479 0.50091 -0.8518 -0.1534 0.88385 -0.38151 -0.27068 0.81607 -0.52113 -0.24992 0.36704 -0.92339 -0.1124 0.58112 -0.75925 -0.293 0.72818 -0.64809 -0.223 0.62228 -0.75924 -0.19057 0.07529 -0.9969 -0.02304 0.22398 -0.97218 -0.06859 0.07037 -0.99689 -0.03548 0.92993 -0.23265 -0.28479 0.98994 -0.14149 0 0.99907 -0.00698 0.04244 0.88385 -0.3815 -0.27068 0.96468 -0.23265 -0.12353 0.51963 -0.8518 -0.06654 0.91688 -0.38151 -0.11741 0.84657 -0.52113 -0.10841 0.38075 -0.92339 -0.04876 0.62228 -0.75925 -0.19057 0.75539 -0.64809 -0.09673 0.23235 -0.97218 -0.02975 0.64553 -0.75925 -0.08266 0.51963 -0.8518 -0.06654 0.07809 -0.9969 -0.00999 0.36704 -0.92339 -0.1124 0.23235 -0.97218 -0.02975 0.07535 -0.99689 -0.02307 0.96468 -0.23265 -0.12353 0.9758 -0.14596 0.16283 0.97755 -0.00264 0.21068 0.91688 -0.38151 -0.11741 0.97168 -0.23265 0.04128 0.5234 -0.8518 0.02223 0.92353 -0.38151 0.03923 0.38352 -0.92339 0.01629 0.64553 -0.75925 -0.08266 0.76088 -0.64809 0.03232 0.65022 -0.75925 0.02762 0.5234 -0.8518 0.02223 0.38075 -0.92339 -0.04876 0.23403 -0.97218 0.00994 0.07814 -0.99689 -0.01001 0.93513 -0.14992 0.32103 0.92789 0.00119 0.37286 0.92353 -0.3815 0.03923 0.95073 -0.23265 0.2049 0.51211 -0.8518 0.11037 0.90362 -0.38151 0.19474 0.83432 -0.52113 0.17981 0.37525 -0.92339 0.08087 0.65022 -0.75925 0.02762 0.74447 -0.64809 0.16044 0.22899 -0.97218 0.04935 0.63619 -0.75925 0.13711 0.51211 -0.8518 0.11037 0.38352 -0.92339 0.01629 0.22899 -0.97218 0.04935 0.07696 -0.9969 0.01659 0.95073 -0.23265 0.2049 0.86907 -0.15338 0.47032 0.85152 0.00451 0.5243 0.90362 -0.38151 0.19474 0.90243 -0.23265 0.36263 0.48609 -0.8518 0.19533 0.85771 -0.38151 0.34466 0.79193 -0.52113 0.31822 0.35618 -0.92339 0.14313 0.6362 -0.75924 0.13711 0.70664 -0.6481 0.28395 0.21735 -0.97218 0.08734 0.60388 -0.75924 0.24266 0.48609 -0.8518 0.19533 0.07306 -0.99689 0.02937 0.37525 -0.92339 0.08087 0.21735 -0.97218 0.08734 0.077 -0.99689 0.0166 0.90243 -0.23265 0.36263 0.77944 -0.15634 0.60666 0.75065 0.00731 0.66066 0.85771 -0.38151 0.34466 0.82816 -0.23265 0.50992 0.44609 -0.8518 0.27467 0.78712 -0.38151 0.48465 0.72676 -0.52113 0.44748 0.32687 -0.92339 0.20126 0.60388 -0.75924 0.24266 0.64849 -0.64809 0.39929 0.19947 -0.97218 0.12282 0.55418 -0.75924 0.34122 0.44609 -0.8518 0.27467 0.06704 -0.9969 0.04129 0.35618 -0.92339 0.14313 0.19947 -0.97218 0.12282 0.07312 -0.99689 0.02938 0.82816 -0.23265 0.50992 0.66869 -0.15881 0.72639 0.62819 0.00961 0.778 0.78713 -0.38151 0.48465 0.73007 -0.23265 0.64255 0.39326 -0.8518 0.34611 0.6939 -0.3815 0.61071 0.64068 -0.52113 0.56387 0.28815 -0.92339 0.25361 0.55418 -0.75924 0.34122 0.17584 -0.97218 0.15476 0.48854 -0.75925 0.42997 0.39325 -0.8518 0.34611 0.05909 -0.9969 0.05202 0.32687 -0.92339 0.20126 0.17584 -0.97218 0.15476 0.06711 -0.99689 0.04132 0.73007 -0.23265 0.64255 0.53983 -0.16078 0.82628 0.48766 0.0114 0.87296 0.69389 -0.38151 0.61071 0.61098 -0.23265 0.75669 0.3291 -0.8518 0.40759 0.24115 -0.92339 0.29866 0.48854 -0.75925 0.42997 0.47843 -0.64809 0.59252 0.14716 -0.97218 0.18225 0.40885 -0.75925 0.50635 0.32911 -0.8518 0.40759 0.04945 -0.9969 0.06125 0.05914 -0.99689 0.05205 0.61098 -0.23265 0.75669 0.39637 -0.16226 0.90364 0.33311 0.01267 0.9428 0.47431 -0.23265 0.84906 0.25549 -0.8518 0.45735 0.45081 -0.3815 0.80699 0.41624 -0.52113 0.7451 0.18721 -0.92339 0.33512 0.40885 -0.75925 0.50635 0.37141 -0.64809 0.66485 0.31739 -0.75925 0.56816 0.03839 -0.9969 0.06873 0.24115 -0.92339 0.29866 0.11424 -0.97218 0.2045 0.04948 -0.99689 0.06128 0.47431 -0.23265 0.84906 0.24219 -0.16324 0.9564 0.45081 -0.38151 0.80698 0.324 -0.23265 0.91701 0.17452 -0.8518 0.49394 0.30794 -0.38151 0.87156 0.28433 -0.52113 0.80473 0.31739 -0.75925 0.56816 0.25371 -0.64809 0.71806 0.07804 -0.97218 0.22086 0.21681 -0.75925 0.61363 0.17452 -0.8518 0.49395 0.02622 -0.9969 0.07425 0.18721 -0.92339 0.33512 0.07804 -0.97218 0.22086 0.03841 -0.99689 0.06875 0.324 -0.23264 0.91701 0.08147 -0.16373 0.98314 0.30794 -0.3815 0.87156 0.16436 -0.23264 0.95857 0.15622 -0.38151 0.91107 0.14424 -0.52113 0.8412 0.21681 -0.75925 0.61363 0.1287 -0.64809 0.75061 0.03959 -0.97218 0.23088 0.10999 -0.75925 0.64144 0.02625 -0.99689 0.0743 0.12788 -0.92339 0.36194 0.03959 -0.97218 0.23088 0.01329 -0.9969 0.07761 0.16436 -0.23265 0.95857 -0.08147 -0.16373 0.98314 0.15622 -0.38151 0.91107 0.10999 -0.75925 0.64144 -1E-05 -0.9969 0.07873 0.01332 -0.99689 0.07768 -0.24219 -0.16324 0.9564 -0.33311 0.01267 0.9428 -0.16436 -0.23265 0.95857 -0.15622 -0.38151 0.91107 -0.14424 -0.52113 0.8412 -0.1287 -0.64809 0.75061 -0.03959 -0.97218 0.23088 -0.10999 -0.75925 0.64144 -0.01331 -0.9969 0.07759 -0.16436 -0.23265 0.95857 -0.39637 -0.16226 0.90364 -0.48766 0.0114 0.87296 -0.15622 -0.38151 0.91107 -0.324 -0.23265 0.91701 -0.17452 -0.8518 0.49395 -0.30794 -0.38151 0.87156 -0.28433 -0.52113 0.80473 -0.12788 -0.92339 0.36194 -0.10999 -0.75925 0.64144 -0.25371 -0.64809 0.71806 -0.21681 -0.75925 0.61363 -0.02623 -0.9969 0.07423 -0.07804 -0.97218 0.22086 -0.01331 -0.99689 0.07763 -0.324 -0.23265 0.917 -0.53983 -0.16078 0.82628 -0.62819 0.00961 0.778 -0.30794 -0.38151 0.87156 -0.47431 -0.23265 0.84906 -0.25549 -0.8518 0.45734 -0.41624 -0.52113 0.7451 -0.21681 -0.75925 0.61363 -0.37141 -0.64809 0.66485 -0.11424 -0.97218 0.2045 -0.31739 -0.75925 0.56816 -0.25549 -0.8518 0.45735 -0.03841 -0.9969 0.06873 -0.12788 -0.92339 0.36194 -0.11424 -0.97218 0.2045 -0.02623 -0.99689 0.07424 -0.47431 -0.23265 0.84906 -0.66869 -0.15881 0.72639 -0.75065 0.00731 0.66066 -0.45081 -0.38151 0.80698 -0.61098 -0.23265 0.75669 -0.3291 -0.8518 0.40759 -0.24115 -0.92339 0.29866 -0.31739 -0.75924 0.56816 -0.14716 -0.97218 0.18225 -0.40885 -0.75924 0.50635 -0.3291 -0.8518 0.40759 -0.03843 -0.99689 0.06879 -0.18721 -0.92339 0.33512 -0.14716 -0.97218 0.18225 -0.04948 -0.9969 0.06126 -0.61098 -0.23265 0.75669 -0.77944 -0.15634 0.60666 -0.85152 0.0045 0.5243 -0.73007 -0.23265 0.64255 -0.39325 -0.8518 0.34611 -0.6939 -0.3815 0.61071 -0.64068 -0.52113 0.56387 -0.28816 -0.92339 0.25361 -0.40885 -0.75925 0.50635 -0.57168 -0.64809 0.50314 -0.17584 -0.97218 0.15476 -0.48854 -0.75925 0.42997 -0.39325 -0.8518 0.34611 -0.05911 -0.9969 0.05201 -0.04951 -0.99689 0.06132 -0.73007 -0.23265 0.64255 -0.86907 -0.15338 0.47032 -0.92789 0.00119 0.37286 -0.6939 -0.3815 0.61071 -0.82816 -0.23265 0.50992 -0.44609 -0.8518 0.27467 -0.78713 -0.3815 0.48465 -0.72676 -0.52113 0.44748 -0.32687 -0.92339 0.20126 -0.48854 -0.75925 0.42997 -0.64849 -0.64809 0.39929 -0.19947 -0.97218 0.12282 -0.55418 -0.75925 0.34122 -0.44609 -0.8518 0.27467 -0.06704 -0.9969 0.04127 -0.28816 -0.92339 0.25361 -0.19947 -0.97218 0.12282 -0.05915 -0.99689 0.05206 -0.82816 -0.23265 0.50992 -0.93513 -0.14992 0.32103 -0.97755 -0.00264 0.21068 -0.78713 -0.3815 0.48465 -0.90243 -0.23265 0.36263 -0.48609 -0.8518 0.19533 -0.79193 -0.52113 0.31823 -0.35618 -0.92339 0.14313 -0.55418 -0.75925 0.34122 -0.70664 -0.64809 0.28395 -0.21735 -0.97218 0.08734 -0.60387 -0.75925 0.24266 -0.48609 -0.8518 0.19533 -0.07305 -0.9969 0.02935 -0.32687 -0.92339 0.20126 -0.21735 -0.97218 0.08734 -0.06708 -0.99689 0.0413 -0.90243 -0.23265 0.36263 -0.9758 -0.14595 0.16283 -0.99907 -0.00698 0.04244 -0.85771 -0.3815 0.34466 -0.95073 -0.23265 0.2049 -0.51211 -0.8518 0.11037 -0.90362 -0.38151 0.19474 -0.83432 -0.52113 0.17981 -0.37525 -0.92339 0.08087 -0.60387 -0.75925 0.24266 -0.74447 -0.64809 0.16044 -0.22899 -0.97218 0.04935 -0.6362 -0.75925 0.13711 -0.51211 -0.8518 0.11037 -0.07307 -0.99689 0.02936 -0.35618 -0.92339 0.14313 -0.22899 -0.97218 0.04935 -0.07697 -0.9969 0.01658 -0.98994 -0.14149 0 -0.99183 -0.01183 -0.12701 -0.90362 -0.38151 0.19474 -0.97168 -0.23265 0.04128 -0.5234 -0.8518 0.02223 -0.92353 -0.38151 0.03923 -0.85271 -0.52113 0.03622 -0.38352 -0.92339 0.01629 -0.6362 -0.75925 0.13711 -0.76088 -0.64809 0.03232 -0.23403 -0.97218 0.00994 -0.65022 -0.75925 0.02762 -0.5234 -0.8518 0.02223 -0.07867 -0.99689 0.00333 -0.37525 -0.92339 0.08087 -0.23403 -0.97218 0.00994 -0.07701 -0.99689 0.0166 -0.97168 -0.23265 0.04128 -0.97713 -0.13652 -0.16305 -0.95603 -0.01719 -0.29278 -0.96468 -0.23265 -0.12353 -0.51963 -0.8518 -0.06654 -0.91688 -0.38151 -0.11741 -0.84656 -0.52113 -0.10841 -0.38075 -0.92339 -0.04876 -0.65022 -0.75925 0.02762 -0.75539 -0.64809 -0.09673 -0.23235 -0.97218 -0.02975 -0.51963 -0.8518 -0.06654 -0.0781 -0.9969 -0.01001 -0.38352 -0.92339 0.01629 -0.23235 -0.97218 -0.02975 -0.07874 -0.99689 0.00334 -0.93766 -0.13103 -0.3219 -0.89269 -0.02305 -0.45008 -0.91688 -0.38151 -0.11741 -0.72818 -0.64809 -0.223 -0.64553 -0.75925 -0.08266 -0.72818 -0.64809 -0.223 -0.22398 -0.97218 -0.06859 -0.62228 -0.75925 -0.19057 -0.50091 -0.8518 -0.1534 -0.07817 -0.99689 -0.01001 -0.38075 -0.92339 -0.04876 -0.22398 -0.97218 -0.06859 -0.07527 -0.9969 -0.02306 -0.92993 -0.23265 -0.28479 -0.87257 -0.12504 -0.47221 -0.88385 -0.38151 -0.27068 -0.86842 -0.23265 -0.43785 -0.68002 -0.64809 -0.34286 -0.82539 -0.3815 -0.41615 -0.42119 -0.8518 -0.31151 -0.62228 -0.75925 -0.19057 -0.68002 -0.64809 -0.34286 -0.58112 -0.75925 -0.29299 -0.07533 -0.99689 -0.02307 -0.36704 -0.92339 -0.1124 -0.07029 -0.9969 -0.03545 -0.86842 -0.23265 -0.43785 -0.78358 -0.11853 -0.60988 -0.82539 -0.38151 -0.41615 -0.78194 -0.23265 -0.57832 -0.61229 -0.64809 -0.45285 -0.74319 -0.38151 -0.54966 -0.52324 -0.75925 -0.38699 -0.68619 -0.52113 -0.50751 -0.61229 -0.64809 -0.45285 -0.18833 -0.97218 -0.13929 -0.52325 -0.75924 -0.38699 -0.42119 -0.8518 -0.31151 -0.06329 -0.9969 -0.04682 -0.18833 -0.97218 -0.13929 -0.07032 -0.99689 -0.03546 -0.67306 -0.11151 -0.73114 -0.52695 -0.64809 -0.54981 -0.74319 -0.38151 -0.54966 -0.67295 -0.23265 -0.70215 -0.45032 -0.75925 -0.46985 -0.63961 -0.38151 -0.66735 -0.36249 -0.8518 -0.37821 -0.59055 -0.52113 -0.61617 -0.15811 -0.92339 -0.34979 -0.52695 -0.64809 -0.54981 -0.16208 -0.97218 -0.16911 -0.45032 -0.75925 -0.46985 -0.36249 -0.8518 -0.37821 -0.05448 -0.99689 -0.05686 -0.16208 -0.97218 -0.16911 -0.06332 -0.99689 -0.04683 -0.67295 -0.23265 -0.70215 -0.63961 -0.38151 -0.66735 -0.54461 -0.23265 -0.80578 -0.42646 -0.64809 -0.63096 -0.36443 -0.75925 -0.5392 -0.47793 -0.52113 -0.70712 -0.29335 -0.8518 -0.43403 -0.21495 -0.92339 -0.31803 -0.36443 -0.75925 -0.5392 -0.29335 -0.8518 -0.43403 -0.05453 -0.99689 -0.05689 -0.26561 -0.92339 -0.27713 -0.13117 -0.97218 -0.19407 -0.39984 -0.0959 -0.91155 -0.38075 -0.38151 -0.84231 -0.51762 -0.38151 -0.76585 -0.38075 -0.38151 -0.84231 -0.35155 -0.52113 -0.77771 -0.35155 -0.52113 -0.77771 -0.31369 -0.64809 -0.69396 -0.31369 -0.64809 -0.69396 -0.26807 -0.75925 -0.59303 -0.26807 -0.75925 -0.59303 -0.21578 -0.8518 -0.47736 -0.21578 -0.8518 -0.47736 -0.05902 -0.97218 -0.22669 -0.21495 -0.92339 -0.31803 -0.09649 -0.97218 -0.21345 -0.03242 -0.9969 -0.07175 -0.41135 -0.05157 -0.91002 -0.24455 -0.08731 -0.9657 -0.21506 -0.52113 -0.82594 -0.4006 -0.23265 -0.88622 -0.23292 -0.38151 -0.89454 -0.1919 -0.64809 -0.73699 -0.21506 -0.52113 -0.82594 -0.16399 -0.75925 -0.6298 -0.1919 -0.64809 -0.73699 -0.132 -0.8518 -0.50696 -0.16399 -0.75925 -0.6298 -0.09673 -0.92339 -0.37148 -0.09673 -0.92339 -0.37148 -0.01983 -0.9969 -0.07618 -0.05902 -0.97218 -0.22669 -0.03245 -0.99689 -0.07179 -0.25153 -0.05994 -0.96599 -0.24506 -0.23265 -0.94118 -0.08248 -0.23265 -0.96906 -0.07238 -0.52113 -0.8504 -0.07839 -0.3815 -0.92104 -0.07238 -0.52113 -0.8504 -0.05519 -0.75925 -0.64846 -0.06458 -0.64809 -0.75882 -0.04443 -0.8518 -0.52198 -0.05519 -0.75925 -0.64846 -0.03255 -0.92339 -0.38248 -0.04443 -0.8518 -0.52198 -0.03255 -0.92339 -0.38248 -0.01985 -0.99689 -0.07622 -0.55789 -0.64808 0.51841 0.21089 -0.85179 -0.47957 -0.46162 -0.64807 0.60573 -0.51733 -0.52111 0.67883 -0.3519 -0.64808 0.6754 -0.39437 -0.52111 0.75691 -0.23194 -0.64808 0.7254 -0.25993 -0.5211 0.81295 -0.10522 -0.64808 0.75427 -0.11792 -0.52111 0.84531 0.02753 -0.52097 0.85313 0.0585 -0.07848 0.9952 0.02982 -0.38149 0.92389 -0.08206 -0.15406 0.98465 0.88249 -0.38149 -0.27509 0.03222 0.00108 0.99948 0.03137 -0.23248 0.9721 -0.13816 0.0049 0.9904 0.02749 -0.52111 0.85305 0.55205 -0.03247 -0.83318 0.02453 -0.6482 0.76108 0.02456 -0.64808 0.76118 0.0169 -0.85179 0.52361 0.021 -0.75913 0.6506 0.01235 -0.92338 0.38368 0.01686 -0.85187 0.52348 0.00756 -0.97218 0.23413 0.00752 -0.97221 0.23398 0.00253 -0.99688 0.07887 -0.63792 -0.64807 0.416 -0.62522 -0.52111 0.58098 -0.69936 -0.64808 0.30148 -0.71491 -0.52111 0.46621 -0.74044 -0.64808 0.17817 -0.78377 -0.52111 0.33786 -0.75995 -0.64808 0.04968 -0.8298 -0.52111 0.19968 -0.85167 -0.52111 0.05567 -0.75733 -0.64808 -0.08026 -0.84874 -0.52111 -0.08995 -0.73266 -0.64808 -0.20787 -0.82108 -0.52111 -0.23296 -0.68664 -0.64808 -0.32942 -0.76952 -0.52111 -0.36918 -0.62063 -0.64807 -0.44137 -0.69554 -0.52111 -0.49464 -0.53654 -0.64808 -0.54047 -0.6013 -0.52111 -0.6057 -0.43684 -0.64807 -0.62384 -0.48956 -0.52111 -0.69913 -0.3244 -0.64807 -0.68903 0.06189 -0.52111 -0.85124 -0.20252 -0.64808 -0.73415 -0.36355 -0.52111 -0.77219 -0.07474 -0.64808 -0.7579 -0.22696 -0.52111 -0.82276 0.20572 -0.52111 -0.82833 0.34357 -0.52112 -0.78128 0.58553 -0.5211 -0.62097 0.68551 -0.03908 -0.72701 0.34357 -0.52112 -0.78128 0.86576 -0.23264 -0.44309 0.9285 -0.23264 -0.28943 0.96422 -0.23248 -0.12738 -0.08376 -0.52111 -0.84937 0.98895 -0.07008 -0.13064 0.98859 -0.07835 -0.12863 0.20853 -0.97218 -0.10672 0.05522 -0.64808 -0.75957 0.12628 -0.85179 -0.50844 0.26199 -0.75923 -0.59576 0.34172 -0.92338 -0.17489 0.18735 -0.97218 -0.14063 0.26336 -0.92338 -0.2793 0.07805 -0.9969 -0.01031 0.03134 -0.23263 0.97206 -0.24416 -0.15693 0.95695 -0.30454 0.00765 0.95247 0.02978 -0.38164 0.92383 -0.13437 -0.23263 0.96324 -0.07238 -0.85179 0.51886 -0.12771 -0.38149 0.91551 -0.11792 -0.5211 0.84531 -0.05304 -0.92338 0.3802 0.02096 -0.75924 0.65048 -0.10522 -0.64808 0.75427 -0.03236 -0.97218 0.23201 -0.08992 -0.75923 0.64458 -0.07238 -0.85179 0.51886 -0.01089 -0.99689 0.07799 0.01239 -0.92332 0.38383 -0.03236 -0.97218 0.23201 0.00251 -0.99689 0.07876 -0.13437 -0.23264 0.96323 -0.39934 -0.15945 0.90283 -0.46205 0.00978 0.8868 -0.12771 -0.38149 0.91551 -0.2962 -0.23264 0.92636 -0.15955 -0.85179 0.499 -0.28152 -0.3815 0.88046 -0.25993 -0.52111 0.81295 -0.11691 -0.92338 0.36564 -0.08992 -0.75923 0.64458 -0.23194 -0.64808 0.7254 -0.07134 -0.97218 0.22313 -0.19821 -0.75923 0.6199 -0.15955 -0.85179 0.499 -0.01089 -0.99689 0.07806 -0.05304 -0.92338 0.3802 -0.07134 -0.97218 0.22313 -0.02399 -0.9969 0.07499 -0.29619 -0.23263 0.92636 -0.54328 -0.16174 0.82383 -0.6061 0.01165 0.7953 -0.28152 -0.38149 0.88046 -0.44939 -0.23263 0.86251 -0.24207 -0.85179 0.4646 -0.42713 -0.38149 0.81977 -0.39437 -0.52111 0.75691 -0.17738 -0.92338 0.34044 -0.19821 -0.75924 0.6199 -0.3519 -0.64807 0.6754 -0.10824 -0.97218 0.20775 -0.30073 -0.75924 0.57717 -0.24207 -0.85179 0.4646 -0.024 -0.99689 0.07506 -0.11691 -0.92338 0.36564 -0.10824 -0.97218 0.20775 -0.03639 -0.9969 0.06982 -0.4494 -0.23264 0.86251 -0.67224 -0.16327 0.72211 -0.73248 0.01328 0.68065 -0.42713 -0.3815 0.81977 -0.58951 -0.23264 0.77354 -0.31755 -0.85179 0.41668 -0.5603 -0.38149 0.73521 -0.51733 -0.52111 0.67883 -0.23268 -0.92338 0.30532 -0.30073 -0.75923 0.57717 -0.46162 -0.64808 0.60573 -0.14199 -0.97218 0.18632 -0.39449 -0.75923 0.51764 -0.31755 -0.85179 0.41668 -0.0364 -0.99689 0.06987 -0.17738 -0.92338 0.34044 -0.04772 -0.9969 0.06261 -0.58951 -0.23265 0.77354 -0.78266 -0.16414 0.60042 -0.83754 0.01433 0.54618 -0.5603 -0.38149 0.73521 -0.71245 -0.23265 0.66203 -0.38377 -0.85179 0.35662 -0.67715 -0.38149 0.62923 -0.62522 -0.52111 0.58098 -0.28121 -0.92338 0.26131 -0.39449 -0.75923 0.51764 -0.55789 -0.64807 0.51842 -0.1716 -0.97218 0.15946 -0.47676 -0.75923 0.44302 -0.38377 -0.85179 0.35662 -0.05768 -0.9969 0.05359 -0.23268 -0.92338 0.30532 -0.1716 -0.97218 0.15946 -0.04774 -0.99689 0.06264 -0.71245 -0.23264 0.66204 -0.87134 -0.1648 0.46218 -0.91821 0.01458 0.39582 -0.67715 -0.38149 0.62923 -0.81465 -0.23264 0.53125 -0.43882 -0.85179 0.28617 -0.77428 -0.38149 0.50493 -0.71491 -0.52111 0.46621 -0.32155 -0.92338 0.20969 -0.47676 -0.75923 0.44302 -0.63792 -0.64807 0.416 -0.19622 -0.97218 0.12796 -0.54515 -0.75923 0.35551 -0.43882 -0.85179 0.28617 -0.05771 -0.99689 0.05362 -0.28121 -0.92338 0.26131 -0.19622 -0.97218 0.12796 -0.06597 -0.99689 0.043 -0.81465 -0.23264 0.53125 -0.93583 -0.16529 0.3113 -0.97214 0.01465 0.23393 -0.77428 -0.38149 0.50493 -0.89311 -0.23264 0.385 -0.48109 -0.85179 0.20739 -0.84886 -0.38149 0.36592 -0.78377 -0.52111 0.33786 -0.35252 -0.92338 0.15196 -0.54514 -0.75923 0.3555 -0.69936 -0.64808 0.30148 -0.21512 -0.97218 0.09273 -0.59765 -0.75923 0.25763 -0.48109 -0.85179 0.20739 -0.06602 -0.99689 0.04305 -0.32155 -0.92338 0.20969 -0.21512 -0.97218 0.09273 -0.07232 -0.99689 0.03116 -0.89311 -0.23264 0.385 -0.97454 -0.16508 0.15175 -0.99777 0.01436 0.06522 -0.84886 -0.38149 0.36592 -0.94557 -0.23264 0.22753 -0.50935 -0.85179 0.12257 -0.89872 -0.38149 0.21626 -0.8298 -0.52111 0.19968 -0.37323 -0.92338 0.08981 -0.59766 -0.75923 0.25764 -0.74044 -0.64808 0.17817 -0.22775 -0.97218 0.0548 -0.63276 -0.75923 0.15226 -0.50935 -0.85179 0.12256 -0.07238 -0.99689 0.0312 -0.35252 -0.92338 0.15196 -0.22775 -0.97218 0.0548 -0.07655 -0.9969 0.01841 -0.94557 -0.23264 0.22753 -0.98632 -0.1644 -0.01206 -0.99434 0.01352 -0.10538 -0.89872 -0.38149 0.21626 -0.97049 -0.23264 0.06344 -0.52277 -0.85179 0.03417 -0.9224 -0.38149 0.0603 -0.85167 -0.52111 0.05567 -0.38306 -0.92338 0.02504 -0.63276 -0.75923 0.15226 -0.75995 -0.64808 0.04968 -0.23376 -0.97218 0.01528 -0.64943 -0.75923 0.04245 -0.52277 -0.85179 0.03417 -0.07661 -0.99689 0.01843 -0.37322 -0.92338 0.08981 -0.23376 -0.97218 0.01528 -0.07856 -0.9969 0.00513 -0.97049 -0.23264 0.06344 -0.97081 -0.1634 -0.17556 -0.96196 0.01201 -0.27292 -0.9224 -0.38149 0.0603 -0.96715 -0.23264 -0.1025 -0.52097 -0.85179 -0.05521 -0.91922 -0.38149 -0.09742 -0.84874 -0.52111 -0.08995 -0.38174 -0.92338 -0.04046 -0.64943 -0.75923 0.04245 -0.75733 -0.64808 -0.08026 -0.23295 -0.97218 -0.02469 -0.6472 -0.75923 -0.06859 -0.52097 -0.85179 -0.05521 -0.07829 -0.9969 -0.0083 -0.38306 -0.92338 0.02504 -0.23295 -0.97218 -0.02469 -0.0786 -0.99689 0.00514 -0.96715 -0.23264 -0.1025 -0.92847 -0.16205 -0.33419 -0.90156 0.01022 -0.43253 -0.91922 -0.38149 -0.09742 -0.93564 -0.23264 -0.26546 -0.50399 -0.85179 -0.14299 -0.88927 -0.38149 -0.2523 -0.82108 -0.52111 -0.23296 -0.3693 -0.92338 -0.10478 -0.6472 -0.75923 -0.06859 -0.73266 -0.64808 -0.20787 -0.22536 -0.97218 -0.06394 -0.62611 -0.75923 -0.17764 -0.50399 -0.85179 -0.14299 -0.07831 -0.99689 -0.0083 -0.38174 -0.92338 -0.04046 -0.22536 -0.97218 -0.06394 -0.07575 -0.9969 -0.0215 -0.93563 -0.23264 -0.26546 -0.86044 -0.16014 -0.48373 -0.81491 0.00808 -0.57954 -0.88927 -0.38149 -0.2523 -0.87687 -0.23264 -0.42068 -0.47234 -0.85179 -0.22661 -0.83342 -0.38149 -0.39983 -0.76951 -0.52111 -0.36917 -0.34611 -0.92338 -0.16605 -0.62611 -0.75923 -0.17764 -0.68665 -0.64808 -0.32942 -0.21121 -0.97218 -0.10133 -0.58679 -0.75923 -0.28151 -0.47234 -0.85179 -0.22661 -0.07099 -0.99689 -0.03407 -0.3693 -0.92338 -0.10478 -0.21121 -0.97218 -0.10133 -0.0758 -0.99689 -0.02151 -0.87687 -0.23264 -0.42068 -0.76855 -0.15777 -0.62003 -0.70451 0.00534 -0.70967 -0.83342 -0.38149 -0.39984 -0.79258 -0.23264 -0.56365 -0.42693 -0.85179 -0.30362 -0.7533 -0.38149 -0.53572 -0.69554 -0.52111 -0.49464 -0.31283 -0.92338 -0.22248 -0.58679 -0.75923 -0.28151 -0.62063 -0.64808 -0.44137 -0.1909 -0.97218 -0.13576 -0.53038 -0.75923 -0.37719 -0.42693 -0.85179 -0.30362 -0.07106 -0.99689 -0.03409 -0.34611 -0.92338 -0.16605 -0.1909 -0.97218 -0.13576 -0.06416 -0.9969 -0.04564 -0.79258 -0.23264 -0.56365 -0.65532 -0.15509 -0.73926 -0.57359 0.00201 -0.81914 -0.7533 -0.38149 -0.53572 -0.68519 -0.23264 -0.69021 -0.36909 -0.85179 -0.37179 -0.65124 -0.3815 -0.65601 -0.6013 -0.52111 -0.60571 -0.27045 -0.92338 -0.27243 -0.53038 -0.75923 -0.37719 -0.53655 -0.64807 -0.54048 -0.16504 -0.97218 -0.16625 -0.45852 -0.75923 -0.46188 -0.36909 -0.85179 -0.37179 -0.05546 -0.9969 -0.05588 -0.31284 -0.92338 -0.22248 -0.16504 -0.97218 -0.16625 -0.06422 -0.99689 -0.04567 -0.68519 -0.23263 -0.69021 -0.52391 -0.15193 -0.83811 -0.42596 -0.0015 -0.90474 -0.65124 -0.38149 -0.65601 -0.55786 -0.23263 -0.79667 -0.3005 -0.85179 -0.42914 -0.53021 -0.3815 -0.75719 -0.48956 -0.52111 -0.69913 -0.22019 -0.92339 -0.31445 -0.45852 -0.75923 -0.46188 -0.43684 -0.64807 -0.62384 -0.13437 -0.97218 -0.19189 -0.37331 -0.75923 -0.53311 -0.3005 -0.85179 -0.42914 -0.05551 -0.99689 -0.05591 -0.27045 -0.92338 -0.27243 -0.13437 -0.97218 -0.19189 -0.04515 -0.9969 -0.06449 -0.55786 -0.23263 -0.79667 -0.37782 -0.14823 -0.91394 -0.26591 -0.00546 -0.96398 -0.53021 -0.3815 -0.75719 -0.41427 -0.23263 -0.87992 -0.22315 -0.85179 -0.47398 -0.39374 -0.38149 -0.83632 -0.36355 -0.52111 -0.77219 -0.16352 -0.92338 -0.34731 -0.3733 -0.75923 -0.53311 -0.3244 -0.64808 -0.68903 -0.09978 -0.97218 -0.21194 -0.27722 -0.75923 -0.58882 -0.22316 -0.85179 -0.47399 -0.03353 -0.9969 -0.07123 -0.22019 -0.92338 -0.31445 -0.09978 -0.97218 -0.21194 -0.04518 -0.99689 -0.06452 -0.41427 -0.23263 -0.87992 -0.22106 -0.14417 -0.96455 -0.09813 -0.01011 -0.99512 -0.39374 -0.3815 -0.83632 -0.25862 -0.23263 -0.93755 -0.13931 -0.85179 -0.50503 -0.24581 -0.3815 -0.89109 -0.22696 -0.52111 -0.82276 -0.10208 -0.92338 -0.37006 -0.27722 -0.75923 -0.58883 -0.20252 -0.64808 -0.73416 -0.06229 -0.97218 -0.22582 -0.17307 -0.75923 -0.62739 -0.13931 -0.85179 -0.50502 -0.03355 -0.99689 -0.07126 -0.16351 -0.92339 -0.34731 -0.06229 -0.97218 -0.22582 -0.02093 -0.99689 -0.07591 -0.25862 -0.23264 -0.93755 -0.05806 -0.13967 -0.98849 0.0725 -0.01502 -0.99726 -0.24581 -0.38149 -0.89109 -0.09544 -0.23264 -0.96787 -0.05141 -0.85179 -0.52135 -0.09071 -0.38149 -0.91991 -0.08375 -0.52111 -0.84937 -0.03767 -0.92338 -0.38203 -0.17307 -0.75923 -0.62739 -0.07474 -0.64808 -0.7579 -0.02299 -0.97218 -0.23312 -0.06387 -0.75923 -0.64768 -0.05141 -0.85179 -0.52136 -0.02096 -0.99689 -0.07597 -0.10208 -0.92338 -0.37006 -0.02299 -0.97218 -0.23312 -0.00771 -0.99689 -0.07837 -0.09544 -0.23264 -0.96787 0.10681 -0.13468 -0.98512 0.24099 -0.02035 -0.97031 -0.09071 -0.3815 -0.91991 0.07052 -0.23264 -0.97 0.03799 -0.85179 -0.52251 0.06703 -0.3815 -0.92194 0.06188 -0.52111 -0.85125 0.02783 -0.92338 -0.38287 -0.06387 -0.75923 -0.64768 0.05522 -0.64808 -0.75957 0.01699 -0.97218 -0.23364 0.04719 -0.75923 -0.64911 0.03799 -0.85179 -0.5225 -0.00773 -0.99689 -0.07844 -0.03767 -0.92338 -0.38202 0.01699 -0.97217 -0.23364 0.00572 -0.9969 -0.07853 0.07052 -0.23264 -0.97 0.26897 -0.12922 -0.95444 0.40241 -0.0261 -0.91509 0.06702 -0.38149 -0.92194 0.23443 -0.23264 -0.94389 0.18357 -0.64808 -0.73912 0.22281 -0.38149 -0.89712 0.20573 -0.52112 -0.82832 0.09253 -0.92338 -0.37256 0.04719 -0.75923 -0.64911 0.18357 -0.64808 -0.73912 0.05646 -0.97217 -0.22735 0.15687 -0.75923 -0.63163 0.12628 -0.85179 -0.50844 0.01899 -0.9969 -0.0764 0.02783 -0.92338 -0.38287 0.05646 -0.97218 -0.22735 0.00571 -0.99689 -0.07859 0.23443 -0.23263 -0.94389 0.42392 -0.1233 -0.89727 0.79891 -0.04601 -0.59968 0.22281 -0.3815 -0.89711 0.39151 -0.23263 -0.89028 0.30657 -0.64807 -0.69715 0.37211 -0.38149 -0.84617 0.28936 -0.85179 -0.43672 0.15453 -0.92338 -0.3514 0.15687 -0.75923 -0.63163 0.30657 -0.64808 -0.69714 0.0943 -0.97218 -0.21444 0.26199 -0.75923 -0.59576 0.21089 -0.85179 -0.47957 0.01899 -0.99689 -0.07645 0.09253 -0.92338 -0.37256 0.0943 -0.97218 -0.21444 0.0317 -0.9969 -0.07206 0.39151 -0.23264 -0.89028 0.56731 -0.11696 -0.81515 0.47141 -0.52111 -0.71149 0.37211 -0.38149 -0.84617 0.53718 -0.23264 -0.81075 0.42065 -0.64808 -0.63486 0.51057 -0.38149 -0.77058 0.35947 -0.75923 -0.54254 0.47141 -0.52112 -0.71148 0.21203 -0.92338 -0.32001 0.42065 -0.64807 -0.63487 0.12939 -0.97218 -0.19528 0.35947 -0.75923 -0.54253 0.28936 -0.85179 -0.43672 0.0317 -0.99689 -0.07209 0.15453 -0.92338 -0.3514 0.12939 -0.97218 -0.19528 0.0435 -0.9969 -0.06563 0.53718 -0.23264 -0.81075 0.69525 -0.11017 -0.71027 0.52247 -0.64808 -0.55409 0.51057 -0.38149 -0.77057 0.66722 -0.23264 -0.7076 0.44649 -0.75923 -0.47352 0.63415 -0.38149 -0.67254 0.35941 -0.85179 -0.38116 0.58553 -0.52111 -0.62097 0.34173 -0.92338 -0.17489 0.52247 -0.64808 -0.5541 0.16071 -0.97218 -0.17044 0.44649 -0.75923 -0.47351 0.35941 -0.85179 -0.38116 0.05403 -0.99689 -0.05729 0.21203 -0.92338 -0.32001 0.16071 -0.97218 -0.17043 0.04352 -0.99689 -0.06568 0.66722 -0.23264 -0.7076 0.80411 -0.10284 -0.58552 0.68259 -0.52111 -0.51236 0.63415 -0.3815 -0.67254 0.77782 -0.23264 -0.58385 0.60908 -0.64808 -0.45719 0.73928 -0.3815 -0.55492 0.5205 -0.75924 -0.3907 0.68259 -0.5211 -0.51237 0.41898 -0.85179 -0.3145 0.60908 -0.64808 -0.45719 0.30701 -0.92338 -0.23045 0.5205 -0.75923 -0.3907 0.41898 -0.85179 -0.3145 0.05407 -0.99689 -0.05734 0.26335 -0.92338 -0.27929 0.18735 -0.97218 -0.14063 0.06298 -0.9969 -0.04726 0.77782 -0.23264 -0.58385 0.89079 -0.09507 -0.44436 0.82287 -0.38149 -0.42114 0.73928 -0.38149 -0.55492 0.82287 -0.38149 -0.42114 0.75977 -0.52111 -0.38884 0.75977 -0.52111 -0.38884 0.67795 -0.64808 -0.34697 0.67795 -0.64808 -0.34697 0.57935 -0.75923 -0.29651 0.57935 -0.75923 -0.29651 0.46636 -0.85179 -0.23868 0.46636 -0.85179 -0.23868 0.22364 -0.97218 -0.06971 0.06303 -0.99689 -0.04731 0.30701 -0.92338 -0.23045 0.20853 -0.97218 -0.10672 0.07009 -0.9969 -0.03586 0.88891 -0.05361 -0.45494 0.95287 -0.08687 -0.29069 0.81482 -0.52111 -0.25399 0.86576 -0.23264 -0.44309 0.88249 -0.38149 -0.27509 0.72707 -0.64808 -0.22664 0.81482 -0.52111 -0.25399 0.62133 -0.75923 -0.19368 0.72707 -0.64807 -0.22664 0.50015 -0.85179 -0.1559 0.62134 -0.75923 -0.19368 0.36649 -0.92338 -0.11424 0.50015 -0.85179 -0.1559 0.07823 -0.99688 -0.01036 0.36649 -0.92338 -0.11424 0.07014 -0.99689 -0.0359 0.22364 -0.97218 -0.06971 0.07516 -0.9969 -0.02342 0.95287 -0.06182 -0.29702 0.9285 -0.23264 -0.28943 0.91635 -0.38164 -0.12102 0.96419 -0.23264 -0.12734 0.84622 -0.52097 -0.11179 0.91641 -0.38149 -0.12106 0.75492 -0.6482 -0.0997 0.84614 -0.52111 -0.11175 0.64534 -0.75912 -0.08526 0.75502 -0.64808 -0.09975 0.51924 -0.85187 -0.06857 0.64522 -0.75923 -0.08521 0.38072 -0.92332 -0.05031 0.51937 -0.85179 -0.06862 0.23208 -0.97221 -0.03065 0.38057 -0.92338 -0.05026 0.23223 -0.97218 -0.0307 0.0752 -0.99689 -0.02344 0.80927 -0.41483 0.41593 0.13214 -0.70093 0.70088 0.98643 -0.05571 0.15447 0.9969 -0.07855 -0.00326 0.93669 -0.29902 0.18222 0.99479 -0.06632 0.07744 0.78516 -0.23376 0.57348 0.797 -0.19033 0.57321 0.95757 -0.14732 0.24771 0.93958 -0.12708 0.31786 0.90086 -0.1728 0.39824 0.87727 -0.14308 0.45819 0.84923 -0.11637 0.51504 0.77953 -0.33936 0.52647 0.77881 -0.41057 0.47422 0.77988 -0.49463 0.38357 0.4678 -0.84864 0.24694 0.23243 -0.97233 -0.02371 0.36129 -0.92906 0.07942 0.07718 -0.99649 -0.03238 0.76973 -0.1593 0.61817 0.76315 -0.19544 0.61596 0.73599 -0.14995 0.66018 0.73343 -0.18295 0.65469 0.69643 -0.16672 0.69799 0.69657 -0.20221 0.68841 0.6517 -0.20297 0.73082 0.65346 -0.24536 0.71609 0.6022 -0.24976 0.75827 0.60464 -0.30151 0.73723 0.54963 -0.36404 0.75192 0.48735 -0.4302 0.75988 0.54733 -0.30206 0.78051 0.41628 -0.49858 0.76035 0.48595 -0.35781 0.79739 0.33505 -0.56793 0.75179 0.41651 -0.41607 0.80833 0.24154 -0.63616 0.73278 0.33768 -0.47599 0.81203 0.16892 -0.38212 0.90854 0.24728 -0.53603 0.80717 0.16752 -0.23294 0.95795 0.15732 -0.64803 0.74519 0.15492 -0.34788 0.92465 0.14947 -0.47567 0.86683 0.16139 -0.07854 0.98376 0.14169 -0.59438 0.79161 0.1446 -0.75849 0.63544 0.80019 -0.28721 0.5265 0.12734 -0.85083 0.50978 0.1206 -0.79394 0.59592 0.10776 -0.87098 0.47935 0.68976 -0.31797 0.65048 0.09325 -0.93106 0.35276 0.10643 -0.92204 0.37217 0.0809 -0.97133 0.22355 0.08185 -0.97094 0.22488 0.05493 -0.99585 0.07259 0.16104 -0.96586 0.20293 0.73168 -0.31124 0.60644 0.19444 -0.9204 0.33921 0.29704 -0.85074 0.43359 0.20643 -0.8715 0.44483 0.23265 -0.72654 0.64654 0.22101 -0.80525 0.55021 0.26081 -0.33903 0.9039 0.23586 -0.78455 0.57346 0.2508 -0.69119 0.67776 0.25246 -0.20473 0.9457 0.16557 -0.52122 0.83721 0.25995 -0.58461 0.76854 0.15879 -0.07349 0.98457 0.25001 -0.42711 0.86895 0.15815 -0.21263 0.96425 0.24947 -0.31169 0.91685 0.23849 -0.06681 0.96884 0.19041 -0.92322 0.33377 0.25997 -0.91365 0.31251 0.38931 -0.7679 0.5087 0.21572 -0.86223 0.45828 0.30698 -0.7982 0.51831 0.32896 -0.65308 0.68211 0.31964 -0.73003 0.60406 0.34181 -0.29781 0.89133 0.32969 -0.7121 0.61985 0.34183 -0.62119 0.70518 0.3297 -0.17831 0.92709 0.26335 -0.46621 0.84457 0.34789 -0.52097 0.77947 0.2388 -0.06736 0.96873 0.33697 -0.37795 0.86233 0.24576 -0.19094 0.95034 0.3328 -0.27539 0.90189 0.31184 -0.05637 0.94846 0.28835 -0.85938 0.42228 0.3517 -0.84472 0.40344 0.4715 -0.67597 0.56634 0.31185 -0.79177 0.52522 0.39649 -0.71549 0.57521 0.41282 -0.57652 0.70513 0.40625 -0.64898 0.64327 0.41457 -0.25859 0.8725 0.41202 -0.63612 0.65238 0.42125 -0.5503 0.72092 0.40099 -0.15357 0.90312 0.3479 -0.41242 0.84195 0.42474 -0.45815 0.78083 0.3144 -0.06088 0.94734 0.4136 -0.32949 0.84875 0.32527 -0.16914 0.93037 0.40751 -0.23989 0.88113 0.38198 -0.04699 0.92297 0.377 -0.78395 0.49325 0.43566 -0.76332 0.47702 0.54329 -0.57912 0.60783 0.39725 -0.71421 0.57628 0.47525 -0.62774 0.6165 0.48601 -0.49968 0.71702 0.482 -0.56562 0.66915 0.48061 -0.22152 0.8485 0.48455 -0.55858 0.6732 0.49109 -0.47984 0.72704 0.46718 -0.1305 0.87448 0.42251 -0.36039 0.83162 0.4926 -0.39699 0.77443 0.38606 -0.05434 0.92087 0.48188 -0.2828 0.82935 0.39831 -0.14782 0.90526 0.47514 -0.20586 0.85549 0.44896 -0.03853 0.89272 0.45672 -0.70047 0.54841 0.51038 -0.67442 0.53355 0.60422 -0.48285 0.63386 0.47308 -0.63228 0.61353 0.54384 -0.53803 0.64402 0.54981 -0.42425 0.71953 0.54789 -0.48229 0.68352 0.54068 -0.187 0.82018 0.54801 -0.4819 0.68371 0.55238 -0.41153 0.72493 0.52857 -0.10922 0.84183 0.4891 -0.31053 0.81508 0.55261 -0.33866 0.76153 0.46578 -0.1273 0.8757 0.54296 -0.23846 0.80519 0.53652 -0.17369 0.82582 0.51249 -0.03093 0.85813 0.45385 -0.04782 0.88979 0.52701 -0.61293 0.58871 0.57561 -0.58181 0.5746 0.65344 -0.39679 0.64465 0.53955 -0.54913 0.63824 0.60282 -0.4499 0.65894 0.60556 -0.35224 0.7136 0.60496 -0.40173 0.68748 0.59592 -0.15509 0.78793 0.60362 -0.40745 0.68529 0.60651 -0.34627 0.71571 0.586 -0.08974 0.80533 0.5487 -0.26358 0.79338 0.60619 -0.28365 0.74302 0.51759 -0.0415 0.85462 0.59827 -0.19709 0.77667 0.52805 -0.10789 0.84233 0.59286 -0.14369 0.79238 0.57297 -0.02415 0.81922 0.58828 -0.52418 0.61576 0.63096 -0.48996 0.60152 0.69073 -0.33407 0.64132 0.59755 -0.46681 0.65194 0.65242 -0.36891 0.662 0.65417 -0.28722 0.69969 0.65383 -0.32842 0.68165 0.64714 -0.1263 0.75184 0.65213 -0.33737 0.6789 0.65438 -0.28562 0.70015 0.64008 -0.07238 0.76489 0.60265 -0.21979 0.76714 0.65429 -0.2331 0.71942 0.58599 -0.08971 0.80533 0.6489 -0.16003 0.74385 0.64509 -0.11671 0.75514 0.63072 -0.01835 0.77579 0.5777 -0.03535 0.81549 0.64071 -0.43782 0.63072 0.67606 -0.40565 0.61514 0.71536 -0.31153 0.62547 0.64758 -0.38813 0.65574 0.69216 -0.30669 0.65334 0.69591 -0.23735 0.67777 0.69444 -0.27223 0.66607 0.69481 -0.1022 0.71189 0.69387 -0.27567 0.66524 0.69644 -0.23285 0.67879 0.69116 -0.05825 0.72035 0.65188 -0.17994 0.73666 0.69746 -0.18963 0.69108 0.69379 -0.09507 0.71387 0.6955 -0.13099 0.70649 0.68594 -0.01422 0.72752 0.63448 -0.02926 0.77238 0.64028 -0.07311 0.76465 0.68411 -0.3597 0.63452 0.70995 -0.34025 0.6166 0.72616 -0.33897 0.59816 0.72374 -0.26656 0.63651 0.7209 -0.28056 0.63371 0.73006 -0.21571 0.64845 0.72588 -0.24827 0.64145 0.73884 -0.08633 0.66832 0.7288 -0.23099 0.64458 0.73284 -0.19518 0.6518 0.73879 -0.04972 0.6721 0.69691 -0.14603 0.70213 0.73587 -0.15908 0.65817 0.68804 -0.02279 0.72532 0.73775 -0.11677 0.6649 0.69129 -0.05895 0.72017 0.73869 -0.08353 0.66885 0.73771 -0.01314 0.67499 0.71768 -0.30176 0.62759 0.73922 -0.33444 0.58455 0.72253 -0.40398 0.56103 0.74978 -0.24828 0.61335 0.73732 -0.30215 0.60421 0.75554 -0.23132 0.6129 0.74693 -0.26692 0.60898 0.77994 -0.08352 0.62026 0.75756 -0.21572 0.61609 0.76447 -0.18295 0.61816 0.78332 -0.05013 0.6196 0.73787 -0.12277 0.66368 0.77051 -0.14994 0.61954 0.73816 -0.01675 0.67442 0.7753 -0.12294 0.61952 0.73883 -0.05014 0.67203 0.77982 -0.08645 0.62 0.7858 -0.01674 0.61826 0.74114 -0.28056 0.60992 0.73164 -0.40081 0.55142 0.7045 -0.48846 0.51486 0.76668 -0.27152 0.58178 0.74074 -0.36124 0.5664 0.77181 -0.27684 0.57243 0.757 -0.31934 0.57007 0.81688 -0.09509 0.56892 0.77906 -0.2368 0.5805 0.79029 -0.20177 0.57856 0.82333 -0.05913 0.56447 0.77567 -0.11677 0.62025 0.80034 -0.16643 0.57598 0.78332 -0.04981 0.61962 0.80733 -0.14652 0.57161 0.81614 -0.10248 0.5687 0.82857 -0.02309 0.55941 0.78577 -0.01312 0.61838 0.75317 -0.30585 0.5824 0.70941 -0.4871 0.50938 0.67132 -0.58118 0.45995 0.77352 -0.32628 0.54333 0.73142 -0.44056 0.52051 0.79309 -0.42015 0.441 0.75659 -0.39052 0.52447 0.8185 -0.2343 0.52456 0.79228 -0.28543 0.53928 0.80927 -0.24389 0.53441 0.85879 -0.07314 0.50708 0.80921 -0.13085 0.57276 0.82444 -0.20185 0.52873 0.84788 -0.1267 0.51482 0.83441 -0.18072 0.52067 0.86644 -0.02971 0.4984 0.82911 -0.01404 0.55891 0.8234 -0.05828 0.56446 0.75302 -0.3664 0.54654 0.67184 -0.58111 0.45927 0.6217 -0.6753 0.39682 0.77007 -0.39804 0.49855 0.70923 -0.52844 0.46664 0.80849 -0.34877 0.47403 0.74569 -0.47052 0.47176 0.83454 -0.28556 0.47117 0.79707 -0.34914 0.49273 0.82136 -0.29901 0.48575 0.89006 -0.08975 0.44691 0.83777 -0.1593 0.52227 0.84286 -0.24787 0.47764 0.86735 -0.01793 0.49737 0.8569 -0.22105 0.46568 0.85887 -0.07236 0.50705 0.87542 -0.15575 0.45758 0.89987 -0.03606 0.43468 0.74044 -0.4456 0.50318 0.61837 -0.6752 0.40214 0.55421 -0.76602 0.32568 0.75597 -0.47742 0.44786 0.67326 -0.61845 0.40526 0.82631 -0.36071 0.43256 0.72337 -0.55394 0.41216 0.8554 -0.29954 0.42257 0.76878 -0.48597 0.41571 0.88031 -0.23674 0.41111 0.91701 -0.10784 0.38401 0.86152 -0.19582 0.46844 0.84451 -0.34115 0.41282 0.90073 -0.02359 0.43374 0.87432 -0.2653 0.40642 0.89006 -0.08978 0.44691 0.89847 -0.18792 0.39678 0.92866 -0.04231 0.36852 0.71506 -0.53236 0.45309 0.54807 -0.76483 0.3386 0.36041 -0.9189 0.16038 0.82372 -0.4261 0.37406 0.62232 -0.70684 0.3363 0.86181 -0.35463 0.36265 0.68845 -0.63787 0.34519 0.89397 -0.2806 0.34941 0.74835 -0.56334 0.35017 0.96913 -0.1785 0.17009 0.80164 -0.4837 0.35129 0.91993 -0.20463 0.33445 0.8477 -0.39993 0.34851 0.9293 -0.0303 0.36809 0.88623 -0.31258 0.3419 0.91685 -0.10937 0.38397 0.91679 -0.22265 0.33154 0.95277 -0.0486 0.29978 0.67628 -0.62081 0.39654 0.45958 -0.84627 0.26947 0.75645 -0.57066 0.31959 0.73066 -0.55963 0.39109 0.55427 -0.79099 0.25906 0.81278 -0.49374 0.30921 0.63888 -0.72045 0.26978 0.8614 -0.41228 0.29669 0.71568 -0.64147 0.27626 0.90199 -0.32679 0.28217 0.78404 -0.55467 0.27861 0.93412 -0.23827 0.26581 0.84287 -0.46152 0.27669 0.93919 -0.13075 0.31753 0.89171 -0.36275 0.27067 0.92979 -0.25997 0.26058 0.97208 -0.055 0.22812 0.95317 -0.03794 0.30003 0.62304 -0.7075 0.33355 0.35215 -0.91525 0.19571 0.72104 -0.64721 0.24743 0.69308 -0.64205 0.32775 0.46799 -0.86662 0.17308 0.79194 -0.56311 0.23609 0.57324 -0.79832 0.18462 0.85288 -0.47219 0.22276 0.66928 -0.71775 0.19211 0.90339 -0.3752 0.20763 0.75505 -0.62579 0.19568 0.94268 -0.2737 0.19091 0.8288 -0.52442 0.19513 0.97045 -0.16852 0.17274 0.88976 -0.41472 0.19064 0.98626 -0.06137 0.15337 0.97233 -0.04652 0.22895 0.95681 -0.15398 0.2466 0.55343 -0.79008 0.26359 0.2257 -0.96694 0.11873 0.48866 -0.86777 0.09048 0.64132 -0.72306 0.25668 0.57381 -0.79909 0.17945 0.60589 -0.78947 0.0982 0.67184 -0.72123 0.16868 0.71138 -0.69524 0.10283 0.75936 -0.63163 0.15626 0.80239 -0.58767 0.104 0.83457 -0.53221 0.14232 0.87771 -0.46822 0.10199 0.89667 -0.42404 0.12719 0.93541 -0.34008 0.09671 0.9444 -0.30945 0.11113 0.97477 -0.20493 0.08846 0.97732 -0.18959 0.09437 0.99476 -0.067 0.07723 0.23093 -0.97062 0.06755 0.46633 -0.86435 0.18821 0.38251 -0.92382 -0.0158 0.36039 -0.92665 0.10698 0.52242 -0.85264 -0.00953 0.48853 -0.86742 0.09444 0.64984 -0.76006 -0.00448 0.60648 -0.79098 0.08083 0.76061 -0.6492 -0.00126 0.71264 -0.69836 0.06667 0.85298 -0.52195 0.0005 0.80418 -0.59209 0.05217 0.92396 -0.38248 0.00056 0.87991 -0.47363 0.03785 0.97246 -0.23306 -0.00071 0.93787 -0.34615 0.02404 0.97735 -0.21134 0.01113 0.99735 -0.07276 -0.00058 -0.06007 -0.70583 0.70583 -0.29178 -0.70583 0.6455 -0.56954 -0.70583 0.42123 -0.39668 -0.70583 0.5869 -0.70264 -0.70583 0.08998 -0.63253 -0.70583 0.31892 -0.6573 -0.70583 -0.26412 -0.70774 -0.70583 -0.03006 -0.44502 -0.70583 -0.55115 -0.60321 -0.70583 -0.37141 -0.11972 -0.70583 -0.69819 -0.34548 -0.70583 -0.61843 0.23599 -0.70583 -0.66792 0 -0.70583 -0.70838 0.53176 -0.70583 -0.46801 0.34547 -0.70583 -0.61843 0.69248 -0.70583 -0.14924 0.60321 -0.70583 -0.37141 0.70264 -0.70583 0.08998 0.70774 -0.70583 -0.03006 0.67733 -0.70583 0.20743 0.70264 -0.70583 0.08998 0.63253 -0.70583 0.31892 0.67733 -0.70583 0.20743 0.56954 -0.70583 0.42123 0.63253 -0.70583 0.31892 0.49016 -0.70583 0.51142 0.56954 -0.70583 0.42123 0.39668 -0.70583 0.5869 0.49016 -0.70583 0.51142 0.29178 -0.70583 0.6455 0.39668 -0.70583 0.5869 0.1785 -0.70583 0.68552 0.29178 -0.70583 0.6455 0.06007 -0.70583 0.70583 0.1785 -0.70583 0.68552 0.06007 -0.70583 0.70583 0.70774 -0.70583 -0.03006 0.6573 -0.70583 -0.26413 0.69248 -0.70583 -0.14924 0.6573 -0.70583 -0.26412 0.44502 -0.70583 -0.55115 0.53176 -0.70583 -0.46801 0.34547 -0.70583 -0.61843 0.44502 -0.70583 -0.55115 0.11972 -0.70583 -0.69819 0.23599 -0.70583 -0.66792 0.11972 -0.70583 -0.69819 -0.23599 -0.70583 -0.66792 -0.11972 -0.70583 -0.69819 -0.34547 -0.70583 -0.61843 -0.23599 -0.70583 -0.66792 -0.53176 -0.70583 -0.46801 -0.44502 -0.70583 -0.55115 -0.60321 -0.70583 -0.37141 -0.53176 -0.70583 -0.46801 -0.69248 -0.70583 -0.14924 -0.6573 -0.70583 -0.26412 -0.70774 -0.70583 -0.03006 -0.69248 -0.70583 -0.14924 -0.67733 -0.70583 0.20743 -0.70264 -0.70583 0.08998 -0.63253 -0.70583 0.31892 -0.67733 -0.70583 0.20743 -0.49016 -0.70583 0.51142 -0.56954 -0.70583 0.42123 -0.39668 -0.70583 0.5869 -0.49016 -0.70583 0.51142 -0.1785 -0.70583 0.68552 -0.29178 -0.70583 0.6455 -0.06007 -0.70583 0.70583 -0.1785 -0.70583 0.68552 -0.06008 -0.70583 0.70583 -0.29178 -0.70583 0.6455 -0.56954 -0.70583 0.42123 -0.39668 -0.70583 0.5869 -0.70264 -0.70583 0.08998 -0.63253 -0.70583 0.31892 -0.6573 -0.70583 -0.26412 -0.70774 -0.70583 -0.03006 -0.44502 -0.70583 -0.55115 -0.60321 -0.70583 -0.37141 -0.11972 -0.70583 -0.69819 -0.34547 -0.70583 -0.61843 0.23599 -0.70583 -0.66792 0 -0.70583 -0.70838 0.53176 -0.70583 -0.46801 0.34547 -0.70583 -0.61843 0.69248 -0.70583 -0.14924 0.60321 -0.70583 -0.37141 0.70264 -0.70583 0.08998 0.70774 -0.70583 -0.03006 0.67733 -0.70583 0.20743 0.70264 -0.70583 0.08998 0.63253 -0.70583 0.31892 0.67733 -0.70583 0.20743 0.56954 -0.70583 0.42123 0.63253 -0.70583 0.31892 0.49016 -0.70583 0.51142 0.56954 -0.70583 0.42123 0.39667 -0.70583 0.5869 0.49016 -0.70583 0.51142 0.29178 -0.70583 0.6455 0.39668 -0.70583 0.5869 0.1785 -0.70583 0.68552 0.29178 -0.70583 0.6455 0.06007 -0.70583 0.70583 0.17849 -0.70583 0.68552 0.06008 -0.70583 0.70583 0.70774 -0.70583 -0.03006 0.6573 -0.70583 -0.26412 0.69248 -0.70583 -0.14924 0.60321 -0.70583 -0.37141 0.6573 -0.70583 -0.26412 0.44502 -0.70583 -0.55115 0.53176 -0.70583 -0.46801 0.44502 -0.70583 -0.55115 0.11972 -0.70583 -0.69819 0.23599 -0.70583 -0.66792 0.11972 -0.70583 -0.69819 -0.23599 -0.70583 -0.66792 -0.11972 -0.70583 -0.69819 -0.34547 -0.70583 -0.61843 -0.53176 -0.70583 -0.46801 -0.44502 -0.70583 -0.55115 -0.60321 -0.70583 -0.37141 -0.53176 -0.70583 -0.46801 -0.69248 -0.70583 -0.14924 -0.6573 -0.70583 -0.26412 -0.70774 -0.70583 -0.03006 -0.67733 -0.70583 0.20743 -0.70264 -0.70583 0.08998 -0.63253 -0.70583 0.31892 -0.67733 -0.70583 0.20743 -0.49016 -0.70583 0.51142 -0.56954 -0.70583 0.42123 -0.39667 -0.70583 0.5869 -0.49016 -0.70583 0.51142 -0.1785 -0.70583 0.68553 -0.29178 -0.70583 0.6455 -0.06007 -0.70583 0.70583 -0.1785 -0.70583 0.68552 -0.29178 -0.70583 0.6455 -0.56954 -0.70583 0.42123 -0.39668 -0.70583 0.5869 -0.70264 -0.70583 0.08998 -0.63253 -0.70583 0.31892 -0.6573 -0.70583 -0.26412 -0.70774 -0.70583 -0.03006 -0.60321 -0.70583 -0.37141 -0.11972 -0.70583 -0.69819 0.23599 -0.70583 -0.66792 0.69248 -0.70583 -0.14924 0.60321 -0.70583 -0.37141 0.70264 -0.70583 0.08998 0.70774 -0.70583 -0.03006 0.67733 -0.70583 0.20743 0.70264 -0.70583 0.08998 0.67733 -0.70583 0.20743 0.56954 -0.70583 0.42123 0.63253 -0.70583 0.31892 0.49016 -0.70583 0.51142 0.56954 -0.70583 0.42123 0.49016 -0.70583 0.51142 0.29178 -0.70583 0.6455 0.39668 -0.70583 0.5869 0.1785 -0.70583 0.68552 0.29178 -0.70583 0.6455 0.70774 -0.70583 -0.03006 0.6573 -0.70583 -0.26412 0.69248 -0.70583 -0.14924 0.6573 -0.70583 -0.26412 0.11972 -0.70583 -0.69819 0.23599 -0.70583 -0.66792 0.11972 -0.70583 -0.69819 -0.23599 -0.70583 -0.66792 -0.11972 -0.70583 -0.69819 -0.23599 -0.70583 -0.66792 -0.60321 -0.70583 -0.37141 -0.69248 -0.70583 -0.14924 -0.6573 -0.70583 -0.26412 -0.70774 -0.70583 -0.03006 -0.69248 -0.70583 -0.14924 -0.67733 -0.70583 0.20743 -0.70264 -0.70583 0.08998 -0.63253 -0.70583 0.31892 -0.67733 -0.70583 0.20743 -0.49016 -0.70583 0.51142 -0.56954 -0.70583 0.42123 -0.39667 -0.70583 0.5869 -0.49016 -0.70583 0.51142 -0.1785 -0.70583 0.68553 -0.29178 -0.70583 0.6455 -0.1785 -0.70583 0.68552 -0.29178 -0.70583 0.6455 -0.56954 -0.70583 0.42123 -0.39668 -0.70583 0.5869 -0.70264 -0.70583 0.08998 -0.63253 -0.70583 0.31892 -0.6573 -0.70583 -0.26412 -0.70774 -0.70583 -0.03006 -0.60321 -0.70583 -0.37141 -0.11972 -0.70583 -0.69819 0.23599 -0.70583 -0.66792 0.69248 -0.70583 -0.14924 0.60321 -0.70583 -0.37141 0.70264 -0.70583 0.08998 0.70774 -0.70583 -0.03006 0.67733 -0.70583 0.20743 0.70264 -0.70583 0.08998 0.67733 -0.70583 0.20743 0.56954 -0.70583 0.42123 0.63253 -0.70583 0.31892 0.49016 -0.70583 0.51142 0.56954 -0.70583 0.42123 0.49016 -0.70583 0.51142 0.29178 -0.70583 0.6455 0.39668 -0.70583 0.5869 0.1785 -0.70583 0.68552 0.29178 -0.70583 0.6455 0.70774 -0.70583 -0.03006 0.6573 -0.70583 -0.26412 0.69248 -0.70583 -0.14924 0.6573 -0.70583 -0.26412 0.11972 -0.70583 -0.69819 0.23599 -0.70583 -0.66792 0.11972 -0.70583 -0.69819 -0.23599 -0.70583 -0.66792 -0.11972 -0.70583 -0.69819 -0.69248 -0.70583 -0.14924 -0.6573 -0.70583 -0.26412 -0.70774 -0.70583 -0.03006 -0.67733 -0.70583 0.20743 -0.70264 -0.70583 0.08998 -0.63253 -0.70583 0.31892 -0.67733 -0.70583 0.20743 -0.49016 -0.70583 0.51142 -0.56954 -0.70583 0.42123 -0.39668 -0.70583 0.5869 -0.49016 -0.70583 0.51142 -0.1785 -0.70583 0.68552 -0.29178 -0.70583 0.6455 -0.1785 -0.70583 0.68552</float_array>
          <technique_common>
            <accessor source="#norm_0-array" count="19989" stride="3">
              <param name="X" type="float"/>
              <param name="Y" type="float"/>
              <param name="Z" type="float"/>
            </accessor>
          </technique_common>
        </source>
        <vertices id="vert_0">
          <input semantic="POSITION" source="#pos_0"/>
        </vertices>
        <triangles count="11020" material="mat_0">
          <input semantic="VERTEX" source="#vert_0" offset="0"/>
          <input semantic="NORMAL" source="#norm_0" offset="1"/>
          <p>0 0 1 0 2 0 3 0 4 0 5 0 6 0 7 0 0 0 6 0 0 0 2 0 8 0 0 0 9 0 7 0 9 0 0 0 10 0 5 0 4 0 3 0 11 0 4 0 12 0 13 0 5 0 12 0 5 0 10 0 13 0 14 0 5 0 15 0 11 0 3 0 5 0 0 0 3 0 16 0 17 0 18 0 3 0 0 0 8 0 19 0 16 0 18 0 20 0 19 0 18 0 20 0 18 0 21 0 21 0 8 0 22 0 21 0 22 0 23 0 24 0 20 0 21 0 21 0 25 0 24 0 26 0 8 0 9 0 15 0 3 0 17 0 22 0 8 0 27 0 26 0 27 0 8 0 23 0 25 0 21 0 18 0 17 0 3 0 28 1 29 1 30 1 31 1 32 1 33 1 34 1 35 1 36 1 37 1 33 1 38 1 31 1 39 1 32 1 32 1 38 1 33 1 40 1 41 1 42 1 42 1 37 1 43 1 44 1 45 1 46 1 44 1 41 1 40 1 36 1 47 1 48 1 48 1 49 1 45 1 50 1 51 1 52 1 53 1 34 1 52 1 54 1 55 1 56 1 57 1 50 1 56 1 58 1 59 1 60 1 61 1 54 1 60 1 59 1 58 1 62 1 63 1 64 1 65 1 63 1 62 1 58 1 66 1 67 1 68 1 66 1 69 1 64 1 70 1 71 1 72 1 70 1 73 1 67 1 28 1 74 1 71 1 75 1 76 1 77 1 78 1 29 1 77 1 76 1 75 1 79 1 79 1 75 1 80 1 81 1 82 1 83 1 81 1 84 1 80 1 85 1 86 1 87 1 85 1 88 1 82 1 89 1 90 1 91 1 89 1 92 1 86 1 93 1 94 1 95 1 94 1 93 1 90 1 94 1 96 1 95 1 97 1 39 1 98 1 91 1 92 1 89 1 93 1 91 1 90 1 92 1 87 1 86 1 87 1 88 1 85 1 88 1 83 1 82 1 83 1 84 1 81 1 84 1 79 1 80 1 77 1 76 1 78 1 30 1 29 1 78 1 30 1 74 1 28 1 74 1 72 1 71 1 72 1 73 1 70 1 73 1 68 1 67 1 68 1 69 1 66 1 69 1 65 1 64 1 65 1 62 1 63 1 59 1 61 1 60 1 55 1 54 1 61 1 55 1 57 1 56 1 57 1 51 1 50 1 51 1 53 1 52 1 53 1 35 1 34 1 35 1 47 1 36 1 47 1 49 1 48 1 49 1 46 1 45 1 46 1 41 1 44 1 43 1 40 1 42 1 37 1 38 1 43 1 31 1 98 1 39 1 97 1 98 1 99 1 99 1 100 1 97 1 101 2 92 2 91 2 102 3 103 3 93 3 88 4 104 4 83 4 105 5 87 5 106 5 107 6 76 6 79 6 108 7 84 7 109 7 74 8 30 8 110 8 78 9 111 9 112 9 113 10 73 10 72 10 114 11 72 11 74 11 115 12 116 12 62 12 117 13 68 13 73 13 68 14 118 14 69 14 62 15 65 15 115 15 69 16 118 16 119 16 115 17 65 17 119 17 120 18 59 18 116 18 68 19 117 19 121 19 57 20 122 20 123 20 120 21 61 21 59 21 124 22 49 22 47 22 125 23 35 23 126 23 49 24 127 24 46 24 127 25 49 25 124 25 41 26 46 26 128 26 127 27 128 27 46 27 129 28 42 28 41 28 41 29 128 29 129 29 42 30 130 30 37 30 130 31 42 31 129 31 33 32 37 32 131 32 130 33 131 33 37 33 132 34 31 34 33 34 33 35 131 35 132 35 31 36 133 36 98 36 133 37 31 37 132 37 99 38 98 38 134 38 133 39 134 39 98 39 35 40 125 40 47 40 99 41 134 41 135 41 125 42 124 42 47 42 53 43 136 43 126 43 53 44 126 44 35 44 123 45 136 45 51 45 53 46 51 46 136 46 122 47 57 47 55 47 123 48 51 48 57 48 55 49 61 49 137 49 137 50 122 50 55 50 116 51 59 51 62 51 61 52 120 52 137 52 68 53 121 53 118 53 69 54 119 54 65 54 113 55 138 55 73 55 117 56 73 56 138 56 72 57 114 57 139 57 139 58 113 58 72 58 140 59 74 59 110 59 74 60 140 60 114 60 112 61 30 61 78 61 110 62 30 62 112 62 107 63 111 63 76 63 111 64 78 64 76 64 84 65 108 65 79 65 108 66 107 66 79 66 83 67 104 67 109 67 83 68 109 68 84 68 88 69 87 69 105 69 88 70 105 70 104 70 106 71 92 71 101 71 87 72 92 72 106 72 103 73 91 73 93 73 101 74 91 74 103 74 102 75 93 75 95 75 43 76 141 76 142 76 143 77 38 77 32 77 144 78 145 78 45 78 44 79 40 79 146 79 34 80 147 80 148 80 36 81 48 81 149 81 150 82 56 82 151 82 152 83 50 83 52 83 153 84 154 84 58 84 54 85 155 85 60 85 66 86 156 86 157 86 64 87 63 87 158 87 159 88 71 88 160 88 161 89 70 89 67 89 162 90 163 90 77 90 28 91 164 91 29 91 81 92 165 92 166 92 80 93 75 93 167 93 86 94 85 94 168 94 169 95 85 95 82 95 89 96 170 96 171 96 170 97 89 97 86 97 172 98 173 98 174 98 171 99 90 99 89 99 175 100 173 100 172 100 90 101 171 101 176 101 177 102 173 102 175 102 176 103 94 103 90 103 177 104 175 104 178 104 94 105 176 105 179 105 177 106 178 106 179 106 179 107 96 107 94 107 168 108 170 108 86 108 179 109 178 109 96 109 174 110 180 110 97 110 100 111 172 111 174 111 39 112 180 112 143 112 82 113 166 113 169 113 100 114 174 114 97 114 39 115 143 115 32 115 180 116 39 116 97 116 85 117 169 117 168 117 80 118 165 118 81 118 81 119 166 119 82 119 163 120 167 120 75 120 167 121 165 121 80 121 162 122 77 122 29 122 163 123 75 123 77 123 164 124 28 124 159 124 162 125 29 125 164 125 71 126 70 126 160 126 28 127 71 127 159 127 67 128 157 128 161 128 70 129 161 129 160 129 64 130 156 130 66 130 66 131 157 131 67 131 154 132 158 132 63 132 158 133 156 133 64 133 153 134 58 134 60 134 154 135 63 135 58 135 155 136 54 136 150 136 153 137 60 137 155 137 56 138 50 138 151 138 54 139 56 139 150 139 52 140 148 140 152 140 50 141 152 141 151 141 36 142 147 142 34 142 34 143 148 143 52 143 145 144 149 144 48 144 149 145 147 145 36 145 144 146 45 146 44 146 145 147 48 147 45 147 146 148 40 148 142 148 144 149 44 149 146 149 43 150 38 150 141 150 40 151 43 151 142 151 143 152 141 152 38 152 181 1 182 1 183 1 184 1 185 1 186 1 187 1 188 1 189 1 190 1 191 1 192 1 193 1 194 1 195 1 196 1 197 1 198 1 199 1 200 1 201 1 202 1 203 1 204 1 198 1 205 1 206 1 207 1 208 1 209 1 210 1 211 1 212 1 213 1 214 1 215 1 209 1 216 1 217 1 212 1 218 1 219 1 220 1 221 1 222 1 175 1 223 1 178 1 172 1 224 1 175 1 225 1 226 1 227 1 175 1 224 1 223 1 228 1 229 1 230 1 231 1 226 1 225 1 232 1 233 1 234 1 235 1 236 1 237 1 238 1 185 1 211 1 187 1 239 1 240 1 241 1 242 1 243 1 244 1 245 1 246 1 247 1 248 1 249 1 250 1 251 1 252 1 240 1 253 1 252 1 254 1 255 1 256 1 251 1 250 1 256 1 256 1 255 1 251 1 257 1 254 1 258 1 254 1 257 1 255 1 259 1 260 1 257 1 259 1 257 1 258 1 259 1 261 1 260 1 252 1 251 1 240 1 246 1 262 1 263 1 264 1 265 1 266 1 267 1 268 1 269 1 270 1 271 1 248 1 272 1 273 1 274 1 275 1 276 1 277 1 278 1 279 1 234 1 280 1 281 1 282 1 282 1 248 1 269 1 218 1 212 1 211 1 276 1 272 1 283 1 284 1 285 1 286 1 287 1 288 1 289 1 290 1 291 1 292 1 290 1 293 1 294 1 295 1 296 1 297 1 209 1 298 1 284 1 209 1 208 1 298 1 299 1 300 1 301 1 284 1 302 1 285 1 301 1 300 1 224 1 293 1 303 1 304 1 305 1 223 1 306 1 307 1 223 1 308 1 309 1 310 1 311 1 190 1 199 1 312 1 313 1 197 1 196 1 205 1 305 1 314 1 190 1 192 1 199 1 191 1 315 1 192 1 316 1 317 1 191 1 315 1 191 1 317 1 316 1 194 1 193 1 193 1 317 1 316 1 182 1 181 1 194 1 181 1 195 1 194 1 299 1 301 1 318 1 319 1 320 1 321 1 210 1 212 1 322 1 224 1 308 1 223 1 323 1 306 1 223 1 307 1 323 1 223 1 324 1 314 1 305 1 306 1 324 1 305 1 314 1 206 1 205 1 325 1 326 1 200 1 198 1 197 1 205 1 197 1 327 1 325 1 327 1 197 1 313 1 327 1 326 1 325 1 199 1 201 1 312 1 200 1 199 1 325 1 204 1 203 1 190 1 204 1 190 1 312 1 311 1 310 1 203 1 311 1 203 1 202 1 319 1 321 1 310 1 319 1 310 1 309 1 321 1 328 1 329 1 328 1 321 1 330 1 330 1 321 1 320 1 331 1 332 1 329 1 331 1 329 1 328 1 333 1 332 1 334 1 332 1 333 1 329 1 293 1 333 1 335 1 334 1 335 1 333 1 336 1 293 1 337 1 293 1 335 1 337 1 303 1 293 1 338 1 293 1 336 1 338 1 339 1 340 1 341 1 342 1 343 1 344 1 345 1 340 1 346 1 300 1 347 1 224 1 348 1 349 1 350 1 351 1 352 1 253 1 353 1 267 1 354 1 354 1 267 1 355 1 248 1 356 1 249 1 268 1 267 1 353 1 357 1 270 1 248 1 247 1 357 1 248 1 271 1 263 1 262 1 271 1 262 1 248 1 246 1 245 1 262 1 187 1 358 1 188 1 265 1 264 1 245 1 265 1 245 1 244 1 359 1 360 1 264 1 359 1 264 1 266 1 358 1 360 1 361 1 360 1 358 1 264 1 361 1 188 1 358 1 187 1 189 1 239 1 351 1 253 1 240 1 351 1 240 1 239 1 362 1 363 1 364 1 363 1 362 1 253 1 363 1 253 1 352 1 362 1 365 1 242 1 365 1 362 1 364 1 241 1 348 1 242 1 365 1 243 1 242 1 348 1 366 1 349 1 241 1 366 1 348 1 350 1 235 1 348 1 235 1 367 1 236 1 350 1 367 1 235 1 236 1 368 1 237 1 277 1 237 1 275 1 368 1 275 1 237 1 369 1 370 1 273 1 371 1 372 1 267 1 279 1 371 1 267 1 372 1 355 1 267 1 373 1 211 1 374 1 219 1 218 1 375 1 231 1 376 1 377 1 225 1 376 1 231 1 228 1 377 1 229 1 231 1 377 1 228 1 234 1 228 1 378 1 230 1 378 1 228 1 234 1 378 1 232 1 233 1 278 1 234 1 279 1 379 1 371 1 278 1 379 1 279 1 356 1 282 1 281 1 269 1 248 1 267 1 356 1 248 1 282 1 380 1 281 1 280 1 184 1 381 1 382 1 380 1 383 1 369 1 383 1 380 1 280 1 370 1 274 1 273 1 383 1 370 1 369 1 276 1 283 1 277 1 283 1 272 1 274 1 283 1 384 1 385 1 385 1 277 1 283 1 386 1 384 1 387 1 384 1 386 1 385 1 322 1 387 1 210 1 386 1 387 1 322 1 211 1 210 1 374 1 373 1 238 1 211 1 238 1 186 1 185 1 186 1 381 1 184 1 388 1 382 1 389 1 382 1 388 1 184 1 221 1 220 1 389 1 388 1 389 1 220 1 220 1 222 1 226 1 227 1 226 1 390 1 226 1 222 1 390 1 224 1 347 1 308 1 302 1 284 1 298 1 391 1 392 1 393 1 394 1 289 1 286 1 286 1 285 1 394 1 375 1 218 1 395 1 287 1 289 1 394 1 396 1 288 1 395 1 288 1 396 1 289 1 396 1 395 1 218 1 299 1 318 1 212 1 318 1 322 1 212 1 342 1 344 1 347 1 308 1 347 1 344 1 343 1 342 1 397 1 397 1 345 1 346 1 346 1 343 1 397 1 341 1 340 1 345 1 398 1 339 1 341 1 293 1 304 1 398 1 398 1 304 1 339 1 293 1 398 1 294 1 399 1 290 1 400 1 290 1 294 1 400 1 290 1 401 1 291 1 290 1 399 1 401 1 213 1 290 1 402 1 292 1 402 1 290 1 213 1 402 1 214 1 391 1 215 1 392 1 213 1 215 1 391 1 295 1 391 1 403 1 393 1 403 1 391 1 297 1 404 1 295 1 295 1 403 1 296 1 405 1 216 1 404 1 295 1 404 1 216 1 209 1 217 1 207 1 216 1 405 1 217 1 406 1 407 1 408 1 409 1 406 1 410 1 406 1 409 1 407 1 411 153 412 153 413 153 414 154 415 154 416 154 412 155 417 155 413 155 412 156 418 156 417 156 411 157 413 157 416 157 411 158 416 158 415 158 419 159 420 159 421 159 422 160 423 160 424 160 425 161 426 161 427 161 428 162 419 162 429 162 430 163 431 163 432 163 433 164 434 164 435 164 436 165 437 165 438 165 439 166 440 166 441 166 437 167 442 167 443 167 444 168 437 168 443 168 442 169 445 169 446 169 445 170 442 170 437 170 447 171 446 171 448 171 445 172 448 172 446 172 449 173 450 173 447 173 447 174 448 174 449 174 451 175 437 175 436 175 438 176 437 176 444 176 451 177 440 177 439 177 439 178 437 178 451 178 439 179 452 179 453 179 439 180 441 180 452 180 454 181 439 181 455 181 439 182 453 182 455 182 456 183 457 183 439 183 439 184 454 184 456 184 458 185 459 185 457 185 458 186 457 186 456 186 460 187 461 187 457 187 460 188 457 188 459 188 462 189 463 189 457 189 462 190 457 190 461 190 457 191 430 191 432 191 430 192 457 192 463 192 464 193 465 193 432 193 464 194 432 194 431 194 466 195 465 195 467 195 464 196 467 196 465 196 468 197 434 197 466 197 466 198 467 198 468 198 425 199 433 199 435 199 435 200 434 200 468 200 426 201 429 201 427 201 425 202 427 202 433 202 428 203 469 203 419 203 426 204 428 204 429 204 420 205 470 205 421 205 469 206 420 206 419 206 421 207 471 207 472 207 470 208 471 208 421 208 421 209 473 209 474 209 472 210 473 210 421 210 421 211 475 211 476 211 474 212 475 212 421 212 477 213 422 213 476 213 421 214 476 214 422 214 423 215 422 215 478 215 422 216 477 216 478 216 479 217 480 217 422 217 424 218 479 218 422 218 414 219 422 219 481 219 480 220 481 220 422 220 482 221 414 221 483 221 414 222 481 222 483 222 484 223 414 223 485 223 414 224 482 224 485 224 415 225 414 225 484 225 486 226 487 226 488 226 487 226 486 226 489 226 490 226 487 226 491 226 487 226 490 226 488 226 492 227 493 227 494 227 492 227 495 227 493 227 496 227 495 227 492 227 492 227 497 227 496 227 490 1 494 1 493 1 494 1 490 1 491 1 489 228 498 228 497 228 497 228 499 228 500 228 497 228 498 228 499 228 500 228 486 228 496 228 501 228 489 228 486 228 500 228 501 228 486 228 501 228 498 228 489 228 500 228 496 228 497 228 502 229 503 229 504 229 503 229 502 229 505 229 408 229 503 229 506 229 408 229 506 229 406 229 408 229 504 229 503 229 406 229 505 229 502 229 506 229 507 229 406 229 406 229 507 229 505 229 501 227 508 227 498 227 509 227 410 227 406 227 510 227 511 227 509 227 410 227 509 227 512 227 509 227 513 227 512 227 511 227 513 227 509 227 510 230 509 230 514 230 509 227 406 227 502 227 515 231 508 231 516 231 498 227 509 227 502 227 501 227 517 227 508 227 498 227 508 227 509 227 518 227 519 227 508 227 508 227 519 227 516 227 517 227 520 227 508 227 508 227 520 227 518 227 408 226 521 226 504 226 522 226 521 226 408 226 523 226 524 226 525 226 504 226 521 226 526 226 499 226 527 226 500 226 528 226 525 226 524 226 500 226 524 226 529 226 527 226 499 226 530 226 529 226 524 226 531 226 531 226 524 226 523 226 532 226 528 226 524 226 524 226 500 226 527 226 532 226 524 226 533 226 534 226 522 226 535 226 527 226 522 226 524 226 408 226 407 226 522 226 527 226 521 226 522 226 536 226 537 226 522 226 522 226 537 226 535 226 538 226 539 226 522 226 522 226 539 226 536 226 407 226 538 226 522 226 540 1 501 1 500 1 517 1 501 1 540 1 500 1 529 1 540 1 541 228 488 228 542 228 542 228 490 228 543 228 493 228 544 228 490 228 541 228 495 228 488 228 490 228 542 228 488 228 493 228 495 228 541 228 490 228 544 228 543 228 493 228 541 228 544 228 488 0 495 0 496 0 496 0 486 0 488 0 494 229 487 229 492 229 494 229 491 229 487 229 487 1 497 1 492 1 497 1 487 1 489 1 507 226 543 226 505 226 507 226 542 226 543 226 543 1 503 1 505 1 543 1 544 1 503 1 541 227 506 227 503 227 503 227 544 227 541 227 541 0 507 0 506 0 541 0 542 0 507 0 545 0 546 0 547 0 548 0 549 0 464 0 549 0 467 0 464 0 548 0 464 0 550 0 551 0 467 0 549 0 431 0 550 0 464 0 552 0 467 0 551 0 553 0 554 0 555 0 467 0 552 0 468 0 435 0 468 0 556 0 552 0 556 0 468 0 446 0 557 0 558 0 547 0 559 0 560 0 556 0 561 0 435 0 562 0 563 0 564 0 559 0 565 0 560 0 566 0 567 0 568 0 565 0 564 0 563 0 569 0 570 0 571 0 569 0 571 0 566 0 572 0 573 0 574 0 575 0 411 0 576 0 577 0 578 0 579 0 580 0 418 0 581 0 582 0 583 0 526 0 584 0 585 0 579 0 586 0 587 0 588 0 589 0 588 0 590 0 591 0 592 0 593 0 594 0 595 0 450 0 596 0 597 0 598 0 599 0 600 0 447 0 595 0 447 0 450 0 557 0 446 0 447 0 557 0 447 0 600 0 601 0 442 0 446 0 602 0 603 0 604 0 599 0 447 0 595 0 558 0 601 0 446 0 591 0 593 0 605 0 598 0 586 0 596 0 606 0 607 0 608 0 609 0 610 0 611 0 612 0 613 0 614 0 604 0 614 0 615 0 616 0 554 0 617 0 618 0 530 0 499 0 619 0 620 0 621 0 618 0 499 0 498 0 622 0 498 0 623 0 624 0 625 0 626 0 627 0 628 0 629 0 630 0 412 0 631 0 603 0 632 0 633 0 634 0 635 0 636 0 502 0 637 0 606 0 638 0 572 0 574 0 418 0 630 0 581 0 638 0 628 0 639 0 412 0 640 0 631 0 411 0 641 0 640 0 641 0 411 0 575 0 624 0 570 0 569 0 642 0 426 0 643 0 644 0 645 0 646 0 411 0 415 0 576 0 640 0 412 0 411 0 594 0 647 0 645 0 625 0 648 0 649 0 650 0 629 0 651 0 630 0 418 0 412 0 610 0 652 0 653 0 624 0 654 0 655 0 553 0 555 0 580 0 573 0 626 0 656 0 619 0 621 0 648 0 570 0 624 0 626 0 566 0 571 0 567 0 562 0 564 0 568 0 568 0 567 0 562 0 435 0 545 0 657 0 559 0 547 0 546 0 560 0 565 0 563 0 545 0 435 0 561 0 546 0 545 0 561 0 425 0 657 0 643 0 657 0 425 0 435 0 425 0 643 0 426 0 428 0 426 0 658 0 642 0 658 0 426 0 659 0 428 0 660 0 428 0 658 0 660 0 469 0 428 0 659 0 661 0 612 0 582 0 662 0 616 0 617 0 608 0 607 0 663 0 502 0 606 0 498 0 664 0 665 0 634 0 666 0 653 0 652 0 667 0 668 0 669 0 620 0 670 0 671 0 647 0 594 0 450 0 593 0 609 0 605 0 672 0 673 0 674 0 675 0 676 0 677 0 675 0 677 0 646 0 674 0 673 0 654 0 656 0 626 0 649 0 574 0 573 0 656 0 581 0 651 0 580 0 639 0 572 0 638 0 629 0 650 0 627 0 628 0 627 0 639 0 581 0 650 0 651 0 580 0 555 0 418 0 617 0 554 0 553 0 678 0 616 0 662 0 678 0 633 0 632 0 633 0 678 0 662 0 603 0 602 0 632 0 604 0 615 0 602 0 614 0 613 0 615 0 612 0 661 0 613 0 582 0 526 0 661 0 502 0 504 0 583 0 504 0 526 0 583 0 679 0 502 0 680 0 502 0 583 0 680 0 681 0 502 0 682 0 502 0 679 0 682 0 637 0 502 0 683 0 502 0 681 0 683 0 684 0 685 0 686 0 530 0 618 0 666 0 687 0 498 0 688 0 498 0 689 0 688 0 622 0 690 0 498 0 498 0 687 0 623 0 690 0 618 0 498 0 666 0 652 0 530 0 611 0 610 0 653 0 605 0 609 0 611 0 592 0 591 0 589 0 596 0 647 0 597 0 590 0 592 0 589 0 598 0 587 0 586 0 588 0 587 0 590 0 450 0 597 0 647 0 644 0 594 0 645 0 649 0 626 0 625 0 677 0 644 0 646 0 672 0 676 0 675 0 654 0 673 0 655 0 672 0 674 0 676 0 624 0 655 0 625 0 621 0 649 0 648 0 671 0 670 0 667 0 620 0 619 0 670 0 684 0 669 0 668 0 669 0 671 0 667 0 585 0 686 0 685 0 685 0 684 0 668 0 579 0 578 0 584 0 585 0 584 0 686 0 577 0 635 0 578 0 636 0 664 0 634 0 577 0 636 0 635 0 664 0 663 0 665 0 606 0 608 0 498 0 665 0 663 0 607 0 689 0 498 0 608 0 433 1 466 1 434 1 427 1 465 1 466 1 466 1 433 1 427 1 432 1 465 1 429 1 427 1 429 1 465 1 419 1 432 1 429 1 421 1 457 1 419 1 432 1 419 1 457 1 439 1 421 1 422 1 421 1 439 1 457 1 422 1 414 1 437 1 437 1 439 1 422 1 414 1 445 1 437 1 445 1 416 1 448 1 416 1 445 1 414 1 413 1 449 1 448 1 448 1 416 1 413 1 413 1 417 1 449 1 691 232 692 232 693 232 694 233 695 233 696 233 697 234 698 234 699 234 698 235 700 235 699 235 697 236 701 236 702 236 703 237 704 237 705 237 706 238 705 238 702 238 701 239 706 239 702 239 705 240 707 240 703 240 706 241 707 241 705 241 703 242 708 242 704 242 698 243 697 243 702 243 692 244 691 244 704 244 704 245 708 245 692 245 709 246 698 246 710 246 709 247 700 247 698 247 711 248 709 248 710 248 693 249 712 249 691 249 711 250 710 250 713 250 712 251 714 251 691 251 712 252 715 252 714 252 713 253 710 253 716 253 716 254 717 254 713 254 716 255 718 255 719 255 719 256 717 256 716 256 720 257 721 257 718 257 718 258 721 258 719 258 722 259 723 259 720 259 720 260 718 260 722 260 724 261 722 261 694 261 722 262 724 262 723 262 725 263 726 263 727 263 724 264 694 264 728 264 729 265 730 265 731 265 732 266 733 266 734 266 735 267 736 267 737 267 738 268 739 268 740 268 741 269 742 269 743 269 744 270 745 270 746 270 747 271 748 271 749 271 750 272 751 272 752 272 753 273 754 273 755 273 756 274 757 274 758 274 759 275 760 275 761 275 762 276 763 276 764 276 764 277 765 277 766 277 763 278 767 278 768 278 767 279 763 279 762 279 769 280 768 280 770 280 767 281 770 281 768 281 771 282 772 282 769 282 769 283 770 283 771 283 772 284 773 284 774 284 773 285 772 285 771 285 775 286 774 286 776 286 773 287 776 287 774 287 777 288 715 288 775 288 775 289 776 289 777 289 714 290 715 290 777 290 766 291 765 291 757 291 762 292 764 292 766 292 756 293 758 293 760 293 757 294 765 294 758 294 752 295 759 295 761 295 759 296 756 296 760 296 755 297 751 297 750 297 750 298 752 298 761 298 753 299 749 299 754 299 755 300 754 300 751 300 747 301 742 301 748 301 753 302 747 302 749 302 741 303 743 303 744 303 748 304 742 304 741 304 746 305 745 305 737 305 744 306 743 306 745 306 739 307 736 307 735 307 736 308 746 308 737 308 729 309 738 309 740 309 740 310 739 310 735 310 730 311 734 311 731 311 729 312 731 312 738 312 732 313 725 313 733 313 730 314 732 314 734 314 727 315 726 315 695 315 733 316 725 316 727 316 694 317 696 317 728 317 695 318 726 318 696 318 778 0 779 0 698 0 780 0 695 0 781 0 694 0 782 0 781 0 733 0 727 0 783 0 722 0 784 0 782 0 785 0 786 0 734 0 718 0 787 0 784 0 738 0 731 0 788 0 787 0 716 0 789 0 790 0 791 0 739 0 789 0 710 0 779 0 792 0 741 0 744 0 793 0 794 0 705 0 714 0 795 0 796 0 773 0 797 0 798 0 748 0 799 0 749 0 800 0 801 0 767 0 802 0 752 0 751 0 757 0 803 0 766 0 757 0 756 0 804 0 762 0 805 0 800 0 803 0 805 0 766 0 756 0 759 0 806 0 807 0 770 0 801 0 808 0 759 0 752 0 751 0 754 0 809 0 797 0 771 0 807 0 798 0 810 0 776 0 749 0 811 0 754 0 780 0 783 0 727 0 777 0 810 0 795 0 691 0 796 0 812 0 792 0 813 0 741 0 744 0 814 0 792 0 704 0 812 0 793 0 746 0 736 0 791 0 746 0 814 0 744 0 778 0 702 0 794 0 813 0 799 0 748 0 813 0 748 0 741 0 799 0 811 0 749 0 811 0 809 0 754 0 809 0 802 0 751 0 802 0 808 0 752 0 808 0 806 0 759 0 806 0 804 0 756 0 804 0 803 0 757 0 805 0 762 0 766 0 800 0 767 0 762 0 801 0 770 0 767 0 807 0 771 0 770 0 797 0 773 0 771 0 798 0 776 0 773 0 810 0 777 0 776 0 795 0 714 0 777 0 796 0 691 0 714 0 812 0 704 0 691 0 793 0 705 0 704 0 794 0 702 0 705 0 778 0 698 0 702 0 779 0 710 0 698 0 789 0 716 0 710 0 787 0 718 0 716 0 784 0 722 0 718 0 782 0 694 0 722 0 781 0 695 0 694 0 780 0 727 0 695 0 785 0 733 0 783 0 786 0 731 0 734 0 785 0 734 0 733 0 788 0 790 0 738 0 786 0 788 0 731 0 739 0 791 0 736 0 738 0 790 0 739 0 746 0 791 0 814 0 815 319 816 319 817 319 818 320 819 320 820 320 821 321 822 321 823 321 824 322 825 322 826 322 827 323 828 323 829 323 823 324 822 324 829 324 827 325 830 325 831 325 831 326 832 326 827 326 833 327 829 327 828 327 827 328 832 328 828 328 824 329 822 329 821 329 829 330 833 330 823 330 834 331 835 331 836 331 825 332 837 332 826 332 838 333 815 333 817 333 836 334 837 334 834 334 839 335 840 335 841 335 840 336 842 336 841 336 843 337 844 337 845 337 845 338 844 338 846 338 846 339 844 339 847 339 843 340 845 340 848 340 849 341 850 341 847 341 846 342 847 342 850 342 849 343 851 343 852 343 852 344 850 344 849 344 853 345 851 345 854 345 851 346 853 346 852 346 855 347 856 347 854 347 853 348 854 348 856 348 855 349 857 349 858 349 858 350 856 350 855 350 859 351 857 351 860 351 857 352 859 352 858 352 861 353 862 353 860 353 859 354 860 354 862 354 861 355 863 355 864 355 864 356 862 356 861 356 865 357 863 357 866 357 863 358 865 358 864 358 867 359 868 359 866 359 865 360 866 360 868 360 867 361 869 361 870 361 870 362 868 362 867 362 871 363 869 363 872 363 869 364 871 364 870 364 873 365 874 365 872 365 871 366 872 366 874 366 818 367 874 367 873 367 848 368 875 368 843 368 876 369 877 369 875 369 875 370 848 370 876 370 877 371 878 371 879 371 878 372 877 372 876 372 842 373 879 373 880 373 878 374 880 374 879 374 840 375 839 375 881 375 842 376 880 376 841 376 882 377 816 377 881 377 881 378 839 378 882 378 815 379 838 379 835 379 817 380 816 380 882 380 825 381 834 381 837 381 836 382 835 382 838 382 883 383 831 383 830 383 826 384 822 384 824 384 830 385 884 385 883 385 885 386 884 386 886 386 830 387 886 387 884 387 886 388 887 388 888 388 888 389 885 389 886 389 889 390 890 390 887 390 887 391 890 391 888 391 887 392 891 392 892 392 892 393 889 393 887 393 893 394 894 394 891 394 891 395 894 395 892 395 895 396 896 396 893 396 893 397 891 397 895 397 897 398 895 398 898 398 895 399 897 399 896 399 898 400 899 400 900 400 897 401 898 401 900 401 899 402 820 402 901 402 820 403 899 403 898 403 901 404 820 404 819 404 819 405 818 405 873 405 902 0 903 0 865 0 904 0 853 0 905 0 856 0 906 0 905 0 850 0 852 0 907 0 858 0 908 0 906 0 909 0 910 0 846 0 859 0 911 0 908 0 848 0 845 0 912 0 911 0 862 0 913 0 914 0 915 0 876 0 913 0 864 0 903 0 916 0 839 0 841 0 917 0 918 0 870 0 818 0 919 0 920 0 895 0 921 0 922 0 882 0 923 0 817 0 924 0 925 0 886 0 926 0 837 0 836 0 829 0 927 0 827 0 829 0 822 0 928 0 830 0 929 0 924 0 927 0 929 0 827 0 822 0 826 0 930 0 931 0 887 0 925 0 932 0 826 0 837 0 836 0 838 0 933 0 921 0 891 0 931 0 922 0 934 0 898 0 817 0 935 0 838 0 904 0 907 0 852 0 820 0 934 0 919 0 874 0 920 0 936 0 916 0 937 0 839 0 841 0 938 0 916 0 871 0 936 0 917 0 880 0 878 0 915 0 880 0 938 0 841 0 902 0 868 0 918 0 937 0 923 0 882 0 937 0 882 0 839 0 923 0 935 0 817 0 935 0 933 0 838 0 933 0 926 0 836 0 926 0 932 0 837 0 932 0 930 0 826 0 930 0 928 0 822 0 928 0 927 0 829 0 929 0 830 0 827 0 924 0 886 0 830 0 925 0 887 0 886 0 931 0 891 0 887 0 921 0 895 0 891 0 922 0 898 0 895 0 934 0 820 0 898 0 919 0 818 0 820 0 920 0 874 0 818 0 936 0 871 0 874 0 917 0 870 0 871 0 918 0 868 0 870 0 902 0 865 0 868 0 903 0 864 0 865 0 913 0 862 0 864 0 911 0 859 0 862 0 908 0 858 0 859 0 906 0 856 0 858 0 905 0 853 0 856 0 904 0 852 0 853 0 909 0 850 0 907 0 910 0 845 0 846 0 909 0 846 0 850 0 912 0 914 0 848 0 910 0 912 0 845 0 876 0 915 0 878 0 848 0 914 0 876 0 880 0 915 0 938 0 939 229 940 229 941 229 942 406 943 406 944 406 940 407 945 407 946 407 945 407 940 407 939 407 947 408 946 408 948 408 945 408 948 408 946 408 949 409 950 409 947 409 947 409 948 409 949 409 950 410 951 410 952 410 951 410 950 410 949 410 953 411 952 411 954 411 951 411 954 411 952 411 955 412 956 412 953 412 953 412 954 412 955 412 956 413 957 413 958 413 957 413 956 413 955 413 959 414 958 414 960 414 957 414 960 414 958 414 961 415 962 415 959 415 959 415 960 415 961 415 939 229 941 229 963 229 964 416 965 416 963 416 963 416 941 416 964 416 965 417 966 417 967 417 966 417 965 417 964 417 968 418 967 418 969 418 966 418 969 418 967 418 970 419 971 419 968 419 968 419 969 419 970 419 971 420 972 420 973 420 972 420 971 420 970 420 974 421 973 421 975 421 972 421 975 421 973 421 976 422 977 422 974 422 974 422 975 422 976 422 977 423 978 423 979 423 978 423 977 423 976 423 978 424 944 424 979 424 979 424 944 424 943 424 980 425 981 425 982 425 983 426 984 426 985 426 986 427 987 427 988 427 989 428 990 428 991 428 992 228 993 228 994 228 995 429 996 429 997 429 998 430 999 430 1000 430 1001 431 1002 431 1003 431 1004 432 1005 432 1006 432 1007 433 1008 433 1005 433 1009 434 1010 434 1004 434 1004 434 1006 434 1009 434 1010 435 1011 435 1012 435 1011 435 1010 435 1009 435 1013 436 1012 436 1014 436 1011 436 1014 436 1012 436 962 437 961 437 1013 437 1013 437 1014 437 962 437 998 433 1008 433 1007 433 1005 432 1008 432 1006 432 999 438 1001 438 1000 438 1007 430 999 430 998 430 1003 431 1002 431 993 431 1000 438 1001 438 1003 438 992 439 994 439 996 439 993 228 1002 228 994 228 988 429 995 429 997 429 995 439 992 439 996 439 991 440 987 440 986 440 986 427 988 427 997 427 989 428 980 428 990 428 991 440 990 440 987 440 981 441 984 441 982 441 989 425 981 425 980 425 983 426 985 426 942 426 982 441 984 441 983 441 943 406 942 406 985 406 1015 0 1016 0 952 0 1017 0 964 0 1018 0 941 0 1019 0 1018 0 969 0 966 0 1020 0 940 0 1021 0 1019 0 1022 0 1023 0 970 0 946 0 1024 0 1021 0 975 0 972 0 1025 0 1024 0 947 0 1026 0 1027 0 1028 0 976 0 1026 0 950 0 1016 0 1029 0 983 0 942 0 1030 0 1031 0 956 0 962 0 1032 0 1033 0 1009 0 1034 0 1035 0 982 0 1036 0 980 0 1037 0 1038 0 998 0 1039 0 988 0 987 0 993 0 1040 0 1003 0 993 0 992 0 1041 0 1000 0 1042 0 1037 0 1040 0 1042 0 1003 0 992 0 995 0 1043 0 1044 0 1008 0 1038 0 1045 0 995 0 988 0 987 0 990 0 1046 0 1034 0 1006 0 1044 0 1035 0 1047 0 1011 0 980 0 1048 0 990 0 1017 0 1020 0 966 0 1014 0 1047 0 1032 0 959 0 1033 0 1049 0 1029 0 1050 0 983 0 942 0 1051 0 1029 0 958 0 1049 0 1030 0 944 0 978 0 1028 0 944 0 1051 0 942 0 1015 0 953 0 1031 0 1050 0 1036 0 982 0 1050 0 982 0 983 0 1036 0 1048 0 980 0 1048 0 1046 0 990 0 1046 0 1039 0 987 0 1039 0 1045 0 988 0 1045 0 1043 0 995 0 1043 0 1041 0 992 0 1041 0 1040 0 993 0 1042 0 1000 0 1003 0 1037 0 998 0 1000 0 1038 0 1008 0 998 0 1044 0 1006 0 1008 0 1034 0 1009 0 1006 0 1035 0 1011 0 1009 0 1047 0 1014 0 1011 0 1032 0 962 0 1014 0 1033 0 959 0 962 0 1049 0 958 0 959 0 1030 0 956 0 958 0 1031 0 953 0 956 0 1015 0 952 0 953 0 1016 0 950 0 952 0 1026 0 947 0 950 0 1024 0 946 0 947 0 1021 0 940 0 946 0 1019 0 941 0 940 0 1018 0 964 0 941 0 1017 0 966 0 964 0 1022 0 969 0 1020 0 1023 0 972 0 970 0 1022 0 970 0 969 0 1025 0 1027 0 975 0 1023 0 1025 0 972 0 976 0 1028 0 978 0 975 0 1027 0 976 0 944 0 1028 0 1051 0 1052 229 1053 229 1054 229 1055 442 1056 442 1057 442 1053 407 1058 407 1059 407 1058 407 1053 407 1052 407 1060 443 1059 443 1061 443 1058 443 1061 443 1059 443 1062 409 1063 409 1060 409 1060 409 1061 409 1062 409 1063 410 1064 410 1065 410 1064 410 1063 410 1062 410 1066 444 1065 444 1067 444 1064 444 1067 444 1065 444 1068 412 1069 412 1066 412 1066 412 1067 412 1068 412 1069 445 1070 445 1071 445 1070 445 1069 445 1068 445 1072 446 1071 446 1073 446 1070 446 1073 446 1071 446 1074 447 1075 447 1072 447 1072 447 1073 447 1074 447 1052 229 1054 229 1076 229 1077 416 1078 416 1076 416 1076 416 1054 416 1077 416 1078 448 1079 448 1080 448 1079 448 1078 448 1077 448 1081 418 1080 418 1082 418 1079 418 1082 418 1080 418 1083 419 1084 419 1081 419 1081 419 1082 419 1083 419 1084 449 1085 449 1086 449 1085 449 1084 449 1083 449 1087 421 1086 421 1088 421 1085 421 1088 421 1086 421 1089 450 1090 450 1087 450 1087 450 1088 450 1089 450 1090 451 1091 451 1092 451 1091 451 1090 451 1089 451 1091 452 1057 452 1092 452 1092 452 1057 452 1056 452 1093 425 1094 425 1095 425 1096 453 1097 453 1098 453 1099 427 1100 427 1101 427 1102 454 1103 454 1104 454 1105 228 1106 228 1107 228 1108 455 1109 455 1110 455 1111 430 1112 430 1113 430 1114 431 1115 431 1116 431 1117 456 1118 456 1119 456 1120 433 1121 433 1118 433 1122 434 1123 434 1117 434 1117 434 1119 434 1122 434 1123 457 1124 457 1125 457 1124 457 1123 457 1122 457 1126 458 1125 458 1127 458 1124 458 1127 458 1125 458 1075 459 1074 459 1126 459 1126 459 1127 459 1075 459 1111 433 1121 433 1120 433 1118 456 1121 456 1119 456 1112 460 1114 460 1113 460 1120 430 1112 430 1111 430 1116 431 1115 431 1106 431 1113 460 1114 460 1116 460 1105 439 1107 439 1109 439 1106 228 1115 228 1107 228 1101 455 1108 455 1110 455 1108 439 1105 439 1109 439 1104 440 1100 440 1099 440 1099 427 1101 427 1110 427 1102 454 1093 454 1103 454 1104 440 1103 440 1100 440 1094 461 1097 461 1095 461 1102 425 1094 425 1093 425 1096 453 1098 453 1055 453 1095 461 1097 461 1096 461 1056 442 1055 442 1098 442 1128 0 1129 0 1065 0 1130 0 1077 0 1131 0 1054 0 1132 0 1131 0 1082 0 1079 0 1133 0 1053 0 1134 0 1132 0 1135 0 1136 0 1083 0 1059 0 1137 0 1134 0 1088 0 1085 0 1138 0 1137 0 1060 0 1139 0 1140 0 1141 0 1089 0 1139 0 1063 0 1129 0 1142 0 1096 0 1055 0 1143 0 1144 0 1069 0 1075 0 1145 0 1146 0 1122 0 1147 0 1148 0 1095 0 1149 0 1093 0 1150 0 1151 0 1111 0 1152 0 1101 0 1100 0 1106 0 1153 0 1116 0 1106 0 1105 0 1154 0 1113 0 1155 0 1150 0 1153 0 1155 0 1116 0 1105 0 1108 0 1156 0 1157 0 1121 0 1151 0 1158 0 1108 0 1101 0 1100 0 1103 0 1159 0 1147 0 1119 0 1157 0 1148 0 1160 0 1124 0 1093 0 1161 0 1103 0 1130 0 1133 0 1079 0 1127 0 1160 0 1145 0 1072 0 1146 0 1162 0 1142 0 1163 0 1096 0 1055 0 1164 0 1142 0 1071 0 1162 0 1143 0 1057 0 1091 0 1141 0 1057 0 1164 0 1055 0 1128 0 1066 0 1144 0 1163 0 1149 0 1095 0 1163 0 1095 0 1096 0 1149 0 1161 0 1093 0 1161 0 1159 0 1103 0 1159 0 1152 0 1100 0 1152 0 1158 0 1101 0 1158 0 1156 0 1108 0 1156 0 1154 0 1105 0 1154 0 1153 0 1106 0 1155 0 1113 0 1116 0 1150 0 1111 0 1113 0 1151 0 1121 0 1111 0 1157 0 1119 0 1121 0 1147 0 1122 0 1119 0 1148 0 1124 0 1122 0 1160 0 1127 0 1124 0 1145 0 1075 0 1127 0 1146 0 1072 0 1075 0 1162 0 1071 0 1072 0 1143 0 1069 0 1071 0 1144 0 1066 0 1069 0 1128 0 1065 0 1066 0 1129 0 1063 0 1065 0 1139 0 1060 0 1063 0 1137 0 1059 0 1060 0 1134 0 1053 0 1059 0 1132 0 1054 0 1053 0 1131 0 1077 0 1054 0 1130 0 1079 0 1077 0 1135 0 1082 0 1133 0 1136 0 1085 0 1083 0 1135 0 1083 0 1082 0 1138 0 1140 0 1088 0 1136 0 1138 0 1085 0 1089 0 1141 0 1091 0 1088 0 1140 0 1089 0 1057 0 1141 0 1164 0 1165 462 1166 462 554 462 417 463 555 463 1167 463 1168 464 632 464 602 464 678 465 1169 465 616 465 1170 466 1171 466 615 466 615 467 1171 467 1172 467 1170 468 613 468 1173 468 613 469 1170 469 615 469 661 470 1174 470 1173 470 1173 471 613 471 661 471 521 472 1174 472 526 472 661 473 526 473 1174 473 1168 474 602 474 1172 474 1172 475 602 475 615 475 678 476 632 476 1175 476 1175 477 632 477 1168 477 616 478 1169 478 1165 478 678 479 1175 479 1169 479 1166 480 1167 480 554 480 616 481 1165 481 554 481 417 482 418 482 555 482 1167 483 555 483 554 483 1176 484 652 484 610 484 530 485 1177 485 527 485 609 486 1178 486 1179 486 1180 487 610 487 609 487 592 488 1181 488 1182 488 1178 489 593 489 1182 489 587 490 598 490 1183 490 1181 491 590 491 1184 491 598 492 597 492 1185 492 1185 493 1186 493 598 493 450 494 449 494 597 494 1185 495 597 495 449 495 587 496 1183 496 1184 496 598 497 1186 497 1183 497 590 498 1181 498 592 498 587 499 1184 499 590 499 609 500 593 500 1178 500 592 501 1182 501 593 501 610 502 1180 502 1176 502 1179 503 1180 503 609 503 1177 504 530 504 652 504 1176 505 1177 505 652 505 1187 506 1188 506 1189 506 1190 507 1191 507 1192 507 1193 508 1194 508 1195 508 1196 509 1197 509 1198 509 1199 510 1200 510 1201 510 1202 511 1203 511 1204 511 1205 512 1206 512 1207 512 1208 513 1209 513 1210 513 1211 514 1212 514 1213 514 1214 515 1215 515 1216 515 1217 516 1218 516 1219 516 1220 227 1221 227 1222 227 1223 517 1224 517 1225 517 1226 518 1227 518 1228 518 1229 519 1230 519 1231 519 1232 520 1233 520 1234 520 1235 521 1236 521 1237 521 1238 522 1239 522 1240 522 1241 523 1242 523 1243 523 1244 524 1245 524 1246 524 1246 524 1240 524 1244 524 1247 525 1248 525 1245 525 1246 525 1245 525 1248 525 1249 526 1247 526 1250 526 1247 526 1249 526 1248 526 1250 527 1251 527 1252 527 1252 527 1249 527 1250 527 1253 528 1254 528 1251 528 1252 528 1251 528 1254 528 1255 529 1253 529 1256 529 1253 529 1255 529 1254 529 1256 530 1257 530 1258 530 1258 530 1255 530 1256 530 1259 531 1260 531 1257 531 1258 531 1257 531 1260 531 1188 532 1259 532 1189 532 1259 532 1188 532 1260 532 1239 533 1238 533 1243 533 1240 522 1239 522 1244 522 1233 523 1242 523 1241 523 1241 533 1243 533 1238 533 1236 534 1232 534 1234 534 1232 520 1242 520 1233 520 1235 521 1237 521 1226 521 1236 534 1234 534 1237 534 1228 535 1227 535 1229 535 1235 518 1226 518 1228 518 1230 519 1222 519 1231 519 1227 535 1230 535 1229 535 1220 536 1225 536 1221 536 1222 227 1221 227 1231 227 1215 517 1224 517 1223 517 1223 536 1225 536 1220 536 1218 537 1214 537 1216 537 1214 515 1224 515 1215 515 1217 516 1219 516 1208 516 1218 537 1216 537 1219 537 1210 538 1209 538 1211 538 1217 513 1208 513 1210 513 1212 514 1204 514 1213 514 1209 538 1212 538 1211 538 1202 539 1207 539 1203 539 1204 511 1203 511 1213 511 1197 512 1206 512 1205 512 1205 539 1207 539 1202 539 1200 540 1196 540 1198 540 1196 509 1206 509 1197 509 1199 510 1201 510 1190 510 1200 540 1198 540 1201 540 1192 541 1191 541 1195 541 1199 507 1190 507 1192 507 1193 508 1187 508 1194 508 1191 541 1193 541 1195 541 1189 506 1194 506 1187 506 1208 0 1255 0 1209 0 1190 0 1198 0 1191 0 1190 0 1201 0 1198 0 1193 0 1191 0 1197 0 1198 0 1197 0 1191 0 1205 0 1187 0 1193 0 1193 0 1197 0 1205 0 1187 0 1202 0 1188 0 1202 0 1187 0 1205 0 1212 0 1258 0 1260 0 1202 0 1204 0 1188 0 1216 0 1215 0 1249 0 1252 0 1254 0 1219 0 1223 0 1246 0 1248 0 1230 0 1241 0 1238 0 1222 0 1240 0 1220 0 1226 0 1237 0 1234 0 1233 0 1227 0 1226 0 1227 0 1233 0 1241 0 1226 0 1234 0 1233 0 1222 0 1230 0 1238 0 1230 0 1227 0 1241 0 1240 0 1222 0 1238 0 1223 0 1220 0 1246 0 1246 0 1220 0 1240 0 1249 0 1215 0 1248 0 1248 0 1215 0 1223 0 1252 0 1219 0 1216 0 1249 0 1252 0 1216 0 1254 0 1255 0 1208 0 1219 0 1254 0 1208 0 1209 0 1258 0 1212 0 1209 0 1255 0 1258 0 1188 0 1204 0 1260 0 1204 0 1212 0 1260 0 1261 506 1262 506 1263 506 1264 542 1265 542 1266 542 1267 508 1268 508 1269 508 1270 543 1271 543 1272 543 1273 544 1274 544 1275 544 1276 511 1277 511 1278 511 1279 545 1280 545 1281 545 1282 546 1283 546 1284 546 1285 547 1286 547 1287 547 1288 515 1289 515 1290 515 1291 516 1292 516 1293 516 1294 227 1295 227 1296 227 1297 548 1298 548 1299 548 1300 518 1301 518 1302 518 1303 549 1304 549 1305 549 1306 550 1307 550 1308 550 1309 521 1310 521 1311 521 1312 522 1313 522 1314 522 1315 551 1316 551 1317 551 1318 552 1319 552 1320 552 1320 552 1314 552 1318 552 1321 553 1322 553 1319 553 1320 553 1319 553 1322 553 1323 554 1321 554 1324 554 1321 554 1323 554 1322 554 1324 555 1325 555 1326 555 1326 555 1323 555 1324 555 1327 556 1328 556 1325 556 1326 556 1325 556 1328 556 1329 557 1327 557 1330 557 1327 557 1329 557 1328 557 1330 558 1331 558 1332 558 1332 558 1329 558 1330 558 1333 531 1334 531 1331 531 1332 531 1331 531 1334 531 1262 532 1333 532 1263 532 1333 532 1262 532 1334 532 1313 559 1312 559 1317 559 1314 522 1313 522 1318 522 1307 551 1316 551 1315 551 1315 559 1317 559 1312 559 1310 534 1306 534 1308 534 1306 550 1316 550 1307 550 1309 521 1311 521 1300 521 1310 534 1308 534 1311 534 1302 560 1301 560 1303 560 1309 518 1300 518 1302 518 1304 549 1296 549 1305 549 1301 560 1304 560 1303 560 1294 561 1299 561 1295 561 1296 227 1295 227 1305 227 1289 548 1298 548 1297 548 1297 561 1299 561 1294 561 1292 537 1288 537 1290 537 1288 515 1298 515 1289 515 1291 516 1293 516 1282 516 1292 537 1290 537 1293 537 1284 562 1283 562 1285 562 1291 546 1282 546 1284 546 1286 547 1278 547 1287 547 1283 562 1286 562 1285 562 1276 563 1281 563 1277 563 1278 511 1277 511 1287 511 1271 545 1280 545 1279 545 1279 563 1281 563 1276 563 1274 564 1270 564 1272 564 1270 543 1280 543 1271 543 1273 544 1275 544 1264 544 1274 564 1272 564 1275 564 1266 565 1265 565 1269 565 1273 542 1264 542 1266 542 1267 508 1261 508 1268 508 1265 565 1267 565 1269 565 1263 506 1268 506 1261 506 1282 0 1329 0 1283 0 1264 0 1272 0 1265 0 1264 0 1275 0 1272 0 1267 0 1265 0 1271 0 1272 0 1271 0 1265 0 1279 0 1261 0 1267 0 1267 0 1271 0 1279 0 1261 0 1276 0 1262 0 1276 0 1261 0 1279 0 1286 0 1332 0 1334 0 1276 0 1278 0 1262 0 1290 0 1289 0 1323 0 1326 0 1328 0 1293 0 1297 0 1320 0 1322 0 1304 0 1315 0 1312 0 1296 0 1314 0 1294 0 1300 0 1311 0 1308 0 1307 0 1301 0 1300 0 1301 0 1307 0 1315 0 1300 0 1308 0 1307 0 1296 0 1304 0 1312 0 1304 0 1301 0 1315 0 1314 0 1296 0 1312 0 1297 0 1294 0 1320 0 1320 0 1294 0 1314 0 1323 0 1289 0 1322 0 1322 0 1289 0 1297 0 1326 0 1293 0 1290 0 1323 0 1326 0 1290 0 1328 0 1329 0 1282 0 1293 0 1328 0 1282 0 1283 0 1332 0 1286 0 1283 0 1329 0 1332 0 1262 0 1278 0 1334 0 1278 0 1286 0 1334 0 1335 566 1336 566 1337 566 1338 567 1339 567 1340 567 1341 568 1342 568 1343 568 1344 569 1345 569 1346 569 1347 510 1348 510 1349 510 1350 570 1351 570 1352 570 1353 571 1354 571 1355 571 1356 572 1357 572 1358 572 1359 573 1360 573 1361 573 1362 574 1363 574 1364 574 1365 575 1366 575 1367 575 1368 227 1369 227 1370 227 1371 576 1372 576 1373 576 1374 577 1375 577 1376 577 1377 578 1378 578 1379 578 1380 579 1381 579 1382 579 1383 521 1384 521 1385 521 1386 580 1387 580 1388 580 1389 523 1390 523 1391 523 1392 581 1393 581 1394 581 1394 581 1388 581 1392 581 1395 582 1396 582 1393 582 1394 582 1393 582 1396 582 1397 583 1395 583 1398 583 1395 583 1397 583 1396 583 1398 584 1399 584 1400 584 1400 584 1397 584 1398 584 1401 528 1402 528 1399 528 1400 528 1399 528 1402 528 1403 585 1401 585 1404 585 1401 585 1403 585 1402 585 1404 586 1405 586 1406 586 1406 586 1403 586 1404 586 1407 587 1408 587 1405 587 1406 587 1405 587 1408 587 1336 588 1407 588 1337 588 1407 588 1336 588 1408 588 1387 589 1386 589 1391 589 1388 580 1387 580 1392 580 1381 523 1390 523 1389 523 1389 589 1391 589 1386 589 1384 590 1380 590 1382 590 1380 579 1390 579 1381 579 1383 521 1385 521 1374 521 1384 590 1382 590 1385 590 1376 591 1375 591 1377 591 1383 577 1374 577 1376 577 1378 578 1370 578 1379 578 1375 591 1378 591 1377 591 1368 592 1373 592 1369 592 1370 227 1369 227 1379 227 1363 576 1372 576 1371 576 1371 592 1373 592 1368 592 1366 537 1362 537 1364 537 1362 574 1372 574 1363 574 1365 575 1367 575 1356 575 1366 537 1364 537 1367 537 1358 538 1357 538 1359 538 1365 572 1356 572 1358 572 1360 573 1352 573 1361 573 1357 538 1360 538 1359 538 1350 593 1355 593 1351 593 1352 570 1351 570 1361 570 1345 571 1354 571 1353 571 1353 593 1355 593 1350 593 1348 594 1344 594 1346 594 1344 569 1354 569 1345 569 1347 510 1349 510 1338 510 1348 594 1346 594 1349 594 1340 595 1339 595 1343 595 1347 567 1338 567 1340 567 1341 568 1335 568 1342 568 1339 595 1341 595 1343 595 1337 566 1342 566 1335 566 1356 0 1403 0 1357 0 1338 0 1346 0 1339 0 1338 0 1349 0 1346 0 1341 0 1339 0 1345 0 1346 0 1345 0 1339 0 1353 0 1335 0 1341 0 1341 0 1345 0 1353 0 1335 0 1350 0 1336 0 1350 0 1335 0 1353 0 1360 0 1406 0 1408 0 1350 0 1352 0 1336 0 1364 0 1363 0 1397 0 1400 0 1402 0 1367 0 1371 0 1394 0 1396 0 1378 0 1389 0 1386 0 1370 0 1388 0 1368 0 1374 0 1385 0 1382 0 1381 0 1375 0 1374 0 1375 0 1381 0 1389 0 1374 0 1382 0 1381 0 1370 0 1378 0 1386 0 1378 0 1375 0 1389 0 1388 0 1370 0 1386 0 1371 0 1368 0 1394 0 1394 0 1368 0 1388 0 1397 0 1363 0 1396 0 1396 0 1363 0 1371 0 1400 0 1367 0 1364 0 1397 0 1400 0 1364 0 1402 0 1403 0 1356 0 1367 0 1402 0 1356 0 1357 0 1406 0 1360 0 1357 0 1403 0 1406 0 1336 0 1352 0 1408 0 1352 0 1360 0 1408 0 1409 566 1410 566 1411 566 1412 596 1413 596 1414 596 1415 568 1416 568 1417 568 1418 597 1419 597 1420 597 1421 544 1422 544 1423 544 1424 570 1425 570 1426 570 1427 598 1428 598 1429 598 1430 599 1431 599 1432 599 1433 600 1434 600 1435 600 1436 574 1437 574 1438 574 1439 575 1440 575 1441 575 1442 227 1443 227 1444 227 1445 601 1446 601 1447 601 1448 577 1449 577 1450 577 1451 602 1452 602 1453 602 1454 603 1455 603 1456 603 1457 521 1458 521 1459 521 1460 580 1461 580 1462 580 1463 551 1464 551 1465 551 1466 604 1467 604 1468 604 1468 604 1462 604 1466 604 1469 605 1470 605 1467 605 1468 605 1467 605 1470 605 1471 606 1469 606 1472 606 1469 606 1471 606 1470 606 1472 607 1473 607 1474 607 1474 607 1471 607 1472 607 1475 556 1476 556 1473 556 1474 556 1473 556 1476 556 1477 608 1475 608 1478 608 1475 608 1477 608 1476 608 1478 609 1479 609 1480 609 1480 609 1477 609 1478 609 1481 587 1482 587 1479 587 1480 587 1479 587 1482 587 1410 588 1481 588 1411 588 1481 588 1410 588 1482 588 1461 610 1460 610 1465 610 1462 580 1461 580 1466 580 1455 551 1464 551 1463 551 1463 610 1465 610 1460 610 1458 590 1454 590 1456 590 1454 603 1464 603 1455 603 1457 521 1459 521 1448 521 1458 590 1456 590 1459 590 1450 611 1449 611 1451 611 1457 577 1448 577 1450 577 1452 602 1444 602 1453 602 1449 611 1452 611 1451 611 1442 612 1447 612 1443 612 1444 227 1443 227 1453 227 1437 601 1446 601 1445 601 1445 612 1447 612 1442 612 1440 537 1436 537 1438 537 1436 574 1446 574 1437 574 1439 575 1441 575 1430 575 1440 537 1438 537 1441 537 1432 562 1431 562 1433 562 1439 599 1430 599 1432 599 1434 600 1426 600 1435 600 1431 562 1434 562 1433 562 1424 613 1429 613 1425 613 1426 570 1425 570 1435 570 1419 598 1428 598 1427 598 1427 613 1429 613 1424 613 1422 614 1418 614 1420 614 1418 597 1428 597 1419 597 1421 544 1423 544 1412 544 1422 614 1420 614 1423 614 1414 615 1413 615 1417 615 1421 596 1412 596 1414 596 1415 568 1409 568 1416 568 1413 615 1415 615 1417 615 1411 566 1416 566 1409 566 1430 0 1477 0 1431 0 1412 0 1420 0 1413 0 1412 0 1423 0 1420 0 1415 0 1413 0 1419 0 1420 0 1419 0 1413 0 1427 0 1409 0 1415 0 1415 0 1419 0 1427 0 1409 0 1424 0 1410 0 1424 0 1409 0 1427 0 1434 0 1480 0 1482 0 1424 0 1426 0 1410 0 1438 0 1437 0 1471 0 1474 0 1476 0 1441 0 1445 0 1468 0 1470 0 1452 0 1463 0 1460 0 1444 0 1462 0 1442 0 1448 0 1459 0 1456 0 1455 0 1449 0 1448 0 1449 0 1455 0 1463 0 1448 0 1456 0 1455 0 1444 0 1452 0 1460 0 1452 0 1449 0 1463 0 1462 0 1444 0 1460 0 1445 0 1442 0 1468 0 1468 0 1442 0 1462 0 1471 0 1437 0 1470 0 1470 0 1437 0 1445 0 1474 0 1441 0 1438 0 1471 0 1474 0 1438 0 1476 0 1477 0 1430 0 1441 0 1476 0 1430 0 1431 0 1480 0 1434 0 1431 0 1477 0 1480 0 1410 0 1426 0 1482 0 1426 0 1434 0 1482 0 1174 616 521 616 527 616 1171 617 1170 617 1180 617 1173 618 1177 618 1176 618 1182 619 1175 619 1168 619 1179 620 1178 620 1172 620 1184 621 1183 621 1165 621 1175 622 1181 622 1169 622 1186 623 1167 623 1166 623 1166 624 1183 624 1186 624 417 625 1167 625 1185 625 1186 626 1185 626 1167 626 449 627 417 627 1185 627 1183 628 1166 628 1165 628 1169 629 1184 629 1165 629 1182 630 1181 630 1175 630 1181 631 1184 631 1169 631 1178 632 1182 632 1168 632 1179 633 1172 633 1171 633 1178 634 1168 634 1172 634 1180 635 1170 635 1176 635 1179 636 1171 636 1180 636 1173 637 1174 637 1177 637 1170 638 1173 638 1176 638 527 639 1177 639 1174 639 1483 0 1484 0 1485 0 1484 0 1486 0 1485 0 1484 0 1483 0 1487 0 1488 0 1486 0 1484 0 1489 0 1490 0 1491 0 1492 0 1493 0 1494 0 1495 0 1496 0 1497 0 1498 0 1497 0 1496 0 1499 0 1495 0 1500 0 1495 0 1499 0 1496 0 1497 0 1498 0 1489 0 1490 0 1489 0 1498 0 1491 0 1493 0 1492 0 1490 0 1493 0 1491 0 1494 0 1486 0 1501 0 1494 0 1501 0 1492 0 1502 0 1501 0 1488 0 1486 0 1488 0 1501 0 1503 0 1504 0 1488 0 1488 0 1504 0 1502 0 293 229 1505 229 1506 229 19 229 1505 229 290 229 293 229 290 229 1505 229 1505 229 19 229 20 229 1507 227 183 227 1488 227 1488 227 1508 227 1507 227 138 227 1509 227 1488 227 1488 227 1509 227 1508 227 138 227 1484 227 1510 227 1484 227 138 227 1488 227 1511 227 1484 227 1512 227 1511 227 1510 227 1484 227 261 227 1484 227 260 227 261 227 1512 227 1484 227 183 227 182 227 1488 227 25 228 1513 228 24 228 248 228 1513 228 267 228 248 228 1514 228 1513 228 25 228 267 228 1513 228 0 226 218 226 211 226 0 226 5 226 218 226 1501 640 191 640 190 640 1515 641 1516 641 1500 641 321 642 329 642 1497 642 1495 643 333 643 1500 643 1492 644 1501 644 190 644 203 645 310 645 1491 645 1502 646 1504 646 316 646 316 647 191 647 1502 647 194 648 1504 648 1503 648 1504 649 194 649 316 649 1488 650 182 650 1503 650 194 651 1503 651 182 651 191 652 1501 652 1502 652 1492 653 190 653 203 653 1491 654 310 654 1489 654 1492 655 203 655 1491 655 321 656 1497 656 1489 656 1489 657 310 657 321 657 329 658 333 658 1495 658 1497 659 329 659 1495 659 1515 660 333 660 293 660 1515 661 1500 661 333 661 1515 662 293 662 1506 662 187 663 1493 663 358 663 264 664 358 664 1490 664 1493 665 1490 665 358 665 1498 666 245 666 264 666 264 667 1490 667 1498 667 245 668 1496 668 262 668 1496 669 245 669 1498 669 1517 670 248 670 262 670 1499 671 262 671 1496 671 1499 672 1518 672 1517 672 1517 673 262 673 1499 673 1517 674 1514 674 248 674 187 675 1494 675 1493 675 1494 676 187 676 240 676 1486 677 240 677 251 677 240 678 1486 678 1494 678 255 679 1485 679 251 679 1486 680 251 680 1485 680 255 681 257 681 1483 681 1483 682 1485 682 255 682 1487 683 257 683 260 683 257 684 1487 684 1483 684 1487 685 260 685 1484 685 167 1 146 1 165 1 177 1 176 1 173 1 177 1 179 1 176 1 174 1 173 1 171 1 176 1 171 1 173 1 170 1 180 1 174 1 174 1 171 1 170 1 180 1 168 1 143 1 168 1 180 1 170 1 166 1 142 1 141 1 168 1 169 1 143 1 162 1 164 1 149 1 145 1 144 1 163 1 159 1 148 1 147 1 157 1 150 1 151 1 161 1 152 1 160 1 158 1 154 1 153 1 155 1 156 1 158 1 156 1 155 1 150 1 158 1 153 1 155 1 161 1 157 1 151 1 157 1 156 1 150 1 152 1 161 1 151 1 159 1 160 1 148 1 148 1 160 1 152 1 149 1 164 1 147 1 147 1 164 1 159 1 145 1 163 1 162 1 149 1 145 1 162 1 144 1 146 1 167 1 163 1 144 1 167 1 165 1 142 1 166 1 165 1 146 1 142 1 143 1 169 1 141 1 169 1 166 1 141 1 1519 1 1520 1 1521 1 1522 1 1523 1 1524 1 1525 1 1526 1 1527 1 1528 1 1529 1 1530 1 1531 1 1532 1 1533 1 1534 1 1535 1 1536 1 1533 1 1537 1 1538 1 1539 1 1540 1 1541 1 1538 1 1542 1 1543 1 1544 1 1545 1 1546 1 1543 1 1547 1 1521 1 1548 1 1549 1 1550 1 1520 1 1551 1 1552 1 1553 1 1554 1 1555 1 1556 1 1557 1 1558 1 1559 1 1560 1 1561 1 1562 1 1563 1 1564 1 1565 1 1566 1 1567 1 1568 1 1569 1 1570 1 1571 1 1570 1 1572 1 1562 1 1573 1 1574 1 1569 1 1575 1 1573 1 1576 1 1572 1 1577 1 1578 1 1579 1 1564 1 1567 1 1580 1 1577 1 1581 1 1565 1 1582 1 1583 1 1557 1 1579 1 1556 1 1584 1 1585 1 1525 1 1531 1 1526 1 1561 1 1549 1 1559 1 1586 1 1554 1 1585 1 1553 1 1587 1 1588 1 1548 1 1559 1 1549 1 1589 1 1590 1 1552 1 1588 1 1587 1 1590 1 1591 1 1592 1 1545 1 1550 1 1593 1 1548 1 1593 1 1550 1 1591 1 1581 1 1582 1 1560 1 1582 1 1561 1 1560 1 1566 1 1565 1 1581 1 1580 1 1567 1 1566 1 1576 1 1577 1 1580 1 1571 1 1572 1 1576 1 1568 1 1570 1 1571 1 1575 1 1569 1 1568 1 1574 1 1573 1 1575 1 1563 1 1562 1 1574 1 1578 1 1564 1 1563 1 1583 1 1579 1 1578 1 1558 1 1557 1 1583 1 1584 1 1556 1 1558 1 1586 1 1585 1 1584 1 1555 1 1554 1 1586 1 1587 1 1553 1 1555 1 1589 1 1588 1 1590 1 1551 1 1589 1 1552 1 1519 1 1551 1 1520 1 1547 1 1519 1 1521 1 1542 1 1547 1 1543 1 1537 1 1542 1 1538 1 1532 1 1537 1 1533 1 1525 1 1532 1 1531 1 1527 1 1526 1 1523 1 1529 1 1522 1 1524 1 1522 1 1527 1 1523 1 1534 1 1528 1 1530 1 1530 1 1529 1 1524 1 1535 1 1540 1 1536 1 1534 1 1536 1 1528 1 1541 1 1544 1 1539 1 1535 1 1541 1 1540 1 1546 1 1545 1 1592 1 1539 1 1544 1 1546 1 1591 1 1545 1 1593 1 1594 229 1525 229 1527 229 1550 686 1595 686 1591 686 1525 687 1596 687 1532 687 1596 687 1525 687 1594 687 1537 688 1532 688 1597 688 1596 688 1597 688 1532 688 1598 689 1542 689 1537 689 1537 689 1597 689 1598 689 1542 690 1599 690 1547 690 1599 690 1542 690 1598 690 1519 691 1547 691 1600 691 1599 691 1600 691 1547 691 1601 692 1551 692 1519 692 1519 692 1600 692 1601 692 1551 693 1602 693 1589 693 1602 693 1551 693 1601 693 1588 694 1589 694 1603 694 1602 694 1603 694 1589 694 1604 695 1553 695 1588 695 1588 695 1603 695 1604 695 1594 229 1527 229 1605 229 1522 696 1606 696 1605 696 1605 696 1527 696 1522 696 1606 697 1529 697 1607 697 1529 697 1606 697 1522 697 1608 698 1607 698 1528 698 1529 698 1528 698 1607 698 1536 699 1609 699 1608 699 1608 699 1528 699 1536 699 1609 700 1540 700 1610 700 1540 700 1609 700 1536 700 1611 701 1610 701 1539 701 1540 701 1539 701 1610 701 1546 702 1612 702 1611 702 1611 702 1539 702 1546 702 1612 703 1592 703 1613 703 1592 703 1612 703 1546 703 1592 704 1591 704 1613 704 1613 704 1591 704 1595 704 1582 705 1614 705 1561 705 1549 706 1615 706 1616 706 1617 707 1567 707 1577 707 1618 708 1565 708 1619 708 1570 228 1569 228 1620 228 1572 709 1621 709 1622 709 1564 710 1623 710 1562 710 1624 711 1625 711 1573 711 1626 712 1627 712 1557 712 1628 713 1579 713 1627 713 1556 714 1629 714 1626 714 1626 714 1557 714 1556 714 1629 715 1585 715 1630 715 1585 715 1629 715 1556 715 1631 716 1630 716 1554 716 1585 716 1554 716 1630 716 1553 717 1604 717 1631 717 1631 717 1554 717 1553 717 1564 713 1579 713 1628 713 1627 712 1579 712 1557 712 1623 718 1624 718 1562 718 1628 710 1623 710 1564 710 1573 711 1625 711 1569 711 1562 718 1624 718 1573 718 1570 719 1620 719 1621 719 1569 228 1625 228 1620 228 1577 709 1572 709 1622 709 1572 719 1570 719 1621 719 1619 720 1567 720 1617 720 1617 707 1577 707 1622 707 1618 708 1582 708 1565 708 1619 720 1565 720 1567 720 1614 721 1615 721 1561 721 1618 705 1614 705 1582 705 1549 706 1616 706 1550 706 1561 721 1615 721 1549 721 1595 686 1550 686 1616 686 1632 1 1633 1 1634 1 1635 1 1636 1 1637 1 1635 1 1638 1 1636 1 1639 1 1637 1 1640 1 1636 1 1640 1 1637 1 1641 1 1642 1 1639 1 1639 1 1640 1 1641 1 1642 1 1643 1 1644 1 1643 1 1642 1 1641 1 1645 1 1646 1 1647 1 1643 1 1648 1 1644 1 1649 1 1650 1 1651 1 1652 1 1653 1 1654 1 1655 1 1656 1 1657 1 1658 1 1659 1 1660 1 1661 1 1662 1 1663 1 1664 1 1665 1 1666 1 1667 1 1668 1 1664 1 1668 1 1667 1 1659 1 1664 1 1666 1 1667 1 1661 1 1658 1 1660 1 1658 1 1668 1 1659 1 1662 1 1661 1 1660 1 1655 1 1663 1 1656 1 1656 1 1663 1 1662 1 1651 1 1650 1 1657 1 1657 1 1650 1 1655 1 1652 1 1654 1 1649 1 1651 1 1652 1 1649 1 1653 1 1633 1 1632 1 1654 1 1653 1 1632 1 1634 1 1646 1 1645 1 1634 1 1633 1 1646 1 1644 1 1648 1 1647 1 1648 1 1645 1 1647 1 1559 722 1647 722 1646 722 1644 723 1548 723 1593 723 1653 724 1652 724 1566 724 1581 725 1560 725 1633 725 1571 726 1657 726 1656 726 1576 727 1580 727 1651 727 1659 728 1574 728 1660 728 1662 729 1575 729 1568 729 1666 730 1665 730 1583 730 1563 731 1667 731 1578 731 1586 732 1668 732 1658 732 1584 733 1558 733 1664 733 1655 734 1590 734 1663 734 1661 226 1587 226 1555 226 1649 735 1654 735 1521 735 1552 736 1650 736 1520 736 1533 737 1634 737 1645 737 1538 738 1543 738 1632 738 1523 739 1526 739 1643 739 1648 740 1526 740 1531 740 1523 741 1641 741 1524 741 1641 739 1523 739 1643 739 1640 742 1530 742 1524 742 1524 741 1641 741 1640 741 1534 743 1530 743 1636 743 1640 742 1636 742 1530 742 1534 744 1638 744 1535 744 1638 743 1534 743 1636 743 1635 745 1541 745 1535 745 1535 744 1638 744 1635 744 1544 746 1541 746 1637 746 1635 745 1637 745 1541 745 1544 747 1639 747 1545 747 1639 746 1544 746 1637 746 1642 748 1593 748 1545 748 1545 747 1639 747 1642 747 1648 749 1531 749 1645 749 1642 748 1644 748 1593 748 1526 740 1648 740 1643 740 1538 737 1634 737 1533 737 1533 749 1645 749 1531 749 1654 750 1632 750 1543 750 1632 738 1634 738 1538 738 1649 735 1521 735 1520 735 1654 750 1543 750 1521 750 1650 751 1552 751 1655 751 1649 736 1520 736 1650 736 1590 734 1587 734 1663 734 1552 751 1590 751 1655 751 1555 752 1658 752 1661 752 1587 226 1661 226 1663 226 1584 732 1668 732 1586 732 1586 752 1658 752 1555 752 1665 753 1664 753 1558 753 1664 733 1668 733 1584 733 1666 730 1583 730 1578 730 1665 753 1558 753 1583 753 1667 754 1563 754 1659 754 1666 731 1578 731 1667 731 1574 728 1575 728 1660 728 1563 754 1574 754 1659 754 1568 755 1656 755 1662 755 1575 729 1662 729 1660 729 1576 726 1657 726 1571 726 1571 755 1656 755 1568 755 1652 756 1651 756 1580 756 1651 727 1657 727 1576 727 1653 724 1566 724 1581 724 1652 756 1580 756 1566 756 1633 757 1560 757 1646 757 1653 725 1581 725 1633 725 1559 722 1548 722 1647 722 1560 757 1559 757 1646 757 1644 723 1647 723 1548 723 1669 1 1670 1 1671 1 1672 1 1673 1 1674 1 1675 1 1676 1 1677 1 1678 1 1679 1 1680 1 1681 1 1682 1 1683 1 1684 1 1685 1 1686 1 1683 1 1687 1 1688 1 1689 1 1690 1 1691 1 1688 1 1692 1 1693 1 1694 1 1695 1 1696 1 1693 1 1697 1 1671 1 1698 1 1699 1 1700 1 1670 1 1701 1 1702 1 1703 1 1704 1 1705 1 1706 1 1707 1 1708 1 1709 1 1710 1 1711 1 1712 1 1713 1 1714 1 1715 1 1716 1 1717 1 1718 1 1719 1 1720 1 1721 1 1720 1 1722 1 1712 1 1723 1 1724 1 1719 1 1725 1 1723 1 1726 1 1722 1 1727 1 1728 1 1729 1 1714 1 1717 1 1730 1 1727 1 1731 1 1715 1 1732 1 1733 1 1707 1 1729 1 1706 1 1734 1 1735 1 1675 1 1681 1 1676 1 1711 1 1699 1 1709 1 1736 1 1704 1 1735 1 1703 1 1737 1 1738 1 1698 1 1709 1 1699 1 1739 1 1740 1 1702 1 1738 1 1737 1 1740 1 1741 1 1742 1 1695 1 1700 1 1743 1 1698 1 1743 1 1700 1 1741 1 1731 1 1732 1 1710 1 1732 1 1711 1 1710 1 1716 1 1715 1 1731 1 1730 1 1717 1 1716 1 1726 1 1727 1 1730 1 1721 1 1722 1 1726 1 1718 1 1720 1 1721 1 1725 1 1719 1 1718 1 1724 1 1723 1 1725 1 1713 1 1712 1 1724 1 1728 1 1714 1 1713 1 1733 1 1729 1 1728 1 1708 1 1707 1 1733 1 1734 1 1706 1 1708 1 1736 1 1735 1 1734 1 1705 1 1704 1 1736 1 1737 1 1703 1 1705 1 1739 1 1738 1 1740 1 1701 1 1739 1 1702 1 1669 1 1701 1 1670 1 1697 1 1669 1 1671 1 1692 1 1697 1 1693 1 1687 1 1692 1 1688 1 1682 1 1687 1 1683 1 1675 1 1682 1 1681 1 1677 1 1676 1 1673 1 1679 1 1672 1 1674 1 1672 1 1677 1 1673 1 1684 1 1678 1 1680 1 1680 1 1679 1 1674 1 1685 1 1690 1 1686 1 1684 1 1686 1 1678 1 1691 1 1694 1 1689 1 1685 1 1691 1 1690 1 1696 1 1695 1 1742 1 1689 1 1694 1 1696 1 1741 1 1695 1 1743 1 1744 229 1675 229 1677 229 1700 686 1745 686 1741 686 1675 687 1746 687 1682 687 1746 687 1675 687 1744 687 1687 688 1682 688 1747 688 1746 688 1747 688 1682 688 1748 689 1692 689 1687 689 1687 689 1747 689 1748 689 1692 690 1749 690 1697 690 1749 690 1692 690 1748 690 1669 691 1697 691 1750 691 1749 691 1750 691 1697 691 1751 692 1701 692 1669 692 1669 692 1750 692 1751 692 1701 693 1752 693 1739 693 1752 693 1701 693 1751 693 1738 694 1739 694 1753 694 1752 694 1753 694 1739 694 1754 695 1703 695 1738 695 1738 695 1753 695 1754 695 1744 229 1677 229 1755 229 1672 696 1756 696 1755 696 1755 696 1677 696 1672 696 1756 697 1679 697 1757 697 1679 697 1756 697 1672 697 1758 698 1757 698 1678 698 1679 698 1678 698 1757 698 1686 699 1759 699 1758 699 1758 699 1678 699 1686 699 1759 700 1690 700 1760 700 1690 700 1759 700 1686 700 1761 701 1760 701 1689 701 1690 701 1689 701 1760 701 1696 702 1762 702 1761 702 1761 702 1689 702 1696 702 1762 703 1742 703 1763 703 1742 703 1762 703 1696 703 1742 704 1741 704 1763 704 1763 704 1741 704 1745 704 1732 705 1764 705 1711 705 1699 706 1765 706 1766 706 1767 707 1717 707 1727 707 1768 708 1715 708 1769 708 1720 228 1719 228 1770 228 1722 709 1771 709 1772 709 1714 710 1773 710 1712 710 1774 711 1775 711 1723 711 1776 712 1777 712 1707 712 1778 713 1729 713 1777 713 1706 714 1779 714 1776 714 1776 714 1707 714 1706 714 1779 715 1735 715 1780 715 1735 715 1779 715 1706 715 1781 716 1780 716 1704 716 1735 716 1704 716 1780 716 1703 717 1754 717 1781 717 1781 717 1704 717 1703 717 1714 713 1729 713 1778 713 1777 712 1729 712 1707 712 1773 718 1774 718 1712 718 1778 710 1773 710 1714 710 1723 711 1775 711 1719 711 1712 718 1774 718 1723 718 1720 719 1770 719 1771 719 1719 228 1775 228 1770 228 1727 709 1722 709 1772 709 1722 719 1720 719 1771 719 1769 720 1717 720 1767 720 1767 707 1727 707 1772 707 1768 708 1732 708 1715 708 1769 720 1715 720 1717 720 1764 721 1765 721 1711 721 1768 705 1764 705 1732 705 1699 706 1766 706 1700 706 1711 721 1765 721 1699 721 1745 686 1700 686 1766 686 1782 1 1783 1 1784 1 1785 1 1786 1 1787 1 1785 1 1788 1 1786 1 1789 1 1787 1 1790 1 1786 1 1790 1 1787 1 1791 1 1792 1 1789 1 1789 1 1790 1 1791 1 1792 1 1793 1 1794 1 1793 1 1792 1 1791 1 1795 1 1796 1 1797 1 1793 1 1798 1 1794 1 1799 1 1800 1 1801 1 1802 1 1803 1 1804 1 1805 1 1806 1 1807 1 1808 1 1809 1 1810 1 1811 1 1812 1 1813 1 1814 1 1815 1 1816 1 1817 1 1818 1 1814 1 1818 1 1817 1 1809 1 1814 1 1816 1 1817 1 1811 1 1808 1 1810 1 1808 1 1818 1 1809 1 1812 1 1811 1 1810 1 1805 1 1813 1 1806 1 1806 1 1813 1 1812 1 1801 1 1800 1 1807 1 1807 1 1800 1 1805 1 1802 1 1804 1 1799 1 1801 1 1802 1 1799 1 1803 1 1783 1 1782 1 1804 1 1803 1 1782 1 1784 1 1796 1 1795 1 1784 1 1783 1 1796 1 1794 1 1798 1 1797 1 1798 1 1795 1 1797 1 1709 722 1797 722 1796 722 1794 723 1698 723 1743 723 1803 724 1802 724 1716 724 1731 725 1710 725 1783 725 1721 726 1807 726 1806 726 1726 727 1730 727 1801 727 1809 728 1724 728 1810 728 1812 729 1725 729 1718 729 1816 730 1815 730 1733 730 1713 731 1817 731 1728 731 1736 732 1818 732 1808 732 1734 733 1708 733 1814 733 1805 734 1740 734 1813 734 1811 226 1737 226 1705 226 1799 735 1804 735 1671 735 1702 736 1800 736 1670 736 1683 737 1784 737 1795 737 1688 738 1693 738 1782 738 1673 739 1676 739 1793 739 1798 740 1676 740 1681 740 1673 741 1791 741 1674 741 1791 739 1673 739 1793 739 1790 742 1680 742 1674 742 1674 741 1791 741 1790 741 1684 743 1680 743 1786 743 1790 742 1786 742 1680 742 1684 744 1788 744 1685 744 1788 743 1684 743 1786 743 1785 745 1691 745 1685 745 1685 744 1788 744 1785 744 1694 746 1691 746 1787 746 1785 745 1787 745 1691 745 1694 747 1789 747 1695 747 1789 746 1694 746 1787 746 1792 748 1743 748 1695 748 1695 747 1789 747 1792 747 1798 749 1681 749 1795 749 1792 748 1794 748 1743 748 1676 740 1798 740 1793 740 1688 737 1784 737 1683 737 1683 749 1795 749 1681 749 1804 750 1782 750 1693 750 1782 738 1784 738 1688 738 1799 735 1671 735 1670 735 1804 750 1693 750 1671 750 1800 751 1702 751 1805 751 1799 736 1670 736 1800 736 1740 734 1737 734 1813 734 1702 751 1740 751 1805 751 1705 752 1808 752 1811 752 1737 226 1811 226 1813 226 1734 732 1818 732 1736 732 1736 752 1808 752 1705 752 1815 753 1814 753 1708 753 1814 733 1818 733 1734 733 1816 730 1733 730 1728 730 1815 753 1708 753 1733 753 1817 754 1713 754 1809 754 1816 731 1728 731 1817 731 1724 728 1725 728 1810 728 1713 754 1724 754 1809 754 1718 755 1806 755 1812 755 1725 729 1812 729 1810 729 1726 726 1807 726 1721 726 1721 755 1806 755 1718 755 1802 756 1801 756 1730 756 1801 727 1807 727 1726 727 1803 724 1716 724 1731 724 1802 756 1730 756 1716 756 1783 757 1710 757 1796 757 1803 725 1731 725 1783 725 1709 722 1698 722 1797 722 1710 757 1709 757 1796 757 1794 723 1797 723 1698 723 1819 1 1820 1 1821 1 1822 1 1823 1 1824 1 1825 1 1826 1 1827 1 1828 1 1829 1 1830 1 1831 1 1832 1 1833 1 1834 1 1835 1 1836 1 1833 1 1837 1 1838 1 1839 1 1840 1 1841 1 1838 1 1842 1 1843 1 1844 1 1845 1 1846 1 1843 1 1847 1 1821 1 1848 1 1849 1 1850 1 1820 1 1851 1 1852 1 1853 1 1854 1 1855 1 1856 1 1857 1 1858 1 1859 1 1860 1 1861 1 1862 1 1863 1 1864 1 1865 1 1866 1 1867 1 1868 1 1869 1 1870 1 1871 1 1870 1 1872 1 1862 1 1873 1 1874 1 1869 1 1875 1 1873 1 1876 1 1872 1 1877 1 1878 1 1879 1 1864 1 1867 1 1880 1 1877 1 1881 1 1865 1 1882 1 1883 1 1857 1 1879 1 1856 1 1884 1 1885 1 1825 1 1831 1 1826 1 1861 1 1849 1 1859 1 1886 1 1854 1 1885 1 1853 1 1887 1 1888 1 1848 1 1859 1 1849 1 1889 1 1890 1 1852 1 1888 1 1887 1 1890 1 1891 1 1892 1 1845 1 1850 1 1893 1 1848 1 1893 1 1850 1 1891 1 1881 1 1882 1 1860 1 1882 1 1861 1 1860 1 1866 1 1865 1 1881 1 1880 1 1867 1 1866 1 1876 1 1877 1 1880 1 1871 1 1872 1 1876 1 1868 1 1870 1 1871 1 1875 1 1869 1 1868 1 1874 1 1873 1 1875 1 1863 1 1862 1 1874 1 1878 1 1864 1 1863 1 1883 1 1879 1 1878 1 1858 1 1857 1 1883 1 1884 1 1856 1 1858 1 1886 1 1885 1 1884 1 1855 1 1854 1 1886 1 1887 1 1853 1 1855 1 1889 1 1888 1 1890 1 1851 1 1889 1 1852 1 1819 1 1851 1 1820 1 1847 1 1819 1 1821 1 1842 1 1847 1 1843 1 1837 1 1842 1 1838 1 1832 1 1837 1 1833 1 1825 1 1832 1 1831 1 1827 1 1826 1 1823 1 1829 1 1822 1 1824 1 1822 1 1827 1 1823 1 1834 1 1828 1 1830 1 1830 1 1829 1 1824 1 1835 1 1840 1 1836 1 1834 1 1836 1 1828 1 1841 1 1844 1 1839 1 1835 1 1841 1 1840 1 1846 1 1845 1 1892 1 1839 1 1844 1 1846 1 1891 1 1845 1 1893 1 1894 229 1825 229 1827 229 1850 758 1895 758 1891 758 1825 687 1896 687 1832 687 1896 687 1825 687 1894 687 1837 759 1832 759 1897 759 1896 759 1897 759 1832 759 1898 760 1842 760 1837 760 1837 760 1897 760 1898 760 1842 761 1899 761 1847 761 1899 761 1842 761 1898 761 1819 762 1847 762 1900 762 1899 762 1900 762 1847 762 1901 763 1851 763 1819 763 1819 763 1900 763 1901 763 1851 764 1902 764 1889 764 1902 764 1851 764 1901 764 1888 765 1889 765 1903 765 1902 765 1903 765 1889 765 1904 695 1853 695 1888 695 1888 695 1903 695 1904 695 1894 229 1827 229 1905 229 1822 696 1906 696 1905 696 1905 696 1827 696 1822 696 1906 766 1829 766 1907 766 1829 766 1906 766 1822 766 1908 767 1907 767 1828 767 1829 767 1828 767 1907 767 1836 768 1909 768 1908 768 1908 768 1828 768 1836 768 1909 769 1840 769 1910 769 1840 769 1909 769 1836 769 1911 770 1910 770 1839 770 1840 770 1839 770 1910 770 1846 771 1912 771 1911 771 1911 771 1839 771 1846 771 1912 772 1892 772 1913 772 1892 772 1912 772 1846 772 1892 773 1891 773 1913 773 1913 773 1891 773 1895 773 1882 705 1914 705 1861 705 1849 774 1915 774 1916 774 1917 775 1867 775 1877 775 1918 456 1865 456 1919 456 1870 228 1869 228 1920 228 1872 776 1921 776 1922 776 1864 777 1923 777 1862 777 1924 711 1925 711 1873 711 1926 712 1927 712 1857 712 1928 778 1879 778 1927 778 1856 714 1929 714 1926 714 1926 714 1857 714 1856 714 1929 715 1885 715 1930 715 1885 715 1929 715 1856 715 1931 716 1930 716 1854 716 1885 716 1854 716 1930 716 1853 717 1904 717 1931 717 1931 717 1854 717 1853 717 1864 778 1879 778 1928 778 1927 712 1879 712 1857 712 1923 779 1924 779 1862 779 1928 777 1923 777 1864 777 1873 711 1925 711 1869 711 1862 779 1924 779 1873 779 1870 719 1920 719 1921 719 1869 228 1925 228 1920 228 1877 776 1872 776 1922 776 1872 719 1870 719 1921 719 1919 780 1867 780 1917 780 1917 775 1877 775 1922 775 1918 456 1882 456 1865 456 1919 780 1865 780 1867 780 1914 781 1915 781 1861 781 1918 705 1914 705 1882 705 1849 774 1916 774 1850 774 1861 781 1915 781 1849 781 1895 758 1850 758 1916 758 1932 1 1933 1 1934 1 1935 1 1936 1 1937 1 1935 1 1938 1 1936 1 1939 1 1937 1 1940 1 1936 1 1940 1 1937 1 1941 1 1942 1 1939 1 1939 1 1940 1 1941 1 1942 1 1943 1 1944 1 1943 1 1942 1 1941 1 1945 1 1946 1 1947 1 1943 1 1948 1 1944 1 1949 1 1950 1 1951 1 1952 1 1953 1 1954 1 1955 1 1956 1 1957 1 1958 1 1959 1 1960 1 1961 1 1962 1 1963 1 1964 1 1965 1 1966 1 1967 1 1968 1 1964 1 1968 1 1967 1 1959 1 1964 1 1966 1 1967 1 1961 1 1958 1 1960 1 1958 1 1968 1 1959 1 1962 1 1961 1 1960 1 1955 1 1963 1 1956 1 1956 1 1963 1 1962 1 1951 1 1950 1 1957 1 1957 1 1950 1 1955 1 1952 1 1954 1 1949 1 1951 1 1952 1 1949 1 1953 1 1933 1 1932 1 1954 1 1953 1 1932 1 1934 1 1946 1 1945 1 1934 1 1933 1 1946 1 1944 1 1948 1 1947 1 1948 1 1945 1 1947 1 1859 782 1947 782 1946 782 1944 783 1848 783 1893 783 1953 784 1952 784 1866 784 1881 785 1860 785 1933 785 1871 726 1957 726 1956 726 1876 786 1880 786 1951 786 1959 787 1874 787 1960 787 1962 788 1875 788 1868 788 1966 730 1965 730 1883 730 1863 731 1967 731 1878 731 1886 789 1968 789 1958 789 1884 790 1858 790 1964 790 1955 734 1890 734 1963 734 1961 226 1887 226 1855 226 1949 791 1954 791 1821 791 1852 792 1950 792 1820 792 1833 793 1934 793 1945 793 1838 794 1843 794 1932 794 1823 795 1826 795 1943 795 1948 796 1826 796 1831 796 1823 797 1941 797 1824 797 1941 795 1823 795 1943 795 1940 798 1830 798 1824 798 1824 797 1941 797 1940 797 1834 799 1830 799 1936 799 1940 798 1936 798 1830 798 1834 800 1938 800 1835 800 1938 799 1834 799 1936 799 1935 801 1841 801 1835 801 1835 800 1938 800 1935 800 1844 746 1841 746 1937 746 1935 801 1937 801 1841 801 1844 802 1939 802 1845 802 1939 746 1844 746 1937 746 1942 803 1893 803 1845 803 1845 802 1939 802 1942 802 1948 804 1831 804 1945 804 1942 803 1944 803 1893 803 1826 796 1948 796 1943 796 1838 793 1934 793 1833 793 1833 804 1945 804 1831 804 1954 750 1932 750 1843 750 1932 794 1934 794 1838 794 1949 791 1821 791 1820 791 1954 750 1843 750 1821 750 1950 805 1852 805 1955 805 1949 792 1820 792 1950 792 1890 734 1887 734 1963 734 1852 805 1890 805 1955 805 1855 752 1958 752 1961 752 1887 226 1961 226 1963 226 1884 789 1968 789 1886 789 1886 752 1958 752 1855 752 1965 806 1964 806 1858 806 1964 790 1968 790 1884 790 1966 730 1883 730 1878 730 1965 806 1858 806 1883 806 1967 754 1863 754 1959 754 1966 731 1878 731 1967 731 1874 787 1875 787 1960 787 1863 754 1874 754 1959 754 1868 807 1956 807 1962 807 1875 788 1962 788 1960 788 1876 726 1957 726 1871 726 1871 807 1956 807 1868 807 1952 756 1951 756 1880 756 1951 786 1957 786 1876 786 1953 784 1866 784 1881 784 1952 756 1880 756 1866 756 1933 757 1860 757 1946 757 1953 785 1881 785 1933 785 1859 782 1848 782 1947 782 1860 757 1859 757 1946 757 1944 783 1947 783 1848 783 1969 1 1970 1 1971 1 1972 1 1973 1 1974 1 1975 1 1976 1 1977 1 1978 1 1979 1 1980 1 1981 1 1982 1 1983 1 1984 1 1985 1 1986 1 1983 1 1987 1 1988 1 1989 1 1990 1 1991 1 1988 1 1992 1 1993 1 1994 1 1995 1 1996 1 1993 1 1997 1 1971 1 1998 1 1999 1 2000 1 1970 1 2001 1 2002 1 2003 1 2004 1 2005 1 2006 1 2007 1 2008 1 2009 1 2010 1 2011 1 2012 1 2013 1 2014 1 2015 1 2016 1 2017 1 2018 1 2019 1 2020 1 2021 1 2020 1 2022 1 2012 1 2023 1 2024 1 2019 1 2025 1 2023 1 2026 1 2022 1 2027 1 2028 1 2029 1 2014 1 2017 1 2030 1 2027 1 2031 1 2015 1 2032 1 2033 1 2007 1 2029 1 2006 1 2034 1 2035 1 1975 1 1981 1 1976 1 2011 1 1999 1 2009 1 2036 1 2004 1 2035 1 2003 1 2037 1 2038 1 1998 1 2009 1 1999 1 2039 1 2040 1 2002 1 2038 1 2037 1 2040 1 2041 1 2042 1 1995 1 2000 1 2043 1 1998 1 2043 1 2000 1 2041 1 2031 1 2032 1 2010 1 2032 1 2011 1 2010 1 2016 1 2015 1 2031 1 2030 1 2017 1 2016 1 2026 1 2027 1 2030 1 2021 1 2022 1 2026 1 2018 1 2020 1 2021 1 2025 1 2019 1 2018 1 2024 1 2023 1 2025 1 2013 1 2012 1 2024 1 2028 1 2014 1 2013 1 2033 1 2029 1 2028 1 2008 1 2007 1 2033 1 2034 1 2006 1 2008 1 2036 1 2035 1 2034 1 2005 1 2004 1 2036 1 2037 1 2003 1 2005 1 2039 1 2038 1 2040 1 2001 1 2039 1 2002 1 1969 1 2001 1 1970 1 1997 1 1969 1 1971 1 1992 1 1997 1 1993 1 1987 1 1992 1 1988 1 1982 1 1987 1 1983 1 1975 1 1982 1 1981 1 1977 1 1976 1 1973 1 1979 1 1972 1 1974 1 1972 1 1977 1 1973 1 1984 1 1978 1 1980 1 1980 1 1979 1 1974 1 1985 1 1990 1 1986 1 1984 1 1986 1 1978 1 1991 1 1994 1 1989 1 1985 1 1991 1 1990 1 1996 1 1995 1 2042 1 1989 1 1994 1 1996 1 2041 1 1995 1 2043 1 2044 229 1975 229 1977 229 2000 758 2045 758 2041 758 1975 687 2046 687 1982 687 2046 687 1975 687 2044 687 1987 808 1982 808 2047 808 2046 808 2047 808 1982 808 2048 809 1992 809 1987 809 1987 809 2047 809 2048 809 1992 761 2049 761 1997 761 2049 761 1992 761 2048 761 1969 691 1997 691 2050 691 2049 691 2050 691 1997 691 2051 692 2001 692 1969 692 1969 692 2050 692 2051 692 2001 693 2052 693 2039 693 2052 693 2001 693 2051 693 2038 694 2039 694 2053 694 2052 694 2053 694 2039 694 2054 695 2003 695 2038 695 2038 695 2053 695 2054 695 2044 229 1977 229 2055 229 1972 696 2056 696 2055 696 2055 696 1977 696 1972 696 2056 810 1979 810 2057 810 1979 810 2056 810 1972 810 2058 811 2057 811 1978 811 1979 811 1978 811 2057 811 1986 768 2059 768 2058 768 2058 768 1978 768 1986 768 2059 411 1990 411 2060 411 1990 411 2059 411 1986 411 2061 701 2060 701 1989 701 1990 701 1989 701 2060 701 1996 812 2062 812 2061 812 2061 812 1989 812 1996 812 2062 813 2042 813 2063 813 2042 813 2062 813 1996 813 2042 773 2041 773 2063 773 2063 773 2041 773 2045 773 2032 814 2064 814 2011 814 1999 815 2065 815 2066 815 2067 816 2017 816 2027 816 2068 817 2015 817 2069 817 2020 228 2019 228 2070 228 2022 818 2071 818 2072 818 2014 819 2073 819 2012 819 2074 711 2075 711 2023 711 2076 820 2077 820 2007 820 2078 778 2029 778 2077 778 2006 821 2079 821 2076 821 2076 821 2007 821 2006 821 2079 822 2035 822 2080 822 2035 822 2079 822 2006 822 2081 823 2080 823 2004 823 2035 823 2004 823 2080 823 2003 717 2054 717 2081 717 2081 717 2004 717 2003 717 2014 778 2029 778 2078 778 2077 820 2029 820 2007 820 2073 824 2074 824 2012 824 2078 819 2073 819 2014 819 2023 711 2075 711 2019 711 2012 824 2074 824 2023 824 2020 719 2070 719 2071 719 2019 228 2075 228 2070 228 2027 818 2022 818 2072 818 2022 719 2020 719 2071 719 2069 780 2017 780 2067 780 2067 816 2027 816 2072 816 2068 817 2032 817 2015 817 2069 780 2015 780 2017 780 2064 825 2065 825 2011 825 2068 814 2064 814 2032 814 1999 815 2066 815 2000 815 2011 825 2065 825 1999 825 2045 758 2000 758 2066 758 2082 1 2083 1 2084 1 2085 1 2086 1 2087 1 2085 1 2088 1 2086 1 2089 1 2087 1 2090 1 2086 1 2090 1 2087 1 2091 1 2092 1 2089 1 2089 1 2090 1 2091 1 2092 1 2093 1 2094 1 2093 1 2092 1 2091 1 2095 1 2096 1 2097 1 2093 1 2098 1 2094 1 2099 1 2100 1 2101 1 2102 1 2103 1 2104 1 2105 1 2106 1 2107 1 2108 1 2109 1 2110 1 2111 1 2112 1 2113 1 2114 1 2115 1 2116 1 2117 1 2118 1 2114 1 2118 1 2117 1 2109 1 2114 1 2116 1 2117 1 2111 1 2108 1 2110 1 2108 1 2118 1 2109 1 2112 1 2111 1 2110 1 2105 1 2113 1 2106 1 2106 1 2113 1 2112 1 2101 1 2100 1 2107 1 2107 1 2100 1 2105 1 2102 1 2104 1 2099 1 2101 1 2102 1 2099 1 2103 1 2083 1 2082 1 2104 1 2103 1 2082 1 2084 1 2096 1 2095 1 2084 1 2083 1 2096 1 2094 1 2098 1 2097 1 2098 1 2095 1 2097 1 2009 782 2097 782 2096 782 2094 783 1998 783 2043 783 2103 826 2102 826 2016 826 2031 785 2010 785 2083 785 2021 827 2107 827 2106 827 2026 828 2030 828 2101 828 2109 787 2024 787 2110 787 2112 829 2025 829 2018 829 2116 730 2115 730 2033 730 2013 830 2117 830 2028 830 2036 789 2118 789 2108 789 2034 790 2008 790 2114 790 2105 734 2040 734 2113 734 2111 226 2037 226 2005 226 2099 831 2104 831 1971 831 2002 792 2100 792 1970 792 1983 737 2084 737 2095 737 1988 738 1993 738 2082 738 1973 832 1976 832 2093 832 2098 833 1976 833 1981 833 1973 741 2091 741 1974 741 2091 832 1973 832 2093 832 2090 834 1980 834 1974 834 1974 741 2091 741 2090 741 1984 743 1980 743 2086 743 2090 834 2086 834 1980 834 1984 835 2088 835 1985 835 2088 743 1984 743 2086 743 2085 801 1991 801 1985 801 1985 835 2088 835 2085 835 1994 746 1991 746 2087 746 2085 801 2087 801 1991 801 1994 802 2089 802 1995 802 2089 746 1994 746 2087 746 2092 803 2043 803 1995 803 1995 802 2089 802 2092 802 2098 804 1981 804 2095 804 2092 803 2094 803 2043 803 1976 833 2098 833 2093 833 1988 737 2084 737 1983 737 1983 804 2095 804 1981 804 2104 750 2082 750 1993 750 2082 738 2084 738 1988 738 2099 831 1971 831 1970 831 2104 750 1993 750 1971 750 2100 805 2002 805 2105 805 2099 792 1970 792 2100 792 2040 734 2037 734 2113 734 2002 805 2040 805 2105 805 2005 752 2108 752 2111 752 2037 226 2111 226 2113 226 2034 789 2118 789 2036 789 2036 752 2108 752 2005 752 2115 836 2114 836 2008 836 2114 790 2118 790 2034 790 2116 730 2033 730 2028 730 2115 836 2008 836 2033 836 2117 837 2013 837 2109 837 2116 830 2028 830 2117 830 2024 787 2025 787 2110 787 2013 837 2024 837 2109 837 2018 838 2106 838 2112 838 2025 829 2112 829 2110 829 2026 827 2107 827 2021 827 2021 838 2106 838 2018 838 2102 839 2101 839 2030 839 2101 828 2107 828 2026 828 2103 826 2016 826 2031 826 2102 839 2030 839 2016 839 2083 757 2010 757 2096 757 2103 785 2031 785 2083 785 2009 782 1998 782 2097 782 2010 757 2009 757 2096 757 2094 783 2097 783 1998 783 284 840 4 840 209 840 284 841 286 841 10 841 10 842 4 842 284 842 12 843 286 843 289 843 286 844 12 844 10 844 396 845 13 845 289 845 12 846 289 846 13 846 396 847 218 847 14 847 14 848 13 848 396 848 218 849 5 849 14 849 11 850 209 850 4 850 216 851 11 851 15 851 11 852 216 852 209 852 17 853 295 853 15 853 216 854 15 854 295 854 17 855 16 855 391 855 391 856 295 856 17 856 213 857 16 857 19 857 16 858 213 858 391 858 213 859 19 859 290 859 231 860 9 860 226 860 231 861 228 861 26 861 26 862 9 862 231 862 27 863 228 863 234 863 228 864 27 864 26 864 279 865 22 865 234 865 27 866 234 866 22 866 279 867 267 867 23 867 23 868 22 868 279 868 267 869 25 869 23 869 7 870 226 870 9 870 220 871 7 871 6 871 7 872 220 872 226 872 2 873 388 873 6 873 220 874 6 874 388 874 2 875 1 875 184 875 184 876 388 876 2 876 185 877 1 877 0 877 1 878 185 878 184 878 185 879 0 879 211 879 2119 880 178 880 2120 880 178 881 223 881 2120 881 2121 882 178 882 2122 882 178 883 2119 883 2122 883 178 884 2123 884 102 884 178 885 2121 885 2123 885 178 886 102 886 96 886 102 886 95 886 96 886 172 887 135 887 2124 887 2125 888 2126 888 172 888 100 889 99 889 135 889 2124 890 2127 890 172 890 100 889 135 889 172 889 2128 891 2125 891 172 891 2127 892 2128 892 172 892 224 893 172 893 2126 893 2129 229 2130 229 2131 229 2131 229 2132 229 2129 229 2133 226 2134 226 2135 226 2136 226 2134 226 2137 226 2137 226 2134 226 2138 226 2139 226 2140 226 2134 226 2141 226 2134 226 2136 226 2142 226 2134 226 2141 226 2134 226 2143 226 2144 226 2142 226 2145 226 2146 226 2147 226 2148 226 2140 226 2149 226 2146 226 2150 226 2151 226 2152 226 2153 226 2154 226 2140 226 2155 226 2156 226 2140 226 2154 226 2157 226 2158 226 2159 226 2160 226 2155 226 2140 226 2153 226 2161 226 2162 226 2163 226 2164 226 2151 226 2153 226 2165 226 2166 226 2167 226 2168 226 2153 226 2169 226 2170 226 2130 226 2164 226 2152 226 2151 226 2171 226 2172 226 2173 226 2174 226 2175 226 2176 226 2130 226 2177 226 2178 226 2130 226 2179 226 2180 226 2181 226 2182 226 2183 226 2184 226 2185 226 2186 226 2187 226 2183 226 2182 226 2188 226 2130 226 2178 226 2177 226 2185 226 2184 226 2189 226 2190 226 2191 226 2130 226 2192 226 2179 226 2130 226 2193 226 2194 226 2193 226 2130 226 2180 226 2176 226 2195 226 2196 226 2195 226 2176 226 2175 226 2197 226 2198 226 2199 226 2130 226 2188 226 2192 226 2184 226 2200 226 2177 226 2177 226 2200 226 2178 226 2201 226 2197 226 2187 226 2186 226 2202 226 2181 226 2202 226 2186 226 2185 226 2183 226 2187 226 2197 226 2181 226 2202 226 2182 226 2195 226 2203 226 2196 226 2204 226 2205 226 2198 226 2206 226 2198 226 2205 226 2207 226 2208 226 2209 226 2203 226 2210 226 2196 226 2206 226 2211 226 2212 226 2210 226 2203 226 2213 226 2214 226 2212 226 2211 226 2215 226 2216 226 2217 226 2218 226 2210 226 2213 226 2219 226 2220 226 2221 226 2222 226 2223 226 2224 226 2225 226 2208 226 2207 226 2226 226 2227 226 2228 226 2229 226 2208 226 2225 226 2230 226 2231 226 2232 226 2233 226 2234 226 2235 226 2227 226 2226 226 2236 226 2130 226 2170 226 2131 226 2170 226 2169 226 2237 226 2131 226 2238 226 2239 226 2240 226 2131 226 2170 226 2240 226 2238 226 2131 226 2239 226 2241 226 2131 226 2242 226 2243 226 2130 226 2130 226 2243 226 2169 226 2194 226 2244 226 2130 226 2130 226 2244 226 2242 226 2229 226 2245 226 2208 226 2246 226 2153 226 2247 226 2228 226 2227 226 2248 226 2249 226 2250 226 2251 226 2251 226 2250 226 2252 226 2253 226 2254 226 2255 226 2256 226 2257 226 2252 226 2258 226 2259 226 2260 226 2214 226 2171 226 2261 226 2153 226 2246 226 2262 226 2263 226 2262 226 2246 226 2264 226 2265 226 2266 226 2267 226 2266 226 2268 226 2269 226 2266 226 2262 226 2270 226 2271 226 2153 226 2153 226 2271 226 2247 226 2165 226 2153 226 2168 226 2153 226 2166 226 2270 226 2162 226 2167 226 2153 226 2153 226 2152 226 2161 226 2151 226 2157 226 2163 226 2158 226 2272 226 2159 226 2163 226 2157 226 2159 226 2273 226 2272 226 2274 226 2272 226 2273 226 2159 226 2140 226 2273 226 2160 226 2273 226 2274 226 2160 226 2275 226 2276 226 2140 226 2140 226 2276 226 2273 226 2148 226 2277 226 2140 226 2140 226 2277 226 2275 226 2147 226 2140 226 2278 226 2279 226 2280 226 2281 226 2139 226 2282 226 2283 226 2245 226 2229 226 2230 226 2232 226 2231 226 2284 226 2234 226 2146 226 2149 226 2228 226 2248 226 2285 226 2237 226 2236 226 2226 226 2237 226 2169 226 2236 226 2209 226 2286 226 2207 226 2285 226 2287 226 2288 226 2287 226 2285 226 2248 226 2289 226 2290 226 2288 226 2288 226 2287 226 2289 226 2291 226 2290 226 2292 226 2289 226 2292 226 2290 226 2209 226 2291 226 2286 226 2286 226 2291 226 2292 226 2245 226 2230 226 2232 226 2284 226 2231 226 2293 226 2294 226 2295 226 2293 226 2284 226 2293 226 2295 226 2279 226 2294 226 2280 226 2294 226 2279 226 2295 226 2296 226 2281 226 2280 226 2296 226 2283 226 2282 226 2282 226 2281 226 2296 226 2139 226 2283 226 2278 226 2278 226 2140 226 2139 226 2133 226 2297 226 2134 226 2134 226 2297 226 2139 226 2144 226 2135 226 2134 226 2142 226 2143 226 2134 226 2142 226 2141 226 2145 226 2146 226 2145 226 2150 226 2234 226 2149 226 2235 226 2298 226 2299 226 2233 226 2233 226 2235 226 2298 226 2300 226 2299 226 2131 226 2298 226 2131 226 2299 226 2301 226 2302 226 2131 226 2131 226 2302 226 2300 226 2303 226 2304 226 2131 226 2131 226 2304 226 2301 226 2241 226 2303 226 2131 226 2229 226 2221 226 2256 226 2305 226 2306 226 2307 226 2308 226 2174 226 2189 226 2174 226 2308 226 2175 226 2198 226 2201 226 2204 226 2191 226 2308 226 2189 226 2197 226 2199 226 2190 226 2191 226 2190 226 2199 226 2198 226 2197 226 2201 226 2205 226 2211 226 2206 226 2212 226 2214 226 2261 226 2261 226 2171 226 2173 226 2266 226 2309 226 2172 226 2173 226 2172 226 2309 226 2265 226 2310 226 2266 226 2266 226 2310 226 2309 226 2246 226 2258 226 2263 226 2266 226 2153 226 2262 226 2311 226 2312 226 2266 226 2266 226 2312 226 2264 226 2269 226 2313 226 2266 226 2267 226 2314 226 2266 226 2266 226 2314 226 2311 226 2313 226 2268 226 2266 226 2260 226 2259 226 2306 226 2263 226 2258 226 2260 226 2259 226 2307 226 2306 226 2255 226 2305 226 2253 226 2307 226 2253 226 2305 226 2254 226 2249 226 2255 226 2221 226 2257 226 2256 226 2250 226 2249 226 2254 226 2257 226 2251 226 2252 226 2225 226 2221 226 2229 226 2220 226 2219 226 2224 226 2221 226 2225 226 2219 226 2223 226 2222 226 2215 226 2220 226 2224 226 2223 226 2216 226 2218 226 2217 226 2222 226 2216 226 2215 226 2213 226 2217 226 2218 226 2266 228 2315 228 2316 228 2316 228 2153 228 2266 228 2317 227 2318 227 2319 227 2320 227 2318 227 2321 227 2321 227 2318 227 2322 227 2323 227 2324 227 2325 227 2326 227 2318 227 2320 227 2327 227 2318 227 2328 227 2318 227 2327 227 2329 227 2328 227 2326 227 2330 227 2331 227 2332 227 2333 227 2334 227 2335 227 2328 227 2336 227 2337 227 2132 227 2338 227 2324 227 2339 227 2340 227 2324 227 2338 227 2333 227 2341 227 2331 227 2342 227 2339 227 2324 227 2343 227 2344 227 2132 227 2345 227 2346 227 2347 227 2348 227 2349 227 2132 227 2348 227 2132 227 2344 227 2350 227 2129 227 2351 227 2352 227 2324 227 2353 227 2354 227 2355 227 2356 227 2356 227 2355 227 2357 227 2358 227 2359 227 2360 227 2361 227 2362 227 2363 227 2364 227 2365 227 2366 227 2367 227 2315 227 2368 227 2369 227 2370 227 2357 227 2371 227 2366 227 2372 227 2373 227 2374 227 2375 227 2374 227 2376 227 2377 227 2129 227 2350 227 2378 227 2379 227 2380 227 2316 227 2129 227 2381 227 2382 227 2351 227 2129 227 2382 227 2383 227 2384 227 2385 227 2129 227 2132 227 2381 227 2386 227 2387 227 2388 227 2389 227 2390 227 2391 227 2392 227 2393 227 2394 227 2395 227 2396 227 2360 227 2360 227 2375 227 2395 227 2397 227 2396 227 2395 227 2398 227 2399 227 2354 227 2400 227 2365 227 2364 227 2358 227 2401 227 2402 227 2369 227 2403 227 2370 227 2404 227 2405 227 2406 227 2407 227 2365 227 2400 227 2408 227 2409 227 2410 227 2411 227 2412 227 2413 227 2403 227 2369 227 2414 227 2415 227 2416 227 2414 227 2417 227 2315 227 2418 227 2414 227 2419 227 2420 227 2315 227 2361 227 2421 227 2420 227 2419 227 2422 227 2423 227 2403 227 2414 227 2424 227 2425 227 2362 227 2423 227 2414 227 2420 227 2426 227 2427 227 2428 227 2370 227 2356 227 2357 227 2355 227 2354 227 2399 227 2398 227 2429 227 2430 227 2399 227 2398 227 2430 227 2431 227 2429 227 2129 227 2398 227 2129 227 2429 227 2432 227 2433 227 2129 227 2129 227 2433 227 2431 227 2434 227 2435 227 2129 227 2129 227 2435 227 2432 227 2378 227 2434 227 2129 227 2436 227 2335 227 2437 227 2372 227 2438 227 2439 227 2440 227 2436 227 2441 227 2324 227 2442 227 2342 227 2443 227 2353 227 2318 227 2324 227 2318 227 2353 227 2329 227 2319 227 2318 227 2318 227 2317 227 2443 227 2326 227 2328 227 2318 227 2328 227 2330 227 2334 227 2335 227 2334 227 2437 227 2335 227 2436 227 2440 227 2441 227 2444 227 2445 227 2440 227 2441 227 2445 227 2380 227 2444 227 2316 227 2441 227 2316 227 2444 227 2316 227 2446 227 2447 227 2448 227 2449 227 2316 227 2316 227 2449 227 2379 227 2316 227 2447 227 2450 227 2316 227 2450 227 2448 227 2316 227 2451 227 2452 227 2446 227 2316 227 2452 227 2315 227 2453 227 2316 227 2451 227 2316 227 2453 227 2454 227 2455 227 2456 227 2457 227 2458 227 2459 227 2460 227 2461 227 2315 227 2373 227 2462 227 2374 227 2402 227 2359 227 2358 227 2373 227 2463 227 2462 227 2439 227 2371 227 2372 227 2464 227 2465 227 2466 227 2397 227 2467 227 2396 227 2464 227 2468 227 2465 227 2352 227 2469 227 2324 227 2324 227 2323 227 2470 227 2352 227 2466 227 2465 227 2345 227 2347 227 2332 227 2466 227 2352 227 2353 227 2336 227 2132 227 2346 227 2132 227 2337 227 2343 227 2132 227 2347 227 2346 227 2470 227 2471 227 2324 227 2345 227 2332 227 2331 227 2341 227 2472 227 2473 227 2341 227 2333 227 2472 227 2473 227 2342 227 2442 227 2442 227 2341 227 2473 227 2471 227 2442 227 2324 227 2469 227 2325 227 2324 227 2438 227 2462 227 2463 227 2468 227 2474 227 2475 227 2474 227 2468 227 2464 227 2476 227 2477 227 2475 227 2475 227 2474 227 2476 227 2478 227 2477 227 2479 227 2476 227 2479 227 2477 227 2397 227 2478 227 2467 227 2467 227 2478 227 2479 227 2377 227 2376 227 2392 227 2375 227 2374 227 2377 227 2393 227 2388 227 2394 227 2376 227 2393 227 2392 227 2386 227 2391 227 2387 227 2388 227 2387 227 2394 227 2480 227 2390 227 2389 227 2389 227 2391 227 2386 227 2481 227 2381 227 2132 227 2480 227 2383 227 2385 227 2385 227 2390 227 2480 227 2384 227 2383 227 2482 227 2482 227 2381 227 2481 227 2384 227 2482 227 2481 227 2483 227 2484 227 2132 227 2132 227 2484 227 2481 227 2349 227 2485 227 2132 227 2132 227 2485 227 2483 227 2438 227 2463 227 2439 227 2371 227 2364 227 2366 227 2373 227 2360 227 2359 227 2373 227 2375 227 2360 227 2486 227 2402 227 2401 227 2487 227 2455 227 2486 227 2486 227 2401 227 2487 227 2456 227 2488 227 2454 227 2487 227 2456 227 2455 227 2458 227 2488 227 2459 227 2488 227 2458 227 2454 227 2489 227 2457 227 2459 227 2489 227 2490 227 2491 227 2491 227 2457 227 2489 227 2453 227 2461 227 2490 227 2491 227 2490 227 2461 227 2315 227 2461 227 2453 227 2492 227 2493 227 2315 227 2315 227 2493 227 2460 227 2367 227 2494 227 2315 227 2315 227 2494 227 2492 227 2368 227 2315 227 2495 227 2421 227 2418 227 2315 227 2495 227 2315 227 2417 227 2363 227 2421 227 2361 227 2424 227 2362 227 2361 227 2496 227 2425 227 2424 227 2414 227 2416 227 2419 227 2496 227 2426 227 2428 227 2428 227 2425 227 2496 227 2427 227 2426 227 2422 227 2427 227 2422 227 2419 227 2408 227 2416 227 2415 227 2410 227 2409 227 2411 227 2408 227 2415 227 2409 227 2413 227 2412 227 2404 227 2410 227 2411 227 2413 227 2405 227 2407 227 2406 227 2412 227 2405 227 2404 227 2400 227 2406 227 2407 227 2318 0 2324 0 2134 0 2318 0 2134 0 2140 0 2434 894 2378 894 2194 894 2433 895 2432 895 2179 895 2435 896 2193 896 2180 896 2178 897 2430 897 2429 897 2192 898 2188 898 2431 898 2355 899 2186 899 2357 899 2399 900 2200 900 2184 900 2415 901 2414 901 2197 901 2183 902 2369 902 2181 902 2174 903 2412 903 2411 903 2190 904 2189 904 2409 904 2407 229 2210 229 2365 229 2405 905 2176 905 2196 905 2438 906 2372 906 2222 906 2216 907 2366 907 2218 907 2225 908 2376 908 2374 908 2224 909 2219 909 2462 909 2388 910 2292 910 2386 910 2393 911 2207 911 2286 911 2289 912 2287 912 2389 912 2389 912 2386 912 2289 912 2248 913 2480 913 2287 913 2389 913 2287 913 2480 913 2383 914 2248 914 2227 914 2248 914 2383 914 2480 914 2227 915 2236 915 2482 915 2482 915 2383 915 2227 915 2169 916 2381 916 2236 916 2482 916 2236 916 2381 916 2382 917 2169 917 2243 917 2169 917 2382 917 2381 917 2243 918 2242 918 2351 918 2351 918 2382 918 2243 918 2244 919 2350 919 2242 919 2351 919 2242 919 2350 919 2378 920 2244 920 2194 920 2244 920 2378 920 2350 920 2292 921 2388 921 2286 921 2386 910 2292 910 2289 910 2376 911 2207 911 2393 911 2393 921 2286 921 2388 921 2219 922 2225 922 2374 922 2225 908 2207 908 2376 908 2224 909 2462 909 2438 909 2219 922 2374 922 2462 922 2222 923 2372 923 2216 923 2224 906 2438 906 2222 906 2366 907 2365 907 2218 907 2372 923 2366 923 2216 923 2407 924 2196 924 2210 924 2365 229 2210 229 2218 229 2412 905 2176 905 2405 905 2405 924 2196 924 2407 924 2189 925 2174 925 2411 925 2174 903 2176 903 2412 903 2190 904 2409 904 2415 904 2189 925 2411 925 2409 925 2197 926 2414 926 2183 926 2190 901 2415 901 2197 901 2369 902 2357 902 2181 902 2414 926 2369 926 2183 926 2355 927 2184 927 2186 927 2357 899 2186 899 2181 899 2430 900 2200 900 2399 900 2399 927 2184 927 2355 927 2188 928 2178 928 2429 928 2178 897 2200 897 2430 897 2192 898 2431 898 2433 898 2188 928 2429 928 2431 928 2179 929 2432 929 2180 929 2192 895 2433 895 2179 895 2435 896 2434 896 2193 896 2432 929 2435 929 2180 929 2194 894 2193 894 2434 894 2476 894 2474 894 2280 894 2396 895 2467 895 2231 895 2479 896 2294 896 2293 896 2256 897 2401 897 2358 897 2230 898 2229 898 2360 898 2456 899 2254 899 2488 899 2487 900 2252 900 2250 900 2490 901 2489 901 2259 901 2307 902 2459 902 2253 902 2247 903 2452 903 2451 903 2258 904 2246 904 2453 904 2447 229 2166 229 2450 229 2446 905 2271 905 2270 905 2379 906 2449 906 2167 906 2168 907 2448 907 2165 907 2152 908 2445 908 2444 908 2162 909 2161 909 2380 909 2335 910 2159 910 2328 910 2440 911 2164 911 2163 911 2273 912 2276 912 2327 912 2327 912 2328 912 2273 912 2275 913 2329 913 2276 913 2327 913 2276 913 2329 913 2319 914 2275 914 2277 914 2275 914 2319 914 2329 914 2277 915 2148 915 2317 915 2317 915 2319 915 2277 915 2147 916 2443 916 2148 916 2317 916 2148 916 2443 916 2353 917 2147 917 2278 917 2147 917 2353 917 2443 917 2278 918 2283 918 2466 918 2466 918 2353 918 2278 918 2296 919 2464 919 2283 919 2466 919 2283 919 2464 919 2474 920 2296 920 2280 920 2296 920 2474 920 2464 920 2159 921 2335 921 2163 921 2328 910 2159 910 2273 910 2445 911 2164 911 2440 911 2440 921 2163 921 2335 921 2161 922 2152 922 2444 922 2152 908 2164 908 2445 908 2162 909 2380 909 2379 909 2161 922 2444 922 2380 922 2167 923 2449 923 2168 923 2162 906 2379 906 2167 906 2448 907 2450 907 2165 907 2449 923 2448 923 2168 923 2447 924 2270 924 2166 924 2450 229 2166 229 2165 229 2452 905 2271 905 2446 905 2446 924 2270 924 2447 924 2246 925 2247 925 2451 925 2247 903 2271 903 2452 903 2258 904 2453 904 2490 904 2246 925 2451 925 2453 925 2259 926 2489 926 2307 926 2258 901 2490 901 2259 901 2459 902 2488 902 2253 902 2489 926 2459 926 2307 926 2456 927 2250 927 2254 927 2488 899 2254 899 2253 899 2401 900 2252 900 2487 900 2487 927 2250 927 2456 927 2229 928 2256 928 2358 928 2256 897 2252 897 2401 897 2230 898 2360 898 2396 898 2229 928 2358 928 2360 928 2231 929 2467 929 2293 929 2230 895 2396 895 2231 895 2479 896 2476 896 2294 896 2467 929 2479 929 2293 929 2280 894 2294 894 2476 894 2485 894 2349 894 2241 894 2481 895 2484 895 2240 895 2483 896 2239 896 2238 896 2226 897 2390 897 2385 897 2170 898 2237 898 2384 898 2387 899 2288 899 2394 899 2391 900 2228 900 2285 900 2375 901 2377 901 2209 901 2291 902 2392 902 2290 902 2232 903 2478 903 2397 903 2208 904 2245 904 2395 904 2475 229 2279 229 2468 229 2477 905 2284 905 2295 905 2469 906 2352 906 2139 906 2282 907 2465 907 2281 907 2135 908 2470 908 2323 908 2297 909 2133 909 2325 909 2442 910 2142 910 2341 910 2471 911 2144 911 2143 911 2146 912 2234 912 2331 912 2331 912 2341 912 2146 912 2233 913 2345 913 2234 913 2331 913 2234 913 2345 913 2346 914 2233 914 2299 914 2233 914 2346 914 2345 914 2299 915 2300 915 2336 915 2336 915 2346 915 2299 915 2302 916 2337 916 2300 916 2336 916 2300 916 2337 916 2343 917 2302 917 2301 917 2302 917 2343 917 2337 917 2301 918 2304 918 2344 918 2344 918 2343 918 2301 918 2303 919 2348 919 2304 919 2344 919 2304 919 2348 919 2349 920 2303 920 2241 920 2303 920 2349 920 2348 920 2142 921 2442 921 2143 921 2341 910 2142 910 2146 910 2470 911 2144 911 2471 911 2471 921 2143 921 2442 921 2133 922 2135 922 2323 922 2135 908 2144 908 2470 908 2297 909 2325 909 2469 909 2133 922 2323 922 2325 922 2139 923 2352 923 2282 923 2297 906 2469 906 2139 906 2465 907 2468 907 2281 907 2352 923 2465 923 2282 923 2475 924 2295 924 2279 924 2468 229 2279 229 2281 229 2478 905 2284 905 2477 905 2477 924 2295 924 2475 924 2245 925 2232 925 2397 925 2232 903 2284 903 2478 903 2208 904 2395 904 2375 904 2245 925 2397 925 2395 925 2209 926 2377 926 2291 926 2208 901 2375 901 2209 901 2392 902 2394 902 2290 902 2377 926 2392 926 2291 926 2387 927 2285 927 2288 927 2394 899 2288 899 2290 899 2390 900 2228 900 2391 900 2391 927 2285 927 2387 927 2237 928 2226 928 2385 928 2226 897 2228 897 2390 897 2170 898 2384 898 2481 898 2237 928 2385 928 2384 928 2240 929 2484 929 2238 929 2170 895 2481 895 2240 895 2483 896 2485 896 2239 896 2484 929 2483 929 2238 929 2241 894 2239 894 2485 894 2406 894 2400 894 2213 894 2410 895 2413 895 2175 895 2404 896 2203 896 2195 896 2199 897 2419 897 2416 897 2308 898 2191 898 2408 898 2428 899 2212 899 2425 899 2427 900 2198 900 2206 900 2421 901 2363 901 2309 901 2173 902 2362 902 2261 902 2264 903 2495 903 2417 903 2310 904 2265 904 2418 904 2367 229 2314 229 2494 229 2368 905 2312 905 2311 905 2460 906 2493 906 2313 906 2268 907 2492 907 2267 907 2263 908 2457 908 2491 908 2269 909 2262 909 2461 909 2454 910 2305 910 2455 910 2458 911 2260 911 2306 911 2255 912 2249 912 2486 912 2486 912 2455 912 2255 912 2251 913 2402 913 2249 913 2486 913 2249 913 2402 913 2359 914 2251 914 2257 914 2251 914 2359 914 2402 914 2257 915 2221 915 2373 915 2373 915 2359 915 2257 915 2220 916 2463 916 2221 916 2373 916 2221 916 2463 916 2439 917 2220 917 2223 917 2220 917 2439 917 2463 917 2223 918 2215 918 2371 918 2371 918 2439 918 2223 918 2217 919 2364 919 2215 919 2371 919 2215 919 2364 919 2400 920 2217 920 2213 920 2217 920 2400 920 2364 920 2305 921 2454 921 2306 921 2455 910 2305 910 2255 910 2457 911 2260 911 2458 911 2458 921 2306 921 2454 921 2262 922 2263 922 2491 922 2263 908 2260 908 2457 908 2269 909 2461 909 2460 909 2262 922 2491 922 2461 922 2313 923 2493 923 2268 923 2269 906 2460 906 2313 906 2492 907 2494 907 2267 907 2493 923 2492 923 2268 923 2367 924 2311 924 2314 924 2494 229 2314 229 2267 229 2495 905 2312 905 2368 905 2368 924 2311 924 2367 924 2265 925 2264 925 2417 925 2264 903 2312 903 2495 903 2310 904 2418 904 2421 904 2265 925 2417 925 2418 925 2309 926 2363 926 2173 926 2310 901 2421 901 2309 901 2362 902 2425 902 2261 902 2363 926 2362 926 2173 926 2428 927 2206 927 2212 927 2425 899 2212 899 2261 899 2419 900 2198 900 2427 900 2427 927 2206 927 2428 927 2191 928 2199 928 2416 928 2199 897 2198 897 2419 897 2308 898 2408 898 2410 898 2191 928 2416 928 2408 928 2175 929 2413 929 2195 929 2308 895 2410 895 2175 895 2404 896 2406 896 2203 896 2413 929 2404 929 2195 929 2213 894 2203 894 2406 894 2145 930 2473 930 2472 930 2333 931 2150 931 2472 931 2145 930 2472 930 2150 930 2333 932 2332 932 2149 932 2149 931 2150 931 2333 931 2235 933 2332 933 2347 933 2332 932 2235 932 2149 932 2132 934 2298 934 2347 934 2235 933 2347 933 2298 933 2131 934 2298 934 2132 934 2141 935 2473 935 2145 935 2342 936 2141 936 2136 936 2141 935 2342 935 2473 935 2137 937 2339 937 2136 937 2342 936 2136 936 2339 936 2137 938 2138 938 2338 938 2338 937 2339 937 2137 937 2340 939 2138 939 2134 939 2138 938 2340 938 2338 938 2340 939 2134 939 2324 939 2330 940 2274 940 2272 940 2158 941 2334 941 2272 941 2330 940 2272 940 2334 940 2158 942 2157 942 2437 942 2437 941 2334 941 2158 941 2436 943 2157 943 2151 943 2157 942 2436 942 2437 942 2153 944 2441 944 2151 944 2436 943 2151 943 2441 943 2316 944 2441 944 2153 944 2326 945 2274 945 2330 945 2160 946 2326 946 2320 946 2326 945 2160 945 2274 945 2321 947 2155 947 2320 947 2160 946 2320 946 2155 946 2321 948 2322 948 2154 948 2154 947 2155 947 2321 947 2156 949 2322 949 2318 949 2322 948 2156 948 2154 948 2156 949 2318 949 2140 949 2361 950 2315 950 2266 950 2426 951 2496 951 2214 951 2424 952 2172 952 2171 952 2497 953 2498 953 2499 953 2422 954 2205 954 2420 954 2500 955 2501 955 2502 955 2501 956 2503 956 2504 956 2503 955 2501 955 2500 955 2505 957 2506 957 2504 957 2504 956 2503 956 2505 956 21 958 2506 958 2507 958 2505 957 2507 957 2506 957 8 958 21 958 2507 958 2502 959 2499 959 2500 959 2497 953 2508 953 2498 953 2502 959 2497 959 2499 959 2204 960 2508 960 2420 960 2508 960 2204 960 2498 960 2205 954 2204 954 2420 954 2426 951 2214 951 2211 951 2211 961 2205 961 2422 961 2211 961 2422 961 2426 961 2496 962 2424 962 2171 962 2214 962 2496 962 2171 962 2361 950 2266 950 2172 950 2424 952 2361 952 2172 952 2177 963 2130 963 2129 963 2182 964 2202 964 2356 964 2185 965 2398 965 2354 965 2509 966 2510 966 2511 966 2187 967 2403 967 2201 967 2512 968 2513 968 2514 968 2513 969 2515 969 2516 969 2515 968 2513 968 2512 968 2517 970 2518 970 2516 970 2516 969 2515 969 2517 969 3 971 2518 971 2519 971 2517 970 2519 970 2518 970 18 971 3 971 2519 971 2514 972 2511 972 2512 972 2509 966 2520 966 2510 966 2514 972 2509 972 2511 972 2423 973 2520 973 2201 973 2520 973 2423 973 2510 973 2403 967 2423 967 2201 967 2182 964 2356 964 2370 964 2370 974 2403 974 2187 974 2370 974 2187 974 2182 974 2202 975 2185 975 2354 975 2356 975 2202 975 2354 975 2177 963 2129 963 2398 963 2185 965 2177 965 2398 965 2521 976 2522 976 2523 976 534 977 2524 977 2525 977 2526 978 2521 978 2527 978 2521 979 2526 979 2522 979 2528 980 2527 980 2529 980 2528 981 2526 981 2527 981 2529 982 2527 982 1506 982 2529 983 1506 983 1505 983 2530 984 2523 984 2522 984 2531 985 2525 985 2523 985 2523 986 2530 986 2531 986 537 987 2532 987 535 987 2531 988 534 988 2525 988 538 989 2533 989 539 989 536 990 2534 990 2535 990 409 991 538 991 407 991 538 992 409 992 2533 992 2534 993 536 993 539 993 539 994 2533 994 2534 994 2535 995 2532 995 537 995 536 996 2535 996 537 996 2524 997 534 997 535 997 2532 998 2524 998 535 998 410 999 2533 999 409 999 511 1000 2532 1000 2535 1000 513 1001 2535 1001 2534 1001 2525 1002 2524 1002 2536 1002 2524 1003 2532 1003 510 1003 2537 1004 2538 1004 2527 1004 2521 1005 2523 1005 2539 1005 2540 1006 1506 1006 2527 1006 2527 1007 2538 1007 2540 1007 512 1008 513 1008 2534 1008 2540 1009 1515 1009 1506 1009 513 1010 511 1010 2535 1010 2527 1011 2521 1011 2541 1011 2541 1012 2537 1012 2527 1012 510 1013 2532 1013 511 1013 2542 1014 2521 1014 2539 1014 2541 1015 2521 1015 2542 1015 510 1016 514 1016 2524 1016 2523 1017 2543 1017 2544 1017 2539 1018 2523 1018 2544 1018 2545 1019 2543 1019 2525 1019 2523 1020 2525 1020 2543 1020 2525 1021 2536 1021 2545 1021 2524 1022 514 1022 2536 1022 410 1023 512 1023 2533 1023 2534 1024 2533 1024 512 1024 531 1025 2546 1025 540 1025 2547 1026 2548 1026 528 1026 2549 1027 523 1027 525 1027 2550 1028 2551 1028 2552 1028 532 1029 533 1029 2553 1029 2554 1030 2555 1030 2556 1030 2556 1031 2557 1031 2554 1031 1514 1032 2556 1032 2558 1032 2555 1033 2558 1033 2556 1033 1513 1034 1514 1034 2558 1034 2551 1035 2554 1035 2557 1035 2552 1036 2559 1036 2550 1036 2552 1037 2551 1037 2557 1037 2559 1038 2560 1038 533 1038 2560 1039 2559 1039 2552 1039 533 1040 2560 1040 2553 1040 528 1041 2548 1041 525 1041 532 1042 2553 1042 2547 1042 532 1043 2547 1043 528 1043 2549 1044 2546 1044 523 1044 2548 1045 2549 1045 525 1045 540 1046 529 1046 531 1046 2546 1047 531 1047 523 1047 517 1048 2546 1048 520 1048 516 1049 519 1049 2547 1049 2548 1050 518 1050 2549 1050 2561 1051 2562 1051 2560 1051 2553 1052 2563 1052 515 1052 2561 1053 2552 1053 2564 1053 2552 1054 2561 1054 2560 1054 515 1055 516 1055 2553 1055 2557 1056 2565 1056 2552 1056 2564 1057 2552 1057 2565 1057 2566 1058 2567 1058 2557 1058 2557 1059 2567 1059 2565 1059 2566 1060 2556 1060 2568 1060 2556 1061 2566 1061 2557 1061 2569 1062 2556 1062 2570 1062 2569 1063 2568 1063 2556 1063 2570 1064 2556 1064 1514 1064 1514 1065 1517 1065 2570 1065 2563 1066 2560 1066 2562 1066 2553 1067 2560 1067 2563 1067 516 1068 2547 1068 2553 1068 518 1069 2548 1069 519 1069 2548 1070 2547 1070 519 1070 520 1071 2546 1071 2549 1071 518 1072 520 1072 2549 1072 517 1073 540 1073 2546 1073 2558 1074 2571 1074 24 1074 2572 1075 2573 1075 2551 1075 2574 1076 2555 1076 2554 1076 2575 1077 2576 1077 2559 1077 2550 1078 2576 1078 2572 1078 2575 1079 533 1079 524 1079 533 1080 2575 1080 2559 1080 2559 1081 2576 1081 2550 1081 2550 1082 2572 1082 2551 1082 2551 1083 2573 1083 2554 1083 2574 1084 2571 1084 2555 1084 2573 1085 2574 1085 2554 1085 24 1086 1513 1086 2558 1086 2571 1087 2558 1087 2555 1087 2577 1088 20 1088 24 1088 2572 1089 2578 1089 2573 1089 2579 1090 2580 1090 2574 1090 2575 1091 2581 1091 2576 1091 2582 1091 2576 1091 2581 1091 522 1092 2575 1092 524 1092 2575 1092 522 1092 2581 1092 2582 1093 2572 1093 2576 1093 2573 1094 2578 1094 2579 1094 2572 1095 2582 1095 2578 1095 2574 1096 2580 1096 2571 1096 2573 1097 2579 1097 2574 1097 24 1098 2571 1098 2577 1098 2580 1099 2577 1099 2571 1099 2529 1100 1505 1100 20 1100 2526 1101 2580 1101 2579 1101 2528 1102 2577 1102 2580 1102 2581 1103 2531 1103 2582 1103 2578 1104 2530 1104 2522 1104 534 1105 2581 1105 522 1105 2581 1106 534 1106 2531 1106 2582 1107 2531 1107 2530 1107 2578 1108 2522 1108 2579 1108 2582 1109 2530 1109 2578 1109 2526 1110 2528 1110 2580 1110 2522 1111 2526 1111 2579 1111 2528 1112 2529 1112 2577 1112 20 1113 2577 1113 2529 1113 2510 1114 2423 1114 2420 1114 2501 1115 2515 1115 2502 1115 2512 1116 2511 1116 2497 1116 2506 1117 2519 1117 2504 1117 2517 1117 2504 1117 2519 1117 18 1118 2506 1118 21 1118 2506 1118 18 1118 2519 1118 2517 1119 2501 1119 2504 1119 2502 1115 2515 1115 2512 1115 2501 1119 2517 1119 2515 1119 2497 1120 2511 1120 2508 1120 2502 1116 2512 1116 2497 1116 2420 1114 2508 1114 2510 1114 2511 1120 2510 1120 2508 1120 2498 1121 2204 1121 2201 1121 2513 1122 2503 1122 2514 1122 2500 1123 2499 1123 2509 1123 2518 1124 2507 1124 2516 1124 2505 1124 2516 1124 2507 1124 8 1125 2518 1125 3 1125 2518 1125 8 1125 2507 1125 2505 1126 2513 1126 2516 1126 2514 1122 2503 1122 2500 1122 2513 1126 2505 1126 2503 1126 2509 1127 2499 1127 2520 1127 2514 1123 2500 1123 2509 1123 2201 1121 2520 1121 2498 1121 2499 1127 2498 1127 2520 1127 2583 1128 2584 1128 2585 1128 138 1129 2586 1129 2587 1129 2588 1130 2589 1130 2590 1130 2591 1131 2589 1131 2588 1131 183 1132 1507 1132 2591 1132 2585 1133 2584 1133 2592 1133 2584 1134 2583 1134 2593 1134 2592 1135 2590 1135 2585 1135 2594 1136 140 1136 2593 1136 140 1137 2594 1137 114 1137 2585 1138 2595 1138 2596 1138 2594 1139 2593 1139 2583 1139 139 1140 114 1140 2597 1140 113 1141 139 1141 2586 1141 2597 1142 114 1142 2594 1142 2590 1143 2589 1143 2598 1143 2586 1144 138 1144 113 1144 2596 1145 2583 1145 2585 1145 2589 1146 1507 1146 1508 1146 2592 1147 2588 1147 2590 1147 2590 1148 2598 1148 2595 1148 1507 1149 2589 1149 2591 1149 2594 1150 2583 1150 2599 1150 2599 1151 2597 1151 2594 1151 2595 1152 2598 1152 2600 1152 2599 1153 2583 1153 2596 1153 2587 1154 2597 1154 2599 1154 2601 1155 2599 1155 2596 1155 2598 1156 1508 1156 1509 1156 2585 1157 2590 1157 2595 1157 2595 1158 2600 1158 2602 1158 1508 1159 2598 1159 2589 1159 2597 1160 2587 1160 2586 1160 2586 1161 139 1161 2597 1161 2601 1162 2596 1162 2602 1162 2587 1163 2599 1163 2601 1163 138 1164 2587 1164 2601 1164 138 1165 2601 1165 2602 1165 2600 1166 1509 1166 138 1166 2596 1167 2595 1167 2602 1167 138 1168 2602 1168 2600 1168 1509 1169 2600 1169 2598 1169 2603 1170 108 1170 2604 1170 2605 1171 2606 1171 2607 1171 2608 1172 2609 1172 2610 1172 2611 1173 2612 1173 2613 1173 2614 1174 2610 1174 2615 1174 195 1175 181 1175 2608 1175 2616 1176 2617 1176 2618 1176 2615 1177 2619 1177 2620 1177 2618 1178 2584 1178 2593 1178 2621 1179 2616 1179 2622 1179 110 1180 2593 1180 140 1180 110 1181 2618 1181 2593 1181 183 1182 2623 1182 181 1182 2624 1183 2625 1183 2620 1183 2626 1184 2627 1184 2624 1184 107 1185 2622 1185 111 1185 2628 1186 104 1186 2629 1186 2630 1187 2629 1187 105 1187 2631 1188 2632 1188 2626 1188 2604 1189 108 1189 109 1189 2633 1190 2631 1190 2634 1190 101 1191 2635 1191 2636 1191 2634 1192 2607 1192 2637 1192 2122 1193 2638 1193 2605 1193 2639 1194 2638 1194 2119 1194 2121 1195 2122 1195 2605 1195 2640 1196 2121 1196 2605 1196 2639 1197 2119 1197 2120 1197 223 1198 305 1198 2120 1198 2640 1199 2123 1199 2121 1199 2123 1200 2640 1200 2641 1200 107 1201 2603 1201 2622 1201 103 1202 102 1202 2641 1202 102 1203 2123 1203 2641 1203 101 1204 103 1204 2635 1204 101 1205 2636 1205 106 1205 105 1206 2629 1206 104 1206 2638 1207 2639 1207 2642 1207 2640 1208 2643 1208 2641 1208 2607 1209 2640 1209 2605 1209 205 1210 2639 1210 305 1210 2122 1211 2119 1211 2638 1211 2606 1212 2638 1212 2642 1212 305 1213 2639 1213 2120 1213 2641 1214 2643 1214 2635 1214 2635 1215 103 1215 2641 1215 2606 1216 2642 1216 2644 1216 2643 1217 2640 1217 2607 1217 2635 1218 2643 1218 2645 1218 2634 1219 2643 1219 2607 1219 197 1220 2642 1220 205 1220 2605 1221 2638 1221 2606 1221 2637 1222 2606 1222 2644 1222 205 1223 2642 1223 2639 1223 2636 1224 2635 1224 2645 1224 105 1225 106 1225 2630 1225 2637 1226 2644 1226 2646 1226 2645 1227 2643 1227 2634 1227 2636 1228 2645 1228 2647 1228 2631 1229 2645 1229 2634 1229 325 1230 2644 1230 197 1230 2607 1231 2606 1231 2637 1231 2633 1232 2637 1232 2646 1232 197 1233 2644 1233 2642 1233 2636 1234 2647 1234 2630 1234 2630 1235 106 1235 2636 1235 2633 1236 2646 1236 2648 1236 2647 1237 2645 1237 2631 1237 2630 1238 2647 1238 2649 1238 2631 1239 2626 1239 2647 1239 199 1240 2646 1240 325 1240 2634 1241 2637 1241 2633 1241 2632 1242 2633 1242 2648 1242 325 1243 2646 1243 2644 1243 2629 1244 2630 1244 2649 1244 109 1245 104 1245 2628 1245 2650 1246 2632 1246 2648 1246 2649 1247 2647 1247 2626 1247 108 1248 2603 1248 107 1248 2626 1249 2624 1249 2649 1249 192 1250 2648 1250 199 1250 2631 1251 2633 1251 2632 1251 2632 1252 2650 1252 2627 1252 199 1253 2648 1253 2646 1253 2629 1254 2649 1254 2651 1254 2651 1255 2628 1255 2629 1255 2652 1256 2627 1256 2650 1256 2651 1257 2649 1257 2624 1257 2651 1258 2653 1258 2628 1258 2624 1259 2620 1259 2651 1259 2650 1260 192 1260 315 1260 2626 1261 2632 1261 2627 1261 2625 1262 2627 1262 2652 1262 192 1263 2650 1263 2648 1263 2628 1264 2653 1264 2604 1264 2604 1265 109 1265 2628 1265 2614 1266 2625 1266 2652 1266 2653 1267 2651 1267 2620 1267 2604 1268 2653 1268 2654 1268 2620 1269 2619 1269 2653 1269 317 1270 2652 1270 315 1270 2624 1271 2627 1271 2625 1271 2615 1272 2625 1272 2614 1272 315 1273 2652 1273 2650 1273 2654 1274 2603 1274 2604 1274 111 1275 2616 1275 112 1275 2619 1276 2609 1276 2612 1276 2654 1277 2653 1277 2619 1277 2654 1278 2655 1278 2603 1278 2619 1279 2612 1279 2654 1279 193 1280 2614 1280 317 1280 2620 1281 2625 1281 2615 1281 2609 1282 2615 1282 2610 1282 317 1283 2614 1283 2652 1283 2622 1284 2603 1284 2655 1284 2656 1285 2621 1285 2611 1285 2611 1286 2655 1286 2612 1286 2655 1287 2654 1287 2612 1287 2655 1288 2611 1288 2621 1288 2612 1289 2609 1289 2613 1289 2610 1290 2614 1290 193 1290 2619 1291 2615 1291 2609 1291 2609 1292 2608 1292 2613 1292 195 1293 2610 1293 193 1293 111 1294 2622 1294 2616 1294 112 1295 2618 1295 110 1295 2613 1296 2657 1296 2611 1296 2622 1297 2655 1297 2621 1297 2621 1298 2656 1298 2617 1298 2591 1299 2623 1299 183 1299 2611 1300 2657 1300 2656 1300 2623 1301 2613 1301 2608 1301 2657 1302 2613 1302 2623 1302 195 1303 2608 1303 2610 1303 112 1304 2616 1304 2618 1304 2616 1305 2621 1305 2617 1305 2584 1306 2617 1306 2592 1306 2618 1307 2617 1307 2584 1307 2592 1308 2656 1308 2588 1308 2617 1309 2656 1309 2592 1309 2588 1310 2657 1310 2591 1310 2656 1311 2657 1311 2588 1311 2591 1312 2657 1312 2623 1312 181 1313 2623 1313 2608 1313 2658 1314 127 1314 124 1314 137 1315 2659 1315 2660 1315 2661 1316 2662 1316 2663 1316 2664 1317 2659 1317 120 1317 2665 1318 2666 1318 2662 1318 123 1319 122 1319 2667 1319 2668 1320 2665 1320 2669 1320 2670 1321 115 1321 2671 1321 2669 1322 2672 1322 2673 1322 120 1323 2659 1323 137 1323 2671 1324 115 1324 119 1324 133 1325 132 1325 2674 1325 2671 1326 119 1326 2675 1326 2676 1327 2677 1327 2672 1327 2678 1328 2675 1328 2679 1328 2680 1329 2681 1329 2682 1329 2676 1330 2672 1330 2679 1330 259 1331 2682 1331 261 1331 2677 1332 2681 1332 2680 1332 2683 1333 123 1333 2667 1333 2684 1334 2685 1334 2661 1334 136 1335 2683 1335 2686 1335 2687 1336 2685 1336 2688 1336 2687 1337 2689 1337 2690 1337 2690 1338 2691 1338 2692 1338 2686 1339 2693 1339 126 1339 2694 1340 2695 1340 2692 1340 127 1341 2696 1341 128 1341 2697 1342 2695 1342 2698 1342 124 1343 2699 1343 2658 1343 2697 1344 2700 1344 2701 1344 2702 1345 130 1345 129 1345 2703 1346 2704 1346 2701 1346 130 1347 2705 1347 131 1347 2706 1348 2704 1348 2707 1348 129 1349 2708 1349 2702 1349 2709 1350 2710 1350 2711 1350 2710 1351 2712 1351 2713 1351 2127 1352 2124 1352 2714 1352 2709 1353 2674 1353 2715 1353 130 1354 2702 1354 2705 1354 2124 1355 134 1355 2714 1355 2706 1356 2716 1356 2717 1356 134 1357 2124 1357 135 1357 2718 1358 2719 1358 318 1358 2719 1359 2716 1359 2720 1359 301 1360 224 1360 2721 1360 2722 1361 2719 1361 2718 1361 2671 1362 2675 1362 2678 1362 116 1363 115 1363 2670 1363 2680 1364 258 1364 2723 1364 2678 1365 2679 1365 2672 1365 2671 1366 2678 1366 2724 1366 2669 1367 2678 1367 2672 1367 2680 1368 259 1368 258 1368 2676 1369 2681 1369 2677 1369 2677 1370 2723 1370 2673 1370 259 1371 2680 1371 2682 1371 2670 1372 2671 1372 2724 1372 120 1373 116 1373 2664 1373 2673 1374 2723 1374 2725 1374 2724 1375 2678 1375 2669 1375 2670 1376 2724 1376 2726 1376 2665 1377 2724 1377 2669 1377 258 1378 254 1378 2723 1378 2672 1379 2677 1379 2673 1379 2725 1380 2668 1380 2673 1380 2677 1381 2680 1381 2723 1381 2670 1382 2726 1382 2664 1382 2664 1383 116 1383 2670 1383 2725 1384 256 1384 2727 1384 2726 1385 2724 1385 2665 1385 2664 1386 2726 1386 2728 1386 2665 1387 2662 1387 2726 1387 2725 1388 254 1388 256 1388 2669 1389 2673 1389 2668 1389 2668 1390 2727 1390 2666 1390 254 1391 2725 1391 2723 1391 2659 1392 2664 1392 2728 1392 122 1393 137 1393 2660 1393 2729 1394 2727 1394 250 1394 2728 1395 2726 1395 2662 1395 2728 1396 2730 1396 2659 1396 2661 1397 2728 1397 2662 1397 256 1398 250 1398 2727 1398 2665 1399 2668 1399 2666 1399 2729 1400 2663 1400 2666 1400 2668 1401 2725 1401 2727 1401 2660 1402 2659 1402 2730 1402 2683 1403 136 1403 123 1403 2729 1404 252 1404 2731 1404 2730 1405 2728 1405 2661 1405 2660 1406 2730 1406 2732 1406 2685 1407 2730 1407 2661 1407 250 1408 252 1408 2729 1408 2662 1409 2666 1409 2663 1409 2731 1410 2684 1410 2663 1410 2666 1411 2727 1411 2729 1411 2660 1412 2732 1412 2667 1412 2667 1413 122 1413 2660 1413 2731 1414 253 1414 2733 1414 2732 1415 2730 1415 2685 1415 2667 1416 2732 1416 2734 1416 2685 1417 2687 1417 2732 1417 252 1418 253 1418 2731 1418 2661 1419 2663 1419 2684 1419 2733 1420 2688 1420 2684 1420 2663 1421 2729 1421 2731 1421 2683 1422 2667 1422 2734 1422 126 1423 136 1423 2686 1423 2735 1424 2688 1424 2733 1424 2734 1425 2732 1425 2687 1425 2683 1426 2734 1426 2736 1426 2687 1427 2690 1427 2734 1427 253 1428 362 1428 2733 1428 2685 1429 2684 1429 2688 1429 2688 1430 2735 1430 2689 1430 2684 1431 2731 1431 2733 1431 2686 1432 2683 1432 2736 1432 125 1433 126 1433 2693 1433 2737 1434 2735 1434 242 1434 2736 1435 2734 1435 2690 1435 2686 1436 2736 1436 2738 1436 2690 1437 2692 1437 2736 1437 242 1438 2735 1438 362 1438 2687 1439 2688 1439 2689 1439 2689 1440 2737 1440 2691 1440 362 1441 2735 1441 2733 1441 2693 1442 2686 1442 2738 1442 124 1443 125 1443 2699 1443 2737 1444 2739 1444 2691 1444 2738 1445 2736 1445 2692 1445 2693 1446 2738 1446 2740 1446 2695 1447 2738 1447 2692 1447 242 1448 348 1448 2737 1448 2690 1449 2689 1449 2691 1449 2691 1450 2739 1450 2694 1450 2689 1451 2735 1451 2737 1451 2693 1452 2740 1452 2699 1452 2699 1453 125 1453 2693 1453 2694 1454 2739 1454 2741 1454 2740 1455 2738 1455 2695 1455 2740 1456 2742 1456 2699 1456 2697 1457 2740 1457 2695 1457 2739 1458 2737 1458 348 1458 2692 1459 2691 1459 2694 1459 2694 1460 2741 1460 2698 1460 235 1461 2739 1461 348 1461 2742 1462 2658 1462 2699 1462 2708 1463 129 1463 128 1463 2743 1464 2698 1464 2741 1464 2742 1465 2740 1465 2697 1465 2742 1466 2744 1466 2658 1466 2697 1467 2701 1467 2742 1467 237 1468 2741 1468 235 1468 2695 1469 2694 1469 2698 1469 2698 1470 2743 1470 2700 1470 235 1471 2741 1471 2739 1471 2658 1472 2744 1472 2696 1472 2696 1473 127 1473 2658 1473 2745 1474 2743 1474 277 1474 2744 1475 2742 1475 2701 1475 2696 1476 2744 1476 2746 1476 2704 1477 2744 1477 2701 1477 2741 1478 237 1478 2743 1478 2697 1479 2698 1479 2700 1479 2700 1480 2745 1480 2703 1480 277 1481 2743 1481 237 1481 2696 1482 2746 1482 2708 1482 2708 1483 128 1483 2696 1483 2703 1484 2745 1484 2747 1484 2746 1485 2744 1485 2704 1485 2746 1486 2748 1486 2708 1486 2704 1487 2706 1487 2746 1487 2745 1488 277 1488 385 1488 2701 1489 2700 1489 2703 1489 2747 1490 2707 1490 2703 1490 2700 1491 2743 1491 2745 1491 2748 1492 2702 1492 2708 1492 2715 1493 132 1493 131 1493 2747 1494 2720 1494 2707 1494 2748 1495 2746 1495 2706 1495 2702 1496 2748 1496 2749 1496 2717 1497 2748 1497 2706 1497 2747 1498 385 1498 386 1498 2704 1499 2703 1499 2707 1499 2707 1500 2720 1500 2716 1500 385 1501 2747 1501 2745 1501 2702 1502 2749 1502 2705 1502 2705 1503 2715 1503 131 1503 2717 1504 2722 1504 2712 1504 2749 1505 2748 1505 2717 1505 2749 1506 2750 1506 2705 1506 2717 1507 2712 1507 2749 1507 2747 1508 386 1508 2720 1508 2706 1509 2707 1509 2716 1509 2716 1510 2719 1510 2722 1510 322 1511 2720 1511 386 1511 2705 1512 2750 1512 2715 1512 2674 1513 2751 1513 2714 1513 2710 1514 2750 1514 2712 1514 2750 1515 2749 1515 2712 1515 2750 1516 2710 1516 2709 1516 2722 1517 2713 1517 2712 1517 318 1518 2719 1518 322 1518 2717 1519 2716 1519 2722 1519 2722 1520 2718 1520 2713 1520 322 1521 2719 1521 2720 1521 132 1325 2715 1325 2674 1325 133 1522 2714 1522 134 1522 2713 1523 2752 1523 2710 1523 2715 1524 2750 1524 2709 1524 2709 1525 2711 1525 2751 1525 2718 1526 2721 1526 2713 1526 2710 1527 2752 1527 2711 1527 2718 1528 301 1528 2721 1528 2713 1529 2721 1529 2752 1529 301 1530 2718 1530 318 1530 133 1531 2674 1531 2714 1531 2674 1532 2709 1532 2751 1532 2127 1533 2751 1533 2128 1533 2714 1534 2751 1534 2127 1534 2128 1535 2711 1535 2125 1535 2751 1536 2711 1536 2128 1536 2125 1537 2752 1537 2126 1537 2711 1538 2752 1538 2125 1538 224 1539 2126 1539 2721 1539 2752 1540 2721 1540 2126 1540 2682 1541 2753 1541 1512 1541 2754 1542 2755 1542 2756 1542 2679 1543 2675 1543 2757 1543 2758 1544 2756 1544 2759 1544 2675 1545 119 1545 2758 1545 2679 1546 2760 1546 2676 1546 2757 1547 2760 1547 2679 1547 2761 1548 2681 1548 2676 1548 2676 1549 2760 1549 2761 1549 1512 1550 2753 1550 1511 1550 2682 1132 1512 1132 261 1132 2760 1551 2757 1551 2762 1551 2761 1552 2753 1552 2681 1552 1511 1553 2763 1553 1510 1553 2682 1554 2681 1554 2753 1554 1510 1555 2763 1555 2764 1555 2763 1556 1511 1556 2753 1556 138 1557 1510 1557 2764 1557 2758 1558 2757 1558 2675 1558 2765 1559 2760 1559 2762 1559 2762 1560 2757 1560 2759 1560 118 1561 2756 1561 2758 1561 2758 1562 119 1562 118 1562 2761 1563 2765 1563 2763 1563 2763 1564 2753 1564 2761 1564 2764 1565 2766 1565 138 1565 2761 1566 2760 1566 2765 1566 2755 1567 2767 1567 2759 1567 2762 1568 2767 1568 2766 1568 2757 1569 2758 1569 2759 1569 118 1570 121 1570 2756 1570 121 1571 2754 1571 2756 1571 2765 1572 2764 1572 2763 1572 2765 1573 2766 1573 2764 1573 2762 1574 2759 1574 2767 1574 2765 1575 2762 1575 2766 1575 138 1576 2766 1576 2767 1576 2754 1577 138 1577 2755 1577 2767 1578 2755 1578 138 1578 2759 1579 2756 1579 2755 1579 121 1580 117 1580 2754 1580 138 1581 2754 1581 117 1581 2768 1582 2769 1582 2770 1582 2771 1583 1913 1583 2772 1583 2773 1584 2774 1584 2775 1584 2776 1585 2777 1585 2778 1585 2773 1586 2775 1586 2779 1586 1895 1587 2779 1587 2772 1587 1895 1588 2772 1588 1913 1588 1912 1589 1913 1589 2771 1589 2780 1590 2774 1590 2781 1590 2782 1591 2783 1591 2784 1591 2785 1592 2786 1592 2787 1592 2788 1593 2789 1593 2790 1593 2791 1594 1917 1594 2792 1594 2793 1595 2794 1595 2795 1595 2796 1596 2797 1596 2798 1596 2799 1597 2800 1597 2801 1597 2802 1598 2803 1598 2804 1598 2805 1599 2806 1599 2807 1599 2808 1600 2809 1600 2799 1600 2810 1601 2811 1601 2812 1601 2813 1602 2814 1602 2815 1602 2816 1603 2817 1603 2818 1603 2819 1604 2820 1604 2817 1604 2821 1605 2822 1605 2823 1605 2824 1606 2825 1606 2826 1606 2827 1607 2828 1607 2829 1607 2830 1608 2831 1608 2832 1608 2833 1609 2834 1609 2835 1609 2835 1610 2836 1610 2837 1610 2838 1611 2839 1611 2840 1611 2834 1612 2841 1612 2838 1612 2842 1613 2843 1613 2844 1613 207 1614 2845 1614 208 1614 2846 1615 2847 1615 2848 1615 2849 1616 2850 1616 2840 1616 2851 1617 2850 1617 2852 1617 2853 1618 2854 1618 2855 1618 2844 1619 2843 1619 2852 1619 2856 1620 2857 1620 2851 1620 2858 1621 2859 1621 2860 1621 1919 1622 2791 1622 2861 1622 2862 1623 2863 1623 2864 1623 2778 1624 2864 1624 2865 1624 1916 1625 2863 1625 2779 1625 2773 1626 2779 1626 2863 1626 1895 1627 1916 1627 2779 1627 2853 1628 2866 1628 2848 1628 2867 1629 2868 1629 2857 1629 2846 1630 298 1630 208 1630 2869 1631 2870 1631 2871 1631 2869 1632 2868 1632 2872 1632 2873 1633 2874 1633 2828 1633 2873 1634 2871 1634 2875 1634 2836 1635 2876 1635 2877 1635 2878 1636 2879 1636 2827 1636 2880 1637 2876 1637 2832 1637 2881 1638 2830 1638 2882 1638 2821 1639 2879 1639 2883 1639 2823 1640 2884 1640 2885 1640 2886 1641 2882 1641 2824 1641 2887 1642 2888 1642 2825 1642 2885 1643 2889 1643 2818 1643 2890 1644 2891 1644 2892 1644 2890 1645 2893 1645 2887 1645 2894 1646 2820 1646 2895 1646 2891 1647 2812 1647 2896 1647 2897 1648 2898 1648 2810 1648 2814 1649 2894 1649 2899 1649 2813 1650 2900 1650 2901 1650 2805 1651 2902 1651 2897 1651 2903 1652 2806 1652 2904 1652 2901 1653 2905 1653 2808 1653 2906 1654 2797 1654 2801 1654 2904 1655 2803 1655 2907 1655 2796 1656 2908 1656 2790 1656 2804 1657 2795 1657 2909 1657 2910 1658 2784 1658 2789 1658 2793 1659 2785 1659 2911 1659 2912 1660 2780 1660 2783 1660 2768 1661 2913 1661 2786 1661 2914 1662 2915 1662 2916 1662 2769 1663 2915 1663 2917 1663 2781 1664 2774 1664 2918 1664 2781 1665 2918 1665 2919 1665 2919 1666 2920 1666 2916 1666 2920 1667 2921 1667 2916 1667 2922 1668 2921 1668 2920 1668 2923 1669 2921 1669 2922 1669 2923 1670 2924 1670 2925 1670 2925 1671 2924 1671 2926 1671 207 1672 217 1672 2926 1672 2772 1673 2779 1673 2775 1673 1911 1674 1912 1674 2771 1674 2927 1675 1911 1675 2771 1675 2774 1676 2773 1676 2918 1676 2775 1677 2928 1677 2772 1677 2928 1678 2775 1678 2912 1678 2914 1679 2921 1679 2929 1679 2781 1680 2919 1680 2916 1680 2780 1681 2912 1681 2774 1681 2930 1682 2923 1682 2925 1682 2916 1683 2915 1683 2781 1683 2914 1684 2916 1684 2921 1684 2926 1685 217 1685 2925 1685 2922 1686 2924 1686 2923 1686 2930 1687 2929 1687 2923 1687 405 1688 2925 1688 217 1688 2771 1689 2772 1689 2928 1689 1910 1690 1911 1690 2927 1690 2931 1691 1910 1691 2927 1691 2912 1692 2775 1692 2774 1692 2928 1693 2932 1693 2771 1693 2932 1694 2928 1694 2782 1694 2933 1695 2917 1695 2914 1695 2780 1696 2781 1696 2915 1696 2783 1697 2782 1697 2912 1697 2934 1698 2929 1698 2930 1698 2769 1699 2780 1699 2915 1699 2917 1700 2915 1700 2914 1700 2925 1701 405 1701 2930 1701 2921 1702 2923 1702 2929 1702 2934 1703 2933 1703 2929 1703 404 1704 2930 1704 405 1704 2927 1705 2771 1705 2932 1705 1909 1706 1910 1706 2931 1706 2935 1707 1909 1707 2931 1707 2782 1708 2928 1708 2912 1708 2932 1709 2936 1709 2927 1709 2936 1710 2932 1710 2910 1710 2770 1711 2917 1711 2937 1711 2783 1712 2780 1712 2769 1712 2784 1713 2910 1713 2782 1713 2938 1714 2933 1714 2934 1714 2768 1715 2783 1715 2769 1715 2770 1716 2769 1716 2917 1716 2930 1717 404 1717 2934 1717 2914 1718 2929 1718 2933 1718 2938 1719 2937 1719 2933 1719 297 1720 2934 1720 404 1720 2931 1721 2927 1721 2936 1721 1908 1722 1909 1722 2935 1722 2939 1723 1908 1723 2935 1723 2910 1724 2932 1724 2782 1724 2936 1725 2940 1725 2931 1725 2940 1726 2936 1726 2788 1726 2913 1727 2770 1727 2941 1727 2784 1728 2783 1728 2768 1728 2789 1729 2788 1729 2910 1729 2942 1730 2937 1730 2938 1730 2786 1731 2784 1731 2768 1731 2913 1732 2768 1732 2770 1732 2934 1733 297 1733 2938 1733 2917 1734 2933 1734 2937 1734 2942 1735 2941 1735 2937 1735 296 1736 2938 1736 297 1736 2935 1737 2931 1737 2940 1737 1907 1738 1908 1738 2939 1738 2943 1739 1907 1739 2939 1739 2788 1740 2936 1740 2910 1740 2940 1741 2944 1741 2935 1741 2944 1742 2940 1742 2908 1742 2787 1743 2913 1743 2945 1743 2789 1744 2784 1744 2786 1744 2788 1745 2790 1745 2908 1745 2946 1746 2941 1746 2942 1746 2786 1747 2785 1747 2789 1747 2787 1748 2786 1748 2913 1748 2938 1749 296 1749 2942 1749 2770 1750 2937 1750 2941 1750 2946 1751 2945 1751 2941 1751 403 1752 2942 1752 296 1752 2939 1753 2935 1753 2944 1753 1906 1754 1907 1754 2943 1754 2947 1755 1906 1755 2943 1755 2908 1756 2940 1756 2788 1756 2944 1757 2948 1757 2939 1757 2948 1758 2944 1758 2798 1758 2949 1759 2911 1759 2787 1759 2790 1760 2789 1760 2785 1760 2796 1761 2798 1761 2908 1761 2950 1762 2945 1762 2946 1762 2785 1763 2793 1763 2790 1763 2911 1764 2785 1764 2787 1764 2942 1765 403 1765 2946 1765 2913 1766 2941 1766 2945 1766 2945 1767 2950 1767 2949 1767 393 1768 2946 1768 403 1768 2943 1769 2939 1769 2948 1769 1905 1770 1906 1770 2947 1770 1905 1771 2947 1771 2951 1771 2798 1772 2944 1772 2908 1772 2948 1773 2952 1773 2943 1773 2952 1774 2948 1774 2906 1774 2953 1775 2794 1775 2911 1775 2796 1776 2790 1776 2793 1776 2797 1777 2906 1777 2798 1777 2954 1778 2949 1778 2950 1778 2793 1779 2795 1779 2796 1779 2794 1780 2793 1780 2911 1780 2950 1781 2946 1781 393 1781 2787 1782 2945 1782 2949 1782 2949 1783 2954 1783 2953 1783 392 1784 2950 1784 393 1784 2947 1785 2943 1785 2952 1785 1894 1786 1905 1786 2951 1786 1894 1787 2951 1787 2955 1787 2906 1788 2948 1788 2798 1788 2952 1789 2956 1789 2947 1789 2956 1790 2952 1790 2800 1790 2957 1791 2909 1791 2794 1791 2797 1792 2796 1792 2795 1792 2801 1793 2800 1793 2906 1793 2958 1794 2953 1794 2954 1794 2795 1795 2804 1795 2797 1795 2909 1796 2795 1796 2794 1796 2954 1797 2950 1797 392 1797 2911 1798 2949 1798 2953 1798 2953 1799 2958 1799 2957 1799 215 1800 2954 1800 392 1800 2951 1801 2947 1801 2956 1801 1896 1802 1894 1802 2955 1802 1896 1803 2955 1803 2959 1803 2800 1804 2952 1804 2906 1804 2956 1805 2960 1805 2951 1805 2960 1806 2956 1806 2809 1806 2961 1807 2802 1807 2909 1807 2801 1808 2797 1808 2804 1808 2799 1809 2809 1809 2800 1809 2957 1810 2958 1810 2962 1810 2804 1811 2803 1811 2801 1811 2802 1812 2804 1812 2909 1812 2958 1800 2954 1800 215 1800 2794 1813 2953 1813 2957 1813 2962 1814 2961 1814 2957 1814 214 1815 2958 1815 215 1815 2955 1816 2951 1816 2960 1816 1897 1817 1896 1817 2959 1817 1897 1818 2959 1818 2963 1818 2809 1819 2956 1819 2800 1819 2960 1820 2964 1820 2955 1820 2964 1821 2960 1821 2905 1821 2965 1822 2907 1822 2802 1822 2799 1823 2801 1823 2803 1823 2809 1824 2808 1824 2905 1824 2966 1825 2961 1825 2962 1825 2904 1826 2799 1826 2803 1826 2907 1827 2803 1827 2802 1827 2962 1828 214 1828 402 1828 2909 1829 2957 1829 2961 1829 2961 1830 2966 1830 2965 1830 214 1831 2962 1831 2958 1831 2959 1832 2955 1832 2964 1832 1898 1833 1897 1833 2963 1833 1898 1834 2963 1834 2967 1834 2905 1835 2960 1835 2809 1835 2964 1836 2968 1836 2959 1836 2968 1837 2964 1837 2900 1837 2903 1838 2907 1838 2969 1838 2808 1839 2799 1839 2904 1839 2901 1840 2900 1840 2905 1840 2970 1841 2965 1841 2966 1841 2904 1842 2806 1842 2808 1842 2903 1843 2904 1843 2907 1843 2962 1844 402 1844 2966 1844 2802 1845 2961 1845 2965 1845 2970 1846 2969 1846 2965 1846 292 1847 2966 1847 402 1847 2963 1848 2959 1848 2968 1848 1899 1849 1898 1849 2967 1849 1899 1850 2967 1850 2971 1850 2900 1851 2964 1851 2905 1851 2968 1852 2972 1852 2963 1852 2815 1853 2972 1853 2968 1853 2973 1854 2807 1854 2903 1854 2901 1855 2808 1855 2806 1855 2813 1856 2815 1856 2900 1856 2974 1857 2969 1857 2970 1857 2805 1858 2901 1858 2806 1858 2807 1859 2806 1859 2903 1859 2966 1860 292 1860 2970 1860 2907 1861 2965 1861 2969 1861 2969 1862 2974 1862 2973 1862 291 1863 2970 1863 292 1863 2967 1864 2963 1864 2972 1864 1900 1865 1899 1865 2971 1865 1900 1866 2971 1866 2975 1866 2815 1867 2968 1867 2900 1867 2972 1868 2976 1868 2967 1868 2899 1869 2976 1869 2972 1869 2902 1870 2807 1870 2977 1870 2813 1871 2901 1871 2805 1871 2814 1872 2899 1872 2815 1872 2978 1873 2973 1873 2974 1873 2805 1874 2897 1874 2813 1874 2902 1875 2805 1875 2807 1875 2974 1876 2970 1876 291 1876 2903 1877 2969 1877 2973 1877 2978 1878 2977 1878 2973 1878 401 1879 2974 1879 291 1879 2971 1880 2967 1880 2976 1880 1901 1881 1900 1881 2975 1881 1901 1882 2975 1882 2979 1882 2899 1883 2972 1883 2815 1883 2976 1884 2980 1884 2971 1884 2895 1885 2980 1885 2976 1885 2981 1886 2898 1886 2902 1886 2814 1887 2813 1887 2897 1887 2894 1888 2895 1888 2899 1888 2982 1889 2977 1889 2978 1889 2810 1890 2814 1890 2897 1890 2898 1891 2897 1891 2902 1891 2974 1892 401 1892 2978 1892 2807 1893 2973 1893 2977 1893 2977 1894 2982 1894 2981 1894 399 1895 2978 1895 401 1895 2975 1896 2971 1896 2980 1896 1902 1897 1901 1897 2979 1897 1902 1898 2979 1898 2983 1898 2895 1899 2976 1899 2899 1899 2980 1900 2984 1900 2975 1900 2819 1901 2984 1901 2980 1901 2811 1902 2898 1902 2985 1902 2894 1903 2814 1903 2810 1903 2820 1904 2819 1904 2895 1904 2986 1905 2981 1905 2982 1905 2810 1906 2812 1906 2894 1906 2811 1907 2810 1907 2898 1907 2982 1908 2978 1908 399 1908 2902 1909 2977 1909 2981 1909 2986 1910 2985 1910 2981 1910 400 1911 2982 1911 399 1911 2979 1912 2975 1912 2984 1912 1903 1913 1902 1913 2983 1913 1903 1914 2983 1914 2987 1914 2819 1915 2980 1915 2895 1915 2984 1916 2988 1916 2979 1916 2816 1917 2988 1917 2984 1917 2989 1918 2896 1918 2811 1918 2820 1919 2894 1919 2812 1919 2817 1920 2816 1920 2819 1920 2985 1921 2986 1921 2990 1921 2891 1922 2820 1922 2812 1922 2896 1923 2812 1923 2811 1923 2982 1924 400 1924 2986 1924 2898 1925 2981 1925 2985 1925 2985 1926 2990 1926 2989 1926 294 1927 2986 1927 400 1927 2983 1928 2979 1928 2988 1928 1904 1929 1903 1929 2987 1929 1904 1930 2987 1930 2991 1930 2816 1931 2984 1931 2819 1931 2988 1932 2992 1932 2983 1932 2889 1933 2992 1933 2988 1933 2892 1934 2896 1934 2993 1934 2817 1935 2820 1935 2891 1935 2818 1936 2889 1936 2816 1936 2994 1937 2989 1937 2990 1937 2891 1938 2890 1938 2817 1938 2892 1939 2891 1939 2896 1939 398 1940 2990 1940 294 1940 2811 1941 2985 1941 2989 1941 2989 1942 2994 1942 2993 1942 294 1943 2990 1943 2986 1943 2987 1944 2983 1944 2992 1944 1931 1945 1904 1945 2991 1945 1931 1946 2991 1946 2995 1946 2889 1947 2988 1947 2816 1947 2992 1948 2996 1948 2987 1948 2884 1949 2996 1949 2992 1949 2997 1950 2893 1950 2892 1950 2818 1951 2817 1951 2890 1951 2885 1643 2884 1643 2889 1643 2993 1952 2994 1952 2998 1952 2887 1953 2818 1953 2890 1953 2892 1645 2893 1645 2890 1645 2990 1954 398 1954 2994 1954 2896 1955 2989 1955 2993 1955 2998 1952 2997 1952 2993 1952 341 1956 2994 1956 398 1956 2991 1948 2987 1948 2996 1948 1930 1957 1931 1957 2995 1957 1930 1958 2995 1958 2999 1958 2884 1949 2992 1949 2889 1949 2996 1959 3000 1959 2991 1959 2822 1960 3000 1960 2996 1960 2888 1961 2893 1961 3001 1961 2885 1953 2818 1953 2887 1953 2823 1962 2822 1962 2884 1962 3002 1963 2997 1963 2998 1963 2887 1964 2825 1964 2885 1964 2893 1965 2888 1965 2887 1965 2998 1966 341 1966 345 1966 2892 1950 2993 1950 2997 1950 2997 1967 3002 1967 3001 1967 341 1956 2998 1956 2994 1956 2995 1968 2991 1968 3000 1968 1929 1969 1930 1969 2999 1969 1929 1970 2999 1970 3003 1970 2822 1971 2996 1971 2884 1971 3000 1972 3004 1972 2995 1972 2883 1973 3004 1973 3000 1973 3005 1974 2826 1974 2888 1974 2823 1975 2885 1975 2825 1975 2822 1976 2821 1976 2883 1976 3002 1977 3006 1977 3001 1977 2824 1978 2823 1978 2825 1978 2888 1979 2826 1979 2825 1979 3002 1980 345 1980 397 1980 2893 1981 2997 1981 3001 1981 3001 1982 3006 1982 3005 1982 345 1983 3002 1983 2998 1983 2999 1984 2995 1984 3004 1984 1926 1985 1929 1985 3003 1985 1926 1986 3003 1986 3007 1986 2883 1987 3000 1987 2822 1987 3004 1988 3008 1988 2999 1988 2878 1989 3008 1989 3004 1989 2886 1990 2826 1990 3009 1990 2821 1991 2823 1991 2824 1991 2883 1992 2879 1992 2878 1992 3006 1993 3010 1993 3005 1993 2882 1994 2821 1994 2824 1994 2826 1995 2886 1995 2824 1995 3002 1996 397 1996 3006 1996 2888 1997 3001 1997 3005 1997 3005 1998 3010 1998 3009 1998 342 1999 3006 1999 397 1999 3003 2000 2999 2000 3008 2000 1927 2001 1926 2001 3007 2001 1927 2002 3007 2002 3011 2002 2878 2003 3004 2003 2883 2003 3008 2004 3012 2004 3003 2004 2829 2005 3012 2005 3008 2005 2881 2006 2886 2006 3013 2006 2879 2007 2821 2007 2882 2007 2878 2008 2827 2008 2829 2008 3014 2009 3009 2009 3010 2009 2882 2010 2830 2010 2879 2010 2881 2011 2882 2011 2886 2011 3010 2012 3006 2012 342 2012 2826 2013 3005 2013 3009 2013 3009 2014 3014 2014 3013 2014 347 2015 3010 2015 342 2015 3007 2016 3003 2016 3012 2016 1928 2017 1927 2017 3011 2017 1928 2018 3011 2018 3015 2018 2829 2019 3008 2019 2878 2019 3012 2020 3016 2020 3007 2020 2874 2021 3016 2021 3012 2021 3017 2022 2831 2022 2881 2022 2827 2023 2879 2023 2830 2023 2828 2024 2874 2024 2829 2024 3018 2025 3013 2025 3014 2025 2830 2026 2832 2026 2827 2026 2881 2027 2831 2027 2830 2027 300 2028 3014 2028 347 2028 2886 2029 3009 2029 3013 2029 3013 2030 3018 2030 3017 2030 347 2031 3014 2031 3010 2031 3011 2032 3007 2032 3016 2032 1923 2033 1928 2033 3015 2033 1923 2034 3015 2034 3019 2034 2874 2035 3012 2035 2829 2035 3016 2036 3020 2036 3011 2036 2875 2037 3020 2037 3016 2037 3021 2038 2880 2038 2831 2038 2828 2039 2827 2039 2832 2039 2874 2040 2873 2040 2875 2040 3018 2041 3022 2041 3017 2041 2876 2042 2828 2042 2832 2042 2831 2043 2880 2043 2832 2043 3014 2044 300 2044 3018 2044 2881 2045 3013 2045 3017 2045 3017 2046 3022 2046 3021 2046 299 2047 3018 2047 300 2047 3015 2048 3011 2048 3020 2048 1924 2049 1923 2049 3019 2049 1924 2050 3019 2050 3023 2050 2875 2051 3016 2051 2874 2051 3020 2052 3024 2052 3015 2052 2870 2053 3024 2053 3020 2053 2877 2054 2880 2054 3025 2054 2873 2055 2828 2055 2876 2055 2875 2056 2871 2056 2870 2056 3022 2057 3026 2057 3021 2057 2876 2058 2836 2058 2873 2058 2877 2059 2876 2059 2880 2059 3022 2060 3018 2060 299 2060 2831 2061 3017 2061 3021 2061 3021 2062 3026 2062 3025 2062 212 2063 3022 2063 299 2063 3019 2064 3015 2064 3024 2064 1925 2065 1924 2065 3023 2065 1925 2066 3023 2066 3027 2066 2870 2067 3020 2067 2875 2067 3024 2068 3028 2068 3019 2068 2872 2069 3028 2069 3024 2069 3029 2070 2837 2070 2877 2070 2871 2071 2873 2071 2836 2071 2869 2072 2872 2072 2870 2072 3025 2073 3026 2073 3030 2073 2836 2074 2835 2074 2871 2074 2837 2075 2836 2075 2877 2075 3026 2076 3022 2076 212 2076 2880 2077 3021 2077 3025 2077 3025 2078 3030 2078 3029 2078 219 2079 3026 2079 212 2079 3023 2080 3019 2080 3028 2080 1920 2081 1925 2081 3027 2081 1920 2082 3027 2082 3031 2082 2872 2083 3024 2083 2870 2083 3028 2084 3032 2084 3023 2084 2867 2085 3032 2085 3028 2085 3033 2086 2833 2086 2837 2086 2869 2087 2871 2087 2835 2087 2868 2088 2867 2088 2872 2088 3034 2089 3029 2089 3030 2089 2835 2090 2834 2090 2869 2090 2837 2091 2833 2091 2835 2091 375 2092 3030 2092 219 2092 2877 2093 3025 2093 3029 2093 3029 2094 3034 2094 3033 2094 219 2095 3030 2095 3026 2095 3027 2096 3023 2096 3032 2096 1921 2097 1920 2097 3031 2097 1921 2098 3031 2098 3035 2098 2867 2099 3028 2099 2872 2099 3032 2100 3036 2100 3027 2100 2856 2101 3036 2101 3032 2101 3037 2102 2841 2102 2833 2102 2868 2103 2869 2103 2834 2103 2867 2104 2857 2104 2856 2104 3034 2105 3038 2105 3033 2105 2838 2106 2868 2106 2834 2106 2833 2107 2841 2107 2834 2107 3030 2108 375 2108 3034 2108 2837 2109 3029 2109 3033 2109 3033 2110 3038 2110 3037 2110 395 2111 3034 2111 375 2111 3031 2112 3027 2112 3036 2112 1922 2113 1921 2113 3035 2113 1922 2114 3035 2114 2792 2114 2856 2115 3032 2115 2867 2115 3031 2116 3036 2116 2842 2116 3036 2117 2843 2117 2842 2117 2839 2118 2841 2118 3039 2118 2857 2119 2868 2119 2838 2119 2856 2120 2851 2120 2843 2120 3040 2121 3037 2121 3038 2121 2838 2122 2840 2122 2857 2122 2839 2123 2838 2123 2841 2123 3038 2111 3034 2111 395 2111 2833 2124 3033 2124 3037 2124 3037 2125 3040 2125 3039 2125 288 2126 3038 2126 395 2126 3035 2127 3031 2127 2842 2127 1917 2128 1922 2128 2792 2128 1918 2129 2861 2129 2865 2129 2843 2130 3036 2130 2856 2130 2842 2131 3041 2131 3035 2131 2850 2132 2855 2132 3042 2132 3043 2133 2849 2133 2839 2133 2851 2134 2857 2134 2840 2134 2843 2135 2851 2135 2852 2135 3039 2136 3040 2136 3044 2136 2840 2137 2850 2137 2851 2137 2839 2138 2849 2138 2840 2138 287 2139 3040 2139 288 2139 2841 2140 3037 2140 3039 2140 3039 2141 3044 2141 3043 2141 288 2142 3040 2142 3038 2142 2792 2143 3035 2143 3041 2143 1919 2144 1917 2144 2791 2144 2859 2145 2844 2145 3045 2145 3041 2146 2842 2146 2844 2146 2792 2147 3041 2147 3046 2147 3045 2148 2852 2148 3042 2148 2844 2149 2859 2149 3041 2149 3047 2150 2855 2150 2849 2150 2852 2151 3045 2151 2844 2151 3044 2152 3048 2152 3043 2152 2850 2153 3042 2153 2852 2153 2849 2154 2855 2154 2850 2154 3044 2155 287 2155 394 2155 2839 2156 3039 2156 3043 2156 3043 2157 3048 2157 3047 2157 287 2158 3044 2158 3040 2158 2791 2159 2792 2159 3046 2159 1918 2160 1919 2160 2861 2160 3049 2161 2860 2161 3045 2161 3046 2162 3041 2162 2859 2162 3050 2163 2791 2163 3046 2163 2854 2164 3049 2164 3042 2164 2858 2165 3046 2165 2859 2165 3051 2166 3052 2166 3053 2166 2860 2167 2859 2167 3045 2167 3048 2168 2866 2168 3047 2168 3045 2169 3042 2169 3049 2169 2855 2170 2854 2170 3042 2170 3044 2171 394 2171 3048 2171 2849 2172 3043 2172 3047 2172 3047 2173 2866 2173 2853 2173 285 2174 3048 2174 394 2174 2861 2175 2791 2175 3050 2175 1914 2176 1918 2176 2865 2176 2858 2177 3054 2177 3055 2177 3050 2178 3046 2178 2858 2178 2861 2179 3050 2179 3056 2179 2860 2180 3057 2180 3054 2180 3050 2181 2858 2181 3055 2181 3049 2182 3051 2182 3057 2182 2858 2183 2860 2183 3054 2183 2854 2184 2847 2184 3051 2184 3049 2185 3057 2185 2860 2185 2854 2186 3051 2186 3049 2186 2866 2187 3048 2187 285 2187 2855 2188 3047 2188 2853 2188 2853 2189 2848 2189 2847 2189 302 2190 2866 2190 285 2190 2865 2191 2861 2191 3056 2191 1915 2192 1914 2192 2864 2192 2776 2193 3056 2193 3055 2193 3056 2194 3050 2194 3055 2194 3056 2195 2776 2195 2778 2195 3058 2196 3055 2196 3054 2196 3055 2197 3058 2197 2776 2197 3059 2198 3054 2198 3057 2198 3054 2199 3059 2199 3058 2199 3053 2200 3057 2200 3051 2200 3057 2201 3053 2201 3059 2201 3051 2202 2847 2202 3052 2202 298 2203 2848 2203 302 2203 2854 2204 2853 2204 2847 2204 2847 2205 2846 2205 3052 2205 302 2206 2848 2206 2866 2206 1914 2207 2865 2207 2864 2207 1915 2208 2863 2208 1916 2208 3058 2209 3060 2209 2776 2209 2865 2210 3056 2210 2778 2210 2778 2211 2777 2211 2862 2211 3059 2212 3061 2212 3058 2212 2776 2213 3060 2213 2777 2213 3053 2214 3062 2214 3059 2214 3058 2215 3061 2215 3060 2215 3052 2216 3063 2216 3053 2216 3059 2217 3062 2217 3061 2217 2846 2218 208 2218 2845 2218 3053 2219 3063 2219 3062 2219 2846 2220 2845 2220 3052 2220 3063 2221 3052 2221 2845 2221 298 2222 2846 2222 2848 2222 1915 2223 2864 2223 2863 2223 2864 2224 2778 2224 2862 2224 2773 2225 2862 2225 2918 2225 2863 2226 2862 2226 2773 2226 2918 2227 2777 2227 2919 2227 2862 2228 2777 2228 2918 2228 2919 2229 3060 2229 2920 2229 2777 2230 3060 2230 2919 2230 2920 2231 3061 2231 2922 2231 3060 2232 3061 2232 2920 2232 2922 2233 3062 2233 2924 2233 3061 2234 3062 2234 2922 2234 2924 2235 3063 2235 2926 2235 3062 2236 3063 2236 2924 2236 3063 2237 2845 2237 2926 2237 207 2238 2926 2238 2845 2238 3064 2239 3065 2239 3066 2239 3067 1583 2063 1583 3068 1583 3069 1584 3070 1584 3071 1584 3072 1585 3073 1585 3074 1585 3069 1586 3071 1586 3075 1586 2045 1587 3075 1587 3068 1587 2045 1588 3068 1588 2063 1588 2062 2240 2063 2240 3067 2240 3076 2241 3070 2241 3077 2241 3078 2242 3079 2242 3080 2242 3081 2243 3082 2243 3083 2243 3084 2244 3085 2244 3086 2244 3087 2245 2067 2245 3088 2245 3089 2246 3090 2246 3091 2246 3092 2247 3093 2247 3094 2247 3095 2248 3096 2248 3097 2248 3098 2249 3099 2249 3100 2249 3101 1599 3102 1599 3103 1599 3104 2250 3105 2250 3095 2250 3106 1601 3107 1601 3108 1601 3109 1602 3110 1602 3111 1602 3112 1603 3113 1603 3114 1603 3115 2251 3116 2251 3113 2251 3117 1605 3118 1605 3119 1605 3120 1606 3121 1606 3122 1606 3123 2252 3124 2252 3125 2252 3126 1608 3127 1608 3128 1608 3129 2253 3130 2253 3131 2253 3131 2254 3132 2254 3133 2254 3134 2255 3135 2255 3136 2255 3130 2256 3137 2256 3134 2256 3138 2257 3139 2257 3140 2257 227 1614 3141 1614 225 1614 3142 2258 3143 2258 3144 2258 3145 2259 3146 2259 3136 2259 3147 2260 3146 2260 3148 2260 3149 2261 3150 2261 3151 2261 3140 2262 3139 2262 3148 2262 3152 2263 3153 2263 3147 2263 3154 2264 3155 2264 3156 2264 2069 2265 3087 2265 3157 2265 3158 1623 3159 1623 3160 1623 3074 2266 3160 2266 3161 2266 2066 1625 3159 1625 3075 1625 3069 1626 3075 1626 3159 1626 2045 1627 2066 1627 3075 1627 3149 1628 3162 1628 3144 1628 3163 1629 3164 1629 3153 1629 3142 2267 376 2267 225 2267 3165 2268 3166 2268 3167 2268 3165 2269 3164 2269 3168 2269 3169 2270 3170 2270 3124 2270 3169 2271 3167 2271 3171 2271 3132 2272 3172 2272 3173 2272 3174 1636 3175 1636 3123 1636 3176 2273 3172 2273 3128 2273 3177 1638 3126 1638 3178 1638 3117 2274 3175 2274 3179 2274 3119 1640 3180 1640 3181 1640 3182 1641 3178 1641 3120 1641 3183 2275 3184 2275 3121 2275 3181 1643 3185 1643 3114 1643 3186 1644 3187 1644 3188 1644 3186 1645 3189 1645 3183 1645 3190 1646 3116 1646 3191 1646 3187 2276 3108 2276 3192 2276 3193 1648 3194 1648 3106 1648 3110 2277 3190 2277 3195 2277 3109 2278 3196 2278 3197 2278 3101 1651 3198 1651 3193 1651 3199 2279 3102 2279 3200 2279 3197 2280 3201 2280 3104 2280 3202 1654 3093 1654 3097 1654 3200 2281 3099 2281 3203 2281 3092 2282 3204 2282 3086 2282 3100 1657 3091 1657 3205 1657 3206 2283 3080 2283 3085 2283 3089 2284 3081 2284 3207 2284 3208 2285 3076 2285 3079 2285 3064 2286 3209 2286 3082 2286 3210 2287 3211 2287 3212 2287 3065 2288 3211 2288 3213 2288 3077 1664 3070 1664 3214 1664 3077 1665 3214 1665 3215 1665 3215 1666 3216 1666 3212 1666 3216 1667 3217 1667 3212 1667 3218 1668 3217 1668 3216 1668 3219 1669 3217 1669 3218 1669 3219 1670 3220 1670 3221 1670 3221 1671 3220 1671 3222 1671 227 1672 390 1672 3222 1672 3068 1673 3075 1673 3071 1673 2061 2289 2062 2289 3067 2289 3223 2290 2061 2290 3067 2290 3070 1676 3069 1676 3214 1676 3071 1677 3224 1677 3068 1677 3224 1678 3071 1678 3208 1678 3210 2291 3217 2291 3225 2291 3077 1680 3215 1680 3212 1680 3076 2292 3208 2292 3070 2292 3226 1682 3219 1682 3221 1682 3212 2293 3211 2293 3077 2293 3210 2294 3212 2294 3217 2294 3222 1685 390 1685 3221 1685 3218 1686 3220 1686 3219 1686 3226 2295 3225 2295 3219 2295 222 2296 3221 2296 390 2296 3067 1689 3068 1689 3224 1689 2060 2297 2061 2297 3223 2297 3227 2298 2060 2298 3223 2298 3208 1692 3071 1692 3070 1692 3224 2299 3228 2299 3067 2299 3228 2300 3224 2300 3078 2300 3229 2301 3213 2301 3210 2301 3076 2302 3077 2302 3211 2302 3079 2303 3078 2303 3208 2303 3230 2304 3225 2304 3226 2304 3065 2305 3076 2305 3211 2305 3213 2306 3211 2306 3210 2306 3221 2307 222 2307 3226 2307 3217 2308 3219 2308 3225 2308 3230 2309 3229 2309 3225 2309 221 2310 3226 2310 222 2310 3223 2311 3067 2311 3228 2311 2059 2312 2060 2312 3227 2312 3231 2313 2059 2313 3227 2313 3078 2314 3224 2314 3208 2314 3228 2315 3232 2315 3223 2315 3232 2316 3228 2316 3206 2316 3066 2317 3213 2317 3233 2317 3079 2318 3076 2318 3065 2318 3080 2319 3206 2319 3078 2319 3234 2320 3229 2320 3230 2320 3064 2321 3079 2321 3065 2321 3066 2322 3065 2322 3213 2322 3226 2323 221 2323 3230 2323 3210 1718 3225 1718 3229 1718 3234 2324 3233 2324 3229 2324 389 2325 3230 2325 221 2325 3227 2326 3223 2326 3232 2326 2058 1722 2059 1722 3231 1722 3235 2327 2058 2327 3231 2327 3206 2328 3228 2328 3078 2328 3232 2329 3236 2329 3227 2329 3236 2330 3232 2330 3084 2330 3209 1727 3066 1727 3237 1727 3080 2331 3079 2331 3064 2331 3085 2332 3084 2332 3206 2332 3238 2333 3233 2333 3234 2333 3082 2334 3080 2334 3064 2334 3209 1732 3064 1732 3066 1732 3230 1733 389 1733 3234 1733 3213 2335 3229 2335 3233 2335 3238 2336 3237 2336 3233 2336 382 2337 3234 2337 389 2337 3231 2338 3227 2338 3236 2338 2057 2339 2058 2339 3235 2339 3239 1739 2057 1739 3235 1739 3084 2340 3232 2340 3206 2340 3236 2341 3240 2341 3231 2341 3240 2342 3236 2342 3204 2342 3083 1743 3209 1743 3241 1743 3085 2343 3080 2343 3082 2343 3084 2344 3086 2344 3204 2344 3242 2345 3237 2345 3238 2345 3082 2346 3081 2346 3085 2346 3083 2347 3082 2347 3209 2347 3234 2348 382 2348 3238 2348 3066 2349 3233 2349 3237 2349 3242 2350 3241 2350 3237 2350 381 2351 3238 2351 382 2351 3235 2352 3231 2352 3240 2352 2056 2353 2057 2353 3239 2353 3243 2354 2056 2354 3239 2354 3204 2355 3236 2355 3084 2355 3240 2356 3244 2356 3235 2356 3244 2357 3240 2357 3094 2357 3245 2358 3207 2358 3083 2358 3086 2359 3085 2359 3081 2359 3092 2360 3094 2360 3204 2360 3246 2361 3241 2361 3242 2361 3081 2362 3089 2362 3086 2362 3207 2363 3081 2363 3083 2363 3238 2364 381 2364 3242 2364 3209 1766 3237 1766 3241 1766 3241 2365 3246 2365 3245 2365 186 2366 3242 2366 381 2366 3239 2367 3235 2367 3244 2367 2055 1770 2056 1770 3243 1770 2055 2368 3243 2368 3247 2368 3094 2369 3240 2369 3204 2369 3244 2370 3248 2370 3239 2370 3248 2371 3244 2371 3202 2371 3249 2372 3090 2372 3207 2372 3092 2373 3086 2373 3089 2373 3093 2374 3202 2374 3094 2374 3250 2375 3245 2375 3246 2375 3089 2376 3091 2376 3092 2376 3090 1780 3089 1780 3207 1780 3246 2377 3242 2377 186 2377 3083 2378 3241 2378 3245 2378 3245 2379 3250 2379 3249 2379 238 2380 3246 2380 186 2380 3243 2381 3239 2381 3248 2381 2044 2382 2055 2382 3247 2382 2044 2383 3247 2383 3251 2383 3202 2384 3244 2384 3094 2384 3248 2385 3252 2385 3243 2385 3252 2386 3248 2386 3096 2386 3253 2387 3205 2387 3090 2387 3093 2388 3092 2388 3091 2388 3097 1793 3096 1793 3202 1793 3254 1794 3249 1794 3250 1794 3091 1795 3100 1795 3093 1795 3205 2389 3091 2389 3090 2389 3250 1797 3246 1797 238 1797 3207 2390 3245 2390 3249 2390 3249 1799 3254 1799 3253 1799 373 1800 3250 1800 238 1800 3247 2391 3243 2391 3252 2391 2046 2392 2044 2392 3251 2392 2046 2393 3251 2393 3255 2393 3096 2394 3248 2394 3202 2394 3252 2395 3256 2395 3247 2395 3256 2396 3252 2396 3105 2396 3257 1807 3098 1807 3205 1807 3097 1808 3093 1808 3100 1808 3095 2397 3105 2397 3096 2397 3253 1810 3254 1810 3258 1810 3100 2398 3099 2398 3097 2398 3098 1812 3100 1812 3205 1812 3254 1800 3250 1800 373 1800 3090 2399 3249 2399 3253 2399 3258 1814 3257 1814 3253 1814 374 2400 3254 2400 373 2400 3251 1816 3247 1816 3256 1816 2047 2401 2046 2401 3255 2401 2047 2402 3255 2402 3259 2402 3105 1819 3252 1819 3096 1819 3256 2403 3260 2403 3251 2403 3260 2404 3256 2404 3201 2404 3261 2405 3203 2405 3098 2405 3095 2406 3097 2406 3099 2406 3105 1824 3104 1824 3201 1824 3262 1825 3257 1825 3258 1825 3200 2407 3095 2407 3099 2407 3203 2408 3099 2408 3098 2408 3258 2409 374 2409 210 2409 3205 1829 3253 1829 3257 1829 3257 2410 3262 2410 3261 2410 374 2411 3258 2411 3254 2411 3255 2412 3251 2412 3260 2412 2048 2413 2047 2413 3259 2413 2048 2414 3259 2414 3263 2414 3201 2415 3256 2415 3105 2415 3260 2416 3264 2416 3255 2416 3264 2417 3260 2417 3196 2417 3199 1838 3203 1838 3265 1838 3104 2418 3095 2418 3200 2418 3197 2419 3196 2419 3201 2419 3266 2420 3261 2420 3262 2420 3200 1842 3102 1842 3104 1842 3199 2421 3200 2421 3203 2421 3258 2422 210 2422 3262 2422 3098 2423 3257 2423 3261 2423 3266 1846 3265 1846 3261 1846 387 2424 3262 2424 210 2424 3259 2425 3255 2425 3264 2425 2049 1849 2048 1849 3263 1849 2049 1850 3263 1850 3267 1850 3196 2426 3260 2426 3201 2426 3264 2427 3268 2427 3259 2427 3111 1853 3268 1853 3264 1853 3269 2428 3103 2428 3199 2428 3197 2429 3104 2429 3102 2429 3109 1856 3111 1856 3196 1856 3270 2430 3265 2430 3266 2430 3101 2431 3197 2431 3102 2431 3103 2432 3102 2432 3199 2432 3262 2433 387 2433 3266 2433 3203 1861 3261 1861 3265 1861 3265 2434 3270 2434 3269 2434 384 2435 3266 2435 387 2435 3263 2436 3259 2436 3268 2436 2050 2437 2049 2437 3267 2437 2050 2438 3267 2438 3271 2438 3111 1867 3264 1867 3196 1867 3268 2439 3272 2439 3263 2439 3195 2440 3272 2440 3268 2440 3198 1870 3103 1870 3273 1870 3109 2441 3197 2441 3101 2441 3110 2442 3195 2442 3111 2442 3274 2443 3269 2443 3270 2443 3101 1874 3193 1874 3109 1874 3198 1875 3101 1875 3103 1875 3270 2444 3266 2444 384 2444 3199 2445 3265 2445 3269 2445 3274 2446 3273 2446 3269 2446 283 2447 3270 2447 384 2447 3267 2448 3263 2448 3272 2448 2051 2449 2050 2449 3271 2449 2051 2450 3271 2450 3275 2450 3195 2451 3268 2451 3111 2451 3272 2452 3276 2452 3267 2452 3191 2453 3276 2453 3272 2453 3277 2454 3194 2454 3198 2454 3110 1887 3109 1887 3193 1887 3190 2455 3191 2455 3195 2455 3278 2456 3273 2456 3274 2456 3106 1890 3110 1890 3193 1890 3194 1891 3193 1891 3198 1891 3270 2457 283 2457 3274 2457 3103 1893 3269 1893 3273 1893 3273 2458 3278 2458 3277 2458 274 2459 3274 2459 283 2459 3271 2460 3267 2460 3276 2460 2052 2461 2051 2461 3275 2461 2052 2462 3275 2462 3279 2462 3191 2463 3272 2463 3195 2463 3276 2464 3280 2464 3271 2464 3115 2465 3280 2465 3276 2465 3107 1902 3194 1902 3281 1902 3190 1903 3110 1903 3106 1903 3116 2466 3115 2466 3191 2466 3282 2467 3277 2467 3278 2467 3106 1906 3108 1906 3190 1906 3107 1907 3106 1907 3194 1907 3278 2468 3274 2468 274 2468 3198 2469 3273 2469 3277 2469 3282 2470 3281 2470 3277 2470 370 2471 3278 2471 274 2471 3275 1912 3271 1912 3280 1912 2053 2472 2052 2472 3279 2472 2053 1914 3279 1914 3283 1914 3115 2473 3276 2473 3191 2473 3280 2474 3284 2474 3275 2474 3112 2475 3284 2475 3280 2475 3285 2476 3192 2476 3107 2476 3116 1919 3190 1919 3108 1919 3113 2477 3112 2477 3115 2477 3281 1921 3282 1921 3286 1921 3187 1922 3116 1922 3108 1922 3192 2478 3108 2478 3107 2478 3278 2479 370 2479 3282 2479 3194 2480 3277 2480 3281 2480 3281 2481 3286 2481 3285 2481 383 1927 3282 1927 370 1927 3279 2482 3275 2482 3284 2482 2054 1929 2053 1929 3283 1929 2054 1930 3283 1930 3287 1930 3112 2483 3280 2483 3115 2483 3284 1932 3288 1932 3279 1932 3185 1933 3288 1933 3284 1933 3188 2484 3192 2484 3289 2484 3113 1935 3116 1935 3187 1935 3114 1936 3185 1936 3112 1936 3290 2485 3285 2485 3286 2485 3187 1938 3186 1938 3113 1938 3188 2486 3187 2486 3192 2486 280 1940 3286 1940 383 1940 3107 2487 3281 2487 3285 2487 3285 2488 3290 2488 3289 2488 383 1943 3286 1943 3282 1943 3283 1944 3279 1944 3288 1944 2081 1945 2054 1945 3287 1945 2081 1946 3287 1946 3291 1946 3185 1947 3284 1947 3112 1947 3288 1948 3292 1948 3283 1948 3180 1949 3292 1949 3288 1949 3293 1950 3189 1950 3188 1950 3114 1951 3113 1951 3186 1951 3181 1643 3180 1643 3185 1643 3289 1952 3290 1952 3294 1952 3183 1953 3114 1953 3186 1953 3188 1645 3189 1645 3186 1645 3286 1954 280 1954 3290 1954 3192 2489 3285 2489 3289 2489 3294 1952 3293 1952 3289 1952 282 1956 3290 1956 280 1956 3287 1948 3283 1948 3292 1948 2080 2490 2081 2490 3291 2490 2080 2491 3291 2491 3295 2491 3180 1949 3288 1949 3185 1949 3292 1959 3296 1959 3287 1959 3118 1960 3296 1960 3292 1960 3184 2492 3189 2492 3297 2492 3181 1953 3114 1953 3183 1953 3119 1962 3118 1962 3180 1962 3298 1963 3293 1963 3294 1963 3183 1964 3121 1964 3181 1964 3189 2493 3184 2493 3183 2493 3294 1966 282 1966 269 1966 3188 1950 3289 1950 3293 1950 3293 2494 3298 2494 3297 2494 282 1956 3294 1956 3290 1956 3291 1968 3287 1968 3296 1968 2079 2495 2080 2495 3295 2495 2079 2496 3295 2496 3299 2496 3118 1971 3292 1971 3180 1971 3296 2497 3300 2497 3291 2497 3179 2498 3300 2498 3296 2498 3301 2499 3122 2499 3184 2499 3119 1975 3181 1975 3121 1975 3118 2500 3117 2500 3179 2500 3298 2501 3302 2501 3297 2501 3120 1978 3119 1978 3121 1978 3184 2502 3122 2502 3121 2502 3298 1980 269 1980 268 1980 3189 2503 3293 2503 3297 2503 3297 2504 3302 2504 3301 2504 269 1983 3298 1983 3294 1983 3295 2505 3291 2505 3300 2505 2076 2506 2079 2506 3299 2506 2076 2507 3299 2507 3303 2507 3179 2508 3296 2508 3118 2508 3300 2509 3304 2509 3295 2509 3174 2510 3304 2510 3300 2510 3182 2511 3122 2511 3305 2511 3117 1991 3119 1991 3120 1991 3179 2512 3175 2512 3174 2512 3302 2513 3306 2513 3301 2513 3178 1994 3117 1994 3120 1994 3122 1995 3182 1995 3120 1995 3298 1996 268 1996 3302 1996 3184 2514 3297 2514 3301 2514 3301 2515 3306 2515 3305 2515 353 2516 3302 2516 268 2516 3299 2517 3295 2517 3304 2517 2077 2518 2076 2518 3303 2518 2077 2002 3303 2002 3307 2002 3174 2519 3300 2519 3179 2519 3304 2520 3308 2520 3299 2520 3125 2521 3308 2521 3304 2521 3177 2006 3182 2006 3309 2006 3175 2007 3117 2007 3178 2007 3174 2522 3123 2522 3125 2522 3310 2009 3305 2009 3306 2009 3178 2010 3126 2010 3175 2010 3177 2011 3178 2011 3182 2011 3306 2523 3302 2523 353 2523 3122 2524 3301 2524 3305 2524 3305 2525 3310 2525 3309 2525 354 2526 3306 2526 353 2526 3303 2527 3299 2527 3308 2527 2078 2017 2077 2017 3307 2017 2078 2528 3307 2528 3311 2528 3125 2529 3304 2529 3174 2529 3308 2530 3312 2530 3303 2530 3170 2531 3312 2531 3308 2531 3313 2022 3127 2022 3177 2022 3123 2023 3175 2023 3126 2023 3124 2532 3170 2532 3125 2532 3314 2533 3309 2533 3310 2533 3126 2026 3128 2026 3123 2026 3177 2027 3127 2027 3126 2027 355 2534 3310 2534 354 2534 3182 2535 3305 2535 3309 2535 3309 2030 3314 2030 3313 2030 354 2536 3310 2536 3306 2536 3307 2032 3303 2032 3312 2032 2073 2537 2078 2537 3311 2537 2073 2538 3311 2538 3315 2538 3170 2539 3308 2539 3125 2539 3312 2036 3316 2036 3307 2036 3171 2037 3316 2037 3312 2037 3317 2540 3176 2540 3127 2540 3124 2039 3123 2039 3128 2039 3170 2541 3169 2541 3171 2541 3314 2542 3318 2542 3313 2542 3172 2042 3124 2042 3128 2042 3127 2543 3176 2543 3128 2543 3310 2544 355 2544 3314 2544 3177 2045 3309 2045 3313 2045 3313 2545 3318 2545 3317 2545 372 2546 3314 2546 355 2546 3311 2547 3307 2547 3316 2547 2074 2548 2073 2548 3315 2548 2074 2549 3315 2549 3319 2549 3171 2051 3312 2051 3170 2051 3316 2550 3320 2550 3311 2550 3166 2551 3320 2551 3316 2551 3173 2054 3176 2054 3321 2054 3169 2552 3124 2552 3172 2552 3171 2056 3167 2056 3166 2056 3318 2553 3322 2553 3317 2553 3172 2554 3132 2554 3169 2554 3173 2555 3172 2555 3176 2555 3318 2556 3314 2556 372 2556 3127 2557 3313 2557 3317 2557 3317 2558 3322 2558 3321 2558 371 2559 3318 2559 372 2559 3315 2560 3311 2560 3320 2560 2075 2561 2074 2561 3319 2561 2075 2562 3319 2562 3323 2562 3166 2067 3316 2067 3171 2067 3320 2563 3324 2563 3315 2563 3168 2564 3324 2564 3320 2564 3325 2565 3133 2565 3173 2565 3167 2566 3169 2566 3132 2566 3165 2567 3168 2567 3166 2567 3321 2568 3322 2568 3326 2568 3132 2569 3131 2569 3167 2569 3133 2570 3132 2570 3173 2570 3322 2571 3318 2571 371 2571 3176 2077 3317 2077 3321 2077 3321 2572 3326 2572 3325 2572 379 2573 3322 2573 371 2573 3319 2574 3315 2574 3324 2574 2070 2575 2075 2575 3323 2575 2070 2576 3323 2576 3327 2576 3168 2577 3320 2577 3166 2577 3324 2578 3328 2578 3319 2578 3163 2579 3328 2579 3324 2579 3329 2086 3129 2086 3133 2086 3165 2580 3167 2580 3131 2580 3164 2088 3163 2088 3168 2088 3330 2089 3325 2089 3326 2089 3131 2581 3130 2581 3165 2581 3133 2582 3129 2582 3131 2582 278 2583 3326 2583 379 2583 3173 2584 3321 2584 3325 2584 3325 2094 3330 2094 3329 2094 379 2585 3326 2585 3322 2585 3323 2586 3319 2586 3328 2586 2071 2097 2070 2097 3327 2097 2071 2587 3327 2587 3331 2587 3163 2588 3324 2588 3168 2588 3328 2589 3332 2589 3323 2589 3152 2590 3332 2590 3328 2590 3333 2591 3137 2591 3129 2591 3164 2592 3165 2592 3130 2592 3163 2104 3153 2104 3152 2104 3330 2105 3334 2105 3329 2105 3134 2106 3164 2106 3130 2106 3129 2593 3137 2593 3130 2593 3326 2108 278 2108 3330 2108 3133 2109 3325 2109 3329 2109 3329 2110 3334 2110 3333 2110 233 2111 3330 2111 278 2111 3327 2594 3323 2594 3332 2594 2072 2595 2071 2595 3331 2595 2072 2114 3331 2114 3088 2114 3152 2115 3328 2115 3163 2115 3327 2596 3332 2596 3138 2596 3332 2597 3139 2597 3138 2597 3135 2118 3137 2118 3335 2118 3153 2119 3164 2119 3134 2119 3152 2598 3147 2598 3139 2598 3336 2121 3333 2121 3334 2121 3134 2599 3136 2599 3153 2599 3135 2600 3134 2600 3137 2600 3334 2111 3330 2111 233 2111 3129 2124 3329 2124 3333 2124 3333 2601 3336 2601 3335 2601 232 2602 3334 2602 233 2602 3331 2603 3327 2603 3138 2603 2067 2604 2072 2604 3088 2604 2068 2605 3157 2605 3161 2605 3139 2606 3332 2606 3152 2606 3138 2607 3337 2607 3331 2607 3146 2608 3151 2608 3338 2608 3339 2609 3145 2609 3135 2609 3147 2610 3153 2610 3136 2610 3139 2611 3147 2611 3148 2611 3335 2612 3336 2612 3340 2612 3136 2613 3146 2613 3147 2613 3135 2614 3145 2614 3136 2614 378 2615 3336 2615 232 2615 3137 2616 3333 2616 3335 2616 3335 2617 3340 2617 3339 2617 232 2618 3336 2618 3334 2618 3088 2619 3331 2619 3337 2619 2069 2144 2067 2144 3087 2144 3155 2620 3140 2620 3341 2620 3337 2146 3138 2146 3140 2146 3088 2621 3337 2621 3342 2621 3341 2622 3148 2622 3338 2622 3140 2623 3155 2623 3337 2623 3343 2150 3151 2150 3145 2150 3148 2624 3341 2624 3140 2624 3340 2625 3344 2625 3339 2625 3146 2626 3338 2626 3148 2626 3145 2154 3151 2154 3146 2154 3340 2627 378 2627 230 2627 3135 2628 3335 2628 3339 2628 3339 2157 3344 2157 3343 2157 378 2629 3340 2629 3336 2629 3087 2630 3088 2630 3342 2630 2068 2631 2069 2631 3157 2631 3345 2632 3156 2632 3341 2632 3342 2633 3337 2633 3155 2633 3346 2634 3087 2634 3342 2634 3150 2635 3345 2635 3338 2635 3154 2636 3342 2636 3155 2636 3347 2637 3348 2637 3349 2637 3156 2638 3155 2638 3341 2638 3344 2639 3162 2639 3343 2639 3341 2640 3338 2640 3345 2640 3151 2641 3150 2641 3338 2641 3340 2642 230 2642 3344 2642 3145 2172 3339 2172 3343 2172 3343 2643 3162 2643 3149 2643 229 2644 3344 2644 230 2644 3157 2645 3087 2645 3346 2645 2064 2646 2068 2646 3161 2646 3154 2647 3350 2647 3351 2647 3346 2648 3342 2648 3154 2648 3157 2649 3346 2649 3352 2649 3156 2650 3353 2650 3350 2650 3346 2651 3154 2651 3351 2651 3345 2652 3347 2652 3353 2652 3154 2653 3156 2653 3350 2653 3150 2654 3143 2654 3347 2654 3345 2655 3353 2655 3156 2655 3150 2656 3347 2656 3345 2656 3162 2657 3344 2657 229 2657 3151 2658 3343 2658 3149 2658 3149 2659 3144 2659 3143 2659 377 2660 3162 2660 229 2660 3161 2661 3157 2661 3352 2661 2065 2662 2064 2662 3160 2662 3072 2663 3352 2663 3351 2663 3352 2664 3346 2664 3351 2664 3352 2665 3072 2665 3074 2665 3354 2666 3351 2666 3350 2666 3351 2667 3354 2667 3072 2667 3355 2668 3350 2668 3353 2668 3350 2669 3355 2669 3354 2669 3349 2670 3353 2670 3347 2670 3353 2671 3349 2671 3355 2671 3347 2672 3143 2672 3348 2672 376 2673 3144 2673 377 2673 3150 2674 3149 2674 3143 2674 3143 2675 3142 2675 3348 2675 377 2676 3144 2676 3162 2676 2064 2677 3161 2677 3160 2677 2065 2678 3159 2678 2066 2678 3354 2679 3356 2679 3072 2679 3161 2680 3352 2680 3074 2680 3074 2211 3073 2211 3158 2211 3355 2681 3357 2681 3354 2681 3072 2213 3356 2213 3073 2213 3349 2682 3358 2682 3355 2682 3354 2683 3357 2683 3356 2683 3348 2684 3359 2684 3349 2684 3355 2685 3358 2685 3357 2685 3142 2218 225 2218 3141 2218 3349 2686 3359 2686 3358 2686 3142 2687 3141 2687 3348 2687 3359 2688 3348 2688 3141 2688 376 2689 3142 2689 3144 2689 2065 2690 3160 2690 3159 2690 3160 2224 3074 2224 3158 2224 3069 2225 3158 2225 3214 2225 3159 2226 3158 2226 3069 2226 3214 2227 3073 2227 3215 2227 3158 2228 3073 2228 3214 2228 3215 2229 3356 2229 3216 2229 3073 2230 3356 2230 3215 2230 3216 2231 3357 2231 3218 2231 3356 2232 3357 2232 3216 2232 3218 2233 3358 2233 3220 2233 3357 2234 3358 2234 3218 2234 3220 2235 3359 2235 3222 2235 3358 2236 3359 2236 3220 2236 3359 2237 3141 2237 3222 2237 227 2238 3222 2238 3141 2238 3360 2691 3361 2691 3362 2691 3363 2692 1613 2692 3364 2692 3365 1584 3366 1584 3367 1584 3368 2693 3369 2693 3370 2693 3365 2694 3367 2694 3371 2694 1595 2695 3371 2695 3364 2695 1595 2696 3364 2696 1613 2696 1612 2697 1613 2697 3363 2697 3372 2698 3366 2698 3373 2698 3374 2699 3375 2699 3376 2699 3377 2700 3378 2700 3379 2700 3380 2701 3381 2701 3382 2701 3383 2702 1617 2702 3384 2702 3385 2703 3386 2703 3387 2703 3388 2704 3389 2704 3390 2704 3391 2705 3392 2705 3393 2705 3394 2706 3395 2706 3396 2706 3397 1599 3398 1599 3399 1599 3400 2250 3401 2250 3391 2250 3402 1601 3403 1601 3404 1601 3405 1602 3406 1602 3407 1602 3408 1603 3409 1603 3410 1603 3411 2251 3412 2251 3409 2251 3413 1605 3414 1605 3415 1605 3416 1606 3417 1606 3418 1606 3419 1607 3420 1607 3421 1607 3422 1608 3423 1608 3424 1608 3425 2707 3426 2707 3427 2707 3427 2708 3428 2708 3429 2708 3430 2709 3431 2709 3432 2709 3426 2710 3433 2710 3430 2710 3434 2711 3435 2711 3436 2711 369 2712 3437 2712 380 2712 3438 1615 3439 1615 3440 1615 3441 2713 3442 2713 3432 2713 3443 2714 3442 2714 3444 2714 3445 2715 3446 2715 3447 2715 3436 2716 3435 2716 3444 2716 3448 2717 3449 2717 3443 2717 3450 2718 3451 2718 3452 2718 1619 2719 3383 2719 3453 2719 3454 2720 3455 2720 3456 2720 3370 2721 3456 2721 3457 2721 1616 2722 3455 2722 3371 2722 3365 2723 3371 2723 3455 2723 1595 2724 1616 2724 3371 2724 3445 2725 3458 2725 3440 2725 3459 2726 3460 2726 3449 2726 3438 1630 281 1630 380 1630 3461 2727 3462 2727 3463 2727 3461 2728 3460 2728 3464 2728 3465 1633 3466 1633 3420 1633 3465 2729 3463 2729 3467 2729 3428 2730 3468 2730 3469 2730 3470 1636 3471 1636 3419 1636 3472 1637 3468 1637 3424 1637 3473 1638 3422 1638 3474 1638 3413 1639 3471 1639 3475 1639 3415 1640 3476 1640 3477 1640 3478 1641 3474 1641 3416 1641 3479 1642 3480 1642 3417 1642 3477 1643 3481 1643 3410 1643 3482 1644 3483 1644 3484 1644 3482 1645 3485 1645 3479 1645 3486 1646 3412 1646 3487 1646 3483 2276 3404 2276 3488 2276 3489 1648 3490 1648 3402 1648 3406 2277 3486 2277 3491 2277 3405 2731 3492 2731 3493 2731 3397 1651 3494 1651 3489 1651 3495 2732 3398 2732 3496 2732 3493 2733 3497 2733 3400 2733 3498 2734 3389 2734 3393 2734 3496 2281 3395 2281 3499 2281 3388 2735 3500 2735 3382 2735 3396 2736 3387 2736 3501 2736 3502 2737 3376 2737 3381 2737 3385 2738 3377 2738 3503 2738 3504 2739 3372 2739 3375 2739 3360 2740 3505 2740 3378 2740 3506 2741 3507 2741 3508 2741 3361 2742 3507 2742 3509 2742 3373 2743 3366 2743 3510 2743 3373 2744 3510 2744 3511 2744 3511 2745 3512 2745 3508 2745 3512 2746 3513 2746 3508 2746 3514 2747 3513 2747 3512 2747 3515 2748 3513 2748 3514 2748 3515 2749 3516 2749 3517 2749 3517 2750 3516 2750 3518 2750 369 2751 273 2751 3518 2751 3364 2752 3371 2752 3367 2752 1611 2753 1612 2753 3363 2753 3519 2754 1611 2754 3363 2754 3366 1676 3365 1676 3510 1676 3367 2755 3520 2755 3364 2755 3520 2756 3367 2756 3504 2756 3506 2757 3513 2757 3521 2757 3373 2758 3511 2758 3508 2758 3372 2292 3504 2292 3366 2292 3522 2759 3515 2759 3517 2759 3508 2760 3507 2760 3373 2760 3506 2761 3508 2761 3513 2761 3518 2762 273 2762 3517 2762 3514 2763 3516 2763 3515 2763 3522 2764 3521 2764 3515 2764 272 2765 3517 2765 273 2765 3363 2766 3364 2766 3520 2766 1610 2297 1611 2297 3519 2297 3523 2767 1610 2767 3519 2767 3504 1692 3367 1692 3366 1692 3520 2768 3524 2768 3363 2768 3524 2769 3520 2769 3374 2769 3525 2770 3509 2770 3506 2770 3372 2771 3373 2771 3507 2771 3375 2772 3374 2772 3504 2772 3526 2304 3521 2304 3522 2304 3361 2773 3372 2773 3507 2773 3509 2774 3507 2774 3506 2774 3517 2775 272 2775 3522 2775 3513 2776 3515 2776 3521 2776 3526 2309 3525 2309 3521 2309 276 2310 3522 2310 272 2310 3519 2777 3363 2777 3524 2777 1609 2778 1610 2778 3523 2778 3527 2779 1609 2779 3523 2779 3374 2780 3520 2780 3504 2780 3524 2781 3528 2781 3519 2781 3528 2782 3524 2782 3502 2782 3362 2783 3509 2783 3529 2783 3375 2784 3372 2784 3361 2784 3376 2785 3502 2785 3374 2785 3530 2320 3525 2320 3526 2320 3360 2786 3375 2786 3361 2786 3362 2787 3361 2787 3509 2787 3522 2323 276 2323 3526 2323 3506 2788 3521 2788 3525 2788 3530 2789 3529 2789 3525 2789 275 2790 3526 2790 276 2790 3523 2791 3519 2791 3528 2791 1608 2792 1609 2792 3527 2792 3531 2793 1608 2793 3527 2793 3502 2794 3524 2794 3374 2794 3528 2795 3532 2795 3523 2795 3532 2330 3528 2330 3380 2330 3505 2796 3362 2796 3533 2796 3376 2797 3375 2797 3360 2797 3381 2798 3380 2798 3502 2798 3534 2799 3529 2799 3530 2799 3378 2800 3376 2800 3360 2800 3505 2801 3360 2801 3362 2801 3526 2802 275 2802 3530 2802 3509 2803 3525 2803 3529 2803 3534 2804 3533 2804 3529 2804 368 2805 3530 2805 275 2805 3527 2806 3523 2806 3532 2806 1607 2807 1608 2807 3531 2807 3535 2808 1607 2808 3531 2808 3380 2809 3528 2809 3502 2809 3532 2810 3536 2810 3527 2810 3536 2811 3532 2811 3500 2811 3379 2812 3505 2812 3537 2812 3381 2343 3376 2343 3378 2343 3380 2813 3382 2813 3500 2813 3538 2814 3533 2814 3534 2814 3378 2815 3377 2815 3381 2815 3379 2816 3378 2816 3505 2816 3530 2817 368 2817 3534 2817 3362 2818 3529 2818 3533 2818 3538 2819 3537 2819 3533 2819 236 2820 3534 2820 368 2820 3531 2821 3527 2821 3536 2821 1606 2822 1607 2822 3535 2822 3539 2823 1606 2823 3535 2823 3500 2355 3532 2355 3380 2355 3536 2824 3540 2824 3531 2824 3540 2825 3536 2825 3390 2825 3541 2826 3503 2826 3379 2826 3382 2827 3381 2827 3377 2827 3388 2828 3390 2828 3500 2828 3542 2361 3537 2361 3538 2361 3377 2829 3385 2829 3382 2829 3503 2830 3377 2830 3379 2830 3534 2364 236 2364 3538 2364 3505 2831 3533 2831 3537 2831 3537 2365 3542 2365 3541 2365 367 2366 3538 2366 236 2366 3535 2832 3531 2832 3540 2832 1605 2833 1606 2833 3539 2833 1605 2834 3539 2834 3543 2834 3390 2835 3536 2835 3500 2835 3540 2836 3544 2836 3535 2836 3544 2371 3540 2371 3498 2371 3545 2837 3386 2837 3503 2837 3388 2838 3382 2838 3385 2838 3389 2839 3498 2839 3390 2839 3546 2840 3541 2840 3542 2840 3385 2841 3387 2841 3388 2841 3386 2842 3385 2842 3503 2842 3542 2377 3538 2377 367 2377 3379 2843 3537 2843 3541 2843 3541 2844 3546 2844 3545 2844 350 2845 3542 2845 367 2845 3539 2846 3535 2846 3544 2846 1594 2382 1605 2382 3543 2382 1594 2847 3543 2847 3547 2847 3498 2848 3540 2848 3390 2848 3544 2849 3548 2849 3539 2849 3548 2850 3544 2850 3392 2850 3549 2851 3501 2851 3386 2851 3389 2852 3388 2852 3387 2852 3393 2853 3392 2853 3498 2853 3550 2854 3545 2854 3546 2854 3387 2855 3396 2855 3389 2855 3501 2856 3387 2856 3386 2856 3546 2857 3542 2857 350 2857 3503 2858 3541 2858 3545 2858 3545 2859 3550 2859 3549 2859 349 2860 3546 2860 350 2860 3543 2861 3539 2861 3548 2861 1596 2862 1594 2862 3547 2862 1596 2863 3547 2863 3551 2863 3392 2864 3544 2864 3498 2864 3548 2865 3552 2865 3543 2865 3552 2866 3548 2866 3401 2866 3553 2867 3394 2867 3501 2867 3393 2868 3389 2868 3396 2868 3391 2397 3401 2397 3392 2397 3549 2869 3550 2869 3554 2869 3396 2870 3395 2870 3393 2870 3394 2871 3396 2871 3501 2871 3550 2872 3546 2872 349 2872 3386 2873 3545 2873 3549 2873 3554 2874 3553 2874 3549 2874 366 2875 3550 2875 349 2875 3547 2876 3543 2876 3552 2876 1597 2877 1596 2877 3551 2877 1597 2402 3551 2402 3555 2402 3401 2878 3548 2878 3392 2878 3552 2879 3556 2879 3547 2879 3556 2880 3552 2880 3497 2880 3557 2881 3499 2881 3394 2881 3391 2882 3393 2882 3395 2882 3401 2883 3400 2883 3497 2883 3558 2884 3553 2884 3554 2884 3496 2885 3391 2885 3395 2885 3499 2886 3395 2886 3394 2886 3554 2887 366 2887 241 2887 3501 2888 3549 2888 3553 2888 3553 2889 3558 2889 3557 2889 366 2890 3554 2890 3550 2890 3551 2891 3547 2891 3556 2891 1598 2892 1597 2892 3555 2892 1598 2893 3555 2893 3559 2893 3497 2894 3552 2894 3401 2894 3556 2416 3560 2416 3551 2416 3560 2417 3556 2417 3492 2417 3495 2895 3499 2895 3561 2895 3400 2896 3391 2896 3496 2896 3493 2897 3492 2897 3497 2897 3562 2898 3557 2898 3558 2898 3496 2899 3398 2899 3400 2899 3495 2900 3496 2900 3499 2900 3554 2901 241 2901 3558 2901 3394 2902 3553 2902 3557 2902 3562 2903 3561 2903 3557 2903 243 2904 3558 2904 241 2904 3555 2425 3551 2425 3560 2425 1599 2905 1598 2905 3559 2905 1599 1850 3559 1850 3563 1850 3492 2426 3556 2426 3497 2426 3560 2906 3564 2906 3555 2906 3407 2907 3564 2907 3560 2907 3565 2428 3399 2428 3495 2428 3493 2429 3400 2429 3398 2429 3405 2908 3407 2908 3492 2908 3566 2430 3561 2430 3562 2430 3397 2431 3493 2431 3398 2431 3399 2432 3398 2432 3495 2432 3558 2909 243 2909 3562 2909 3499 2910 3557 2910 3561 2910 3561 2434 3566 2434 3565 2434 365 2435 3562 2435 243 2435 3559 2911 3555 2911 3564 2911 1600 2437 1599 2437 3563 2437 1600 2438 3563 2438 3567 2438 3407 2912 3560 2912 3492 2912 3564 2913 3568 2913 3559 2913 3491 2914 3568 2914 3564 2914 3494 1870 3399 1870 3569 1870 3405 2441 3493 2441 3397 2441 3406 2442 3491 2442 3407 2442 3570 2443 3565 2443 3566 2443 3397 1874 3489 1874 3405 1874 3494 1875 3397 1875 3399 1875 3566 2444 3562 2444 365 2444 3495 2445 3561 2445 3565 2445 3570 2446 3569 2446 3565 2446 364 2447 3566 2447 365 2447 3563 2448 3559 2448 3568 2448 1601 2449 1600 2449 3567 2449 1601 2450 3567 2450 3571 2450 3491 2915 3564 2915 3407 2915 3568 2452 3572 2452 3563 2452 3487 2453 3572 2453 3568 2453 3573 2454 3490 2454 3494 2454 3406 1887 3405 1887 3489 1887 3486 2455 3487 2455 3491 2455 3574 2456 3569 2456 3570 2456 3402 1890 3406 1890 3489 1890 3490 1891 3489 1891 3494 1891 3566 2457 364 2457 3570 2457 3399 1893 3565 1893 3569 1893 3569 2458 3574 2458 3573 2458 363 2459 3570 2459 364 2459 3567 2460 3563 2460 3572 2460 1602 2461 1601 2461 3571 2461 1602 2462 3571 2462 3575 2462 3487 2463 3568 2463 3491 2463 3572 2464 3576 2464 3567 2464 3411 2465 3576 2465 3572 2465 3403 1902 3490 1902 3577 1902 3486 1903 3406 1903 3402 1903 3412 2466 3411 2466 3487 2466 3578 2467 3573 2467 3574 2467 3402 1906 3404 1906 3486 1906 3403 1907 3402 1907 3490 1907 3574 2468 3570 2468 363 2468 3494 2469 3569 2469 3573 2469 3578 2470 3577 2470 3573 2470 352 2471 3574 2471 363 2471 3571 1912 3567 1912 3576 1912 1603 2472 1602 2472 3575 2472 1603 1914 3575 1914 3579 1914 3411 2473 3572 2473 3487 2473 3576 2474 3580 2474 3571 2474 3408 2475 3580 2475 3576 2475 3581 2476 3488 2476 3403 2476 3412 1919 3486 1919 3404 1919 3409 2477 3408 2477 3411 2477 3577 1921 3578 1921 3582 1921 3483 1922 3412 1922 3404 1922 3488 2478 3404 2478 3403 2478 3574 2479 352 2479 3578 2479 3490 2480 3573 2480 3577 2480 3577 2481 3582 2481 3581 2481 351 1927 3578 1927 352 1927 3575 2482 3571 2482 3580 2482 1604 1929 1603 1929 3579 1929 1604 1930 3579 1930 3583 1930 3408 2483 3576 2483 3411 2483 3580 1932 3584 1932 3575 1932 3481 1933 3584 1933 3580 1933 3484 2484 3488 2484 3585 2484 3409 1935 3412 1935 3483 1935 3410 1936 3481 1936 3408 1936 3586 2485 3581 2485 3582 2485 3483 1938 3482 1938 3409 1938 3484 2486 3483 2486 3488 2486 239 1940 3582 1940 351 1940 3403 2487 3577 2487 3581 2487 3581 2488 3586 2488 3585 2488 351 1943 3582 1943 3578 1943 3579 1944 3575 1944 3584 1944 1631 1945 1604 1945 3583 1945 1631 1946 3583 1946 3587 1946 3481 1947 3580 1947 3408 1947 3584 1948 3588 1948 3579 1948 3476 1949 3588 1949 3584 1949 3589 1950 3485 1950 3484 1950 3410 1951 3409 1951 3482 1951 3477 1643 3476 1643 3481 1643 3585 1952 3586 1952 3590 1952 3479 1953 3410 1953 3482 1953 3484 1645 3485 1645 3482 1645 3582 1954 239 1954 3586 1954 3488 2489 3581 2489 3585 2489 3590 1952 3589 1952 3585 1952 189 1956 3586 1956 239 1956 3583 1948 3579 1948 3588 1948 1630 1957 1631 1957 3587 1957 1630 1958 3587 1958 3591 1958 3476 1949 3584 1949 3481 1949 3588 1959 3592 1959 3583 1959 3414 1960 3592 1960 3588 1960 3480 1961 3485 1961 3593 1961 3477 1953 3410 1953 3479 1953 3415 1962 3414 1962 3476 1962 3594 1963 3589 1963 3590 1963 3479 1964 3417 1964 3477 1964 3485 1965 3480 1965 3479 1965 3590 1966 189 1966 188 1966 3484 1950 3585 1950 3589 1950 3589 1967 3594 1967 3593 1967 189 1956 3590 1956 3586 1956 3587 1968 3583 1968 3592 1968 1629 1969 1630 1969 3591 1969 1629 1970 3591 1970 3595 1970 3414 1971 3588 1971 3476 1971 3592 1972 3596 1972 3587 1972 3475 1973 3596 1973 3592 1973 3597 1974 3418 1974 3480 1974 3415 1975 3477 1975 3417 1975 3414 1976 3413 1976 3475 1976 3594 1977 3598 1977 3593 1977 3416 1978 3415 1978 3417 1978 3480 1979 3418 1979 3417 1979 3594 1980 188 1980 361 1980 3485 1981 3589 1981 3593 1981 3593 1982 3598 1982 3597 1982 188 1983 3594 1983 3590 1983 3591 1984 3587 1984 3596 1984 1626 1985 1629 1985 3595 1985 1626 1986 3595 1986 3599 1986 3475 1987 3592 1987 3414 1987 3596 1988 3600 1988 3591 1988 3470 1989 3600 1989 3596 1989 3478 1990 3418 1990 3601 1990 3413 1991 3415 1991 3416 1991 3475 1992 3471 1992 3470 1992 3598 1993 3602 1993 3597 1993 3474 1994 3413 1994 3416 1994 3418 1995 3478 1995 3416 1995 3594 1996 361 1996 3598 1996 3480 1997 3593 1997 3597 1997 3597 1998 3602 1998 3601 1998 360 1999 3598 1999 361 1999 3595 2000 3591 2000 3600 2000 1627 2001 1626 2001 3599 2001 1627 2002 3599 2002 3603 2002 3470 2003 3596 2003 3475 2003 3600 2004 3604 2004 3595 2004 3421 2005 3604 2005 3600 2005 3473 2006 3478 2006 3605 2006 3471 2007 3413 2007 3474 2007 3470 2008 3419 2008 3421 2008 3606 2009 3601 2009 3602 2009 3474 2010 3422 2010 3471 2010 3473 2011 3474 2011 3478 2011 3602 2012 3598 2012 360 2012 3418 2013 3597 2013 3601 2013 3601 2014 3606 2014 3605 2014 359 2015 3602 2015 360 2015 3599 2016 3595 2016 3604 2016 1628 2916 1627 2916 3603 2916 1628 2917 3603 2917 3607 2917 3421 2019 3600 2019 3470 2019 3604 2918 3608 2918 3599 2918 3466 2919 3608 2919 3604 2919 3609 2022 3423 2022 3473 2022 3419 2023 3471 2023 3422 2023 3420 2024 3466 2024 3421 2024 3610 2025 3605 2025 3606 2025 3422 2026 3424 2026 3419 2026 3473 2027 3423 2027 3422 2027 266 2028 3606 2028 359 2028 3478 2029 3601 2029 3605 2029 3605 2030 3610 2030 3609 2030 359 2031 3606 2031 3602 2031 3603 2920 3599 2920 3608 2920 1623 2921 1628 2921 3607 2921 1623 2034 3607 2034 3611 2034 3466 2035 3604 2035 3421 2035 3608 2922 3612 2922 3603 2922 3467 2923 3612 2923 3608 2923 3613 2038 3472 2038 3423 2038 3420 2039 3419 2039 3424 2039 3466 2924 3465 2924 3467 2924 3610 2041 3614 2041 3609 2041 3468 2042 3420 2042 3424 2042 3423 2043 3472 2043 3424 2043 3606 2044 266 2044 3610 2044 3473 2045 3605 2045 3609 2045 3609 2046 3614 2046 3613 2046 265 2047 3610 2047 266 2047 3607 2925 3603 2925 3612 2925 1624 2926 1623 2926 3611 2926 1624 2927 3611 2927 3615 2927 3467 2928 3608 2928 3466 2928 3612 2052 3616 2052 3607 2052 3462 2053 3616 2053 3612 2053 3469 2929 3472 2929 3617 2929 3465 2055 3420 2055 3468 2055 3467 2930 3463 2930 3462 2930 3614 2931 3618 2931 3613 2931 3468 2932 3428 2932 3465 2932 3469 2933 3468 2933 3472 2933 3614 2060 3610 2060 265 2060 3423 2061 3609 2061 3613 2061 3613 2934 3618 2934 3617 2934 244 2063 3614 2063 265 2063 3611 2064 3607 2064 3616 2064 1625 2935 1624 2935 3615 2935 1625 2936 3615 2936 3619 2936 3462 2067 3612 2067 3467 2067 3616 2937 3620 2937 3611 2937 3464 2938 3620 2938 3616 2938 3621 2939 3429 2939 3469 2939 3463 2940 3465 2940 3428 2940 3461 2941 3464 2941 3462 2941 3617 2942 3618 2942 3622 2942 3428 2943 3427 2943 3463 2943 3429 2944 3428 2944 3469 2944 3618 2945 3614 2945 244 2945 3472 2946 3613 2946 3617 2946 3617 2947 3622 2947 3621 2947 246 2948 3618 2948 244 2948 3615 2949 3611 2949 3620 2949 1620 2081 1625 2081 3619 2081 1620 2950 3619 2950 3623 2950 3464 2951 3616 2951 3462 2951 3620 2952 3624 2952 3615 2952 3459 2953 3624 2953 3620 2953 3625 2954 3425 2954 3429 2954 3461 2955 3463 2955 3427 2955 3460 2956 3459 2956 3464 2956 3626 2957 3621 2957 3622 2957 3427 2958 3426 2958 3461 2958 3429 2959 3425 2959 3427 2959 263 2960 3622 2960 246 2960 3469 2961 3617 2961 3621 2961 3621 2962 3626 2962 3625 2962 246 2963 3622 2963 3618 2963 3619 2964 3615 2964 3624 2964 1621 2965 1620 2965 3623 2965 1621 2966 3623 2966 3627 2966 3459 2099 3620 2099 3464 2099 3624 2967 3628 2967 3619 2967 3448 2101 3628 2101 3624 2101 3629 2968 3433 2968 3425 2968 3460 2969 3461 2969 3426 2969 3459 2970 3449 2970 3448 2970 3626 2971 3630 2971 3625 2971 3430 2972 3460 2972 3426 2972 3425 2973 3433 2973 3426 2973 3622 2108 263 2108 3626 2108 3429 2974 3621 2974 3625 2974 3625 2975 3630 2975 3629 2975 271 2976 3626 2976 263 2976 3623 2977 3619 2977 3628 2977 1622 2978 1621 2978 3627 2978 1622 2979 3627 2979 3384 2979 3448 2980 3624 2980 3459 2980 3623 2981 3628 2981 3434 2981 3628 2982 3435 2982 3434 2982 3431 2983 3433 2983 3631 2983 3449 2984 3460 2984 3430 2984 3448 2985 3443 2985 3435 2985 3632 2986 3629 2986 3630 2986 3430 2987 3432 2987 3449 2987 3431 2988 3430 2988 3433 2988 3630 2989 3626 2989 271 2989 3425 2990 3625 2990 3629 2990 3629 2125 3632 2125 3631 2125 270 2991 3630 2991 271 2991 3627 2992 3623 2992 3434 2992 1617 2993 1622 2993 3384 2993 1618 2994 3453 2994 3457 2994 3435 2995 3628 2995 3448 2995 3434 2996 3633 2996 3627 2996 3442 2997 3447 2997 3634 2997 3635 2998 3441 2998 3431 2998 3443 2999 3449 2999 3432 2999 3435 3000 3443 3000 3444 3000 3631 2136 3632 2136 3636 2136 3432 3001 3442 3001 3443 3001 3431 3002 3441 3002 3432 3002 357 2139 3632 2139 270 2139 3433 2140 3629 2140 3631 2140 3631 2141 3636 2141 3635 2141 270 3003 3632 3003 3630 3003 3384 3004 3627 3004 3633 3004 1619 3005 1617 3005 3383 3005 3451 2145 3436 2145 3637 2145 3633 3006 3434 3006 3436 3006 3384 3007 3633 3007 3638 3007 3637 3008 3444 3008 3634 3008 3436 3009 3451 3009 3633 3009 3639 3010 3447 3010 3441 3010 3444 3011 3637 3011 3436 3011 3636 2152 3640 2152 3635 2152 3442 3012 3634 3012 3444 3012 3441 3013 3447 3013 3442 3013 3636 3014 357 3014 247 3014 3431 3015 3631 3015 3635 3015 3635 3016 3640 3016 3639 3016 357 2158 3636 2158 3632 2158 3383 3017 3384 3017 3638 3017 1618 3018 1619 3018 3453 3018 3641 3019 3452 3019 3637 3019 3638 3020 3633 3020 3451 3020 3642 2163 3383 2163 3638 2163 3446 3021 3641 3021 3634 3021 3450 3022 3638 3022 3451 3022 3643 3023 3644 3023 3645 3023 3452 2167 3451 2167 3637 2167 3640 3024 3458 3024 3639 3024 3637 3025 3634 3025 3641 3025 3447 3026 3446 3026 3634 3026 3636 3027 247 3027 3640 3027 3441 3028 3635 3028 3639 3028 3639 3029 3458 3029 3445 3029 249 3030 3640 3030 247 3030 3453 3031 3383 3031 3642 3031 1614 2176 1618 2176 3457 2176 3450 3032 3646 3032 3647 3032 3642 3033 3638 3033 3450 3033 3453 3034 3642 3034 3648 3034 3452 2180 3649 2180 3646 2180 3642 3035 3450 3035 3647 3035 3641 3036 3643 3036 3649 3036 3450 3037 3452 3037 3646 3037 3446 3038 3439 3038 3643 3038 3641 3039 3649 3039 3452 3039 3446 3040 3643 3040 3641 3040 3458 3041 3640 3041 249 3041 3447 3042 3639 3042 3445 3042 3445 3043 3440 3043 3439 3043 356 3044 3458 3044 249 3044 3457 3045 3453 3045 3648 3045 1615 3046 1614 3046 3456 3046 3368 3047 3648 3047 3647 3047 3648 3048 3642 3048 3647 3048 3648 3049 3368 3049 3370 3049 3650 3050 3647 3050 3646 3050 3647 2197 3650 2197 3368 2197 3651 3051 3646 3051 3649 3051 3646 3052 3651 3052 3650 3052 3645 3053 3649 3053 3643 3053 3649 3054 3645 3054 3651 3054 3643 2202 3439 2202 3644 2202 281 2203 3440 2203 356 2203 3446 3055 3445 3055 3439 3055 3439 2205 3438 2205 3644 2205 356 2206 3440 2206 3458 2206 1614 3056 3457 3056 3456 3056 1615 3057 3455 3057 1616 3057 3650 3058 3652 3058 3368 3058 3457 3059 3648 3059 3370 3059 3370 3060 3369 3060 3454 3060 3651 2212 3653 2212 3650 2212 3368 3061 3652 3061 3369 3061 3645 3062 3654 3062 3651 3062 3650 3063 3653 3063 3652 3063 3644 3064 3655 3064 3645 3064 3651 2217 3654 2217 3653 2217 3438 3065 380 3065 3437 3065 3645 3066 3655 3066 3654 3066 3438 3067 3437 3067 3644 3067 3655 3068 3644 3068 3437 3068 281 2222 3438 2222 3440 2222 1615 3069 3456 3069 3455 3069 3456 3070 3370 3070 3454 3070 3365 2225 3454 2225 3510 2225 3455 3071 3454 3071 3365 3071 3510 3072 3369 3072 3511 3072 3454 2228 3369 2228 3510 2228 3511 3073 3652 3073 3512 3073 3369 3074 3652 3074 3511 3074 3512 3075 3653 3075 3514 3075 3652 3076 3653 3076 3512 3076 3514 3077 3654 3077 3516 3077 3653 3078 3654 3078 3514 3078 3516 3079 3655 3079 3518 3079 3654 3080 3655 3080 3516 3080 3655 2237 3437 2237 3518 2237 369 3081 3518 3081 3437 3081 3656 2691 3657 2691 3658 2691 3659 2692 1763 2692 3660 2692 3661 1584 3662 1584 3663 1584 3664 2693 3665 2693 3666 2693 3661 2694 3663 2694 3667 2694 1745 2695 3667 2695 3660 2695 1745 2696 3660 2696 1763 2696 1762 2697 1763 2697 3659 2697 3668 2698 3662 2698 3669 2698 3670 2699 3671 2699 3672 2699 3673 2700 3674 2700 3675 2700 3676 2701 3677 2701 3678 2701 3679 2702 1767 2702 3680 2702 3681 2703 3682 2703 3683 2703 3684 2704 3685 2704 3686 2704 3687 2705 3688 2705 3689 2705 3690 2706 3691 2706 3692 2706 3693 1599 3694 1599 3695 1599 3696 2250 3697 2250 3687 2250 3698 1601 3699 1601 3700 1601 3701 1602 3702 1602 3703 1602 3704 1603 3705 1603 3706 1603 3707 2251 3708 2251 3705 2251 3709 1605 3710 1605 3711 1605 3712 1606 3713 1606 3714 1606 3715 1607 3716 1607 3717 1607 3718 1608 3719 1608 3720 1608 3721 2707 3722 2707 3723 2707 3723 2708 3724 2708 3725 2708 3726 2709 3727 2709 3728 2709 3722 2710 3729 2710 3726 2710 3730 2711 3731 2711 3732 2711 346 2712 3733 2712 343 2712 3734 1615 3735 1615 3736 1615 3737 2713 3738 2713 3728 2713 3739 2714 3738 2714 3740 2714 3741 2715 3742 2715 3743 2715 3732 2716 3731 2716 3740 2716 3744 2717 3745 2717 3739 2717 3746 2718 3747 2718 3748 2718 1769 2719 3679 2719 3749 2719 3750 2720 3751 2720 3752 2720 3666 2721 3752 2721 3753 2721 1766 2722 3751 2722 3667 2722 3661 2723 3667 2723 3751 2723 1745 2724 1766 2724 3667 2724 3741 2725 3754 2725 3736 2725 3755 2726 3756 2726 3745 2726 3734 1630 344 1630 343 1630 3757 2727 3758 2727 3759 2727 3757 2728 3756 2728 3760 2728 3761 1633 3762 1633 3716 1633 3761 2729 3759 2729 3763 2729 3724 2730 3764 2730 3765 2730 3766 1636 3767 1636 3715 1636 3768 1637 3764 1637 3720 1637 3769 1638 3718 1638 3770 1638 3709 1639 3767 1639 3771 1639 3711 1640 3772 1640 3773 1640 3774 1641 3770 1641 3712 1641 3775 1642 3776 1642 3713 1642 3773 1643 3777 1643 3706 1643 3778 1644 3779 1644 3780 1644 3778 1645 3781 1645 3775 1645 3782 1646 3708 1646 3783 1646 3779 2276 3700 2276 3784 2276 3785 1648 3786 1648 3698 1648 3702 2277 3782 2277 3787 2277 3701 2731 3788 2731 3789 2731 3693 1651 3790 1651 3785 1651 3791 2732 3694 2732 3792 2732 3789 2733 3793 2733 3696 2733 3794 2734 3685 2734 3689 2734 3792 2281 3691 2281 3795 2281 3684 2735 3796 2735 3678 2735 3692 2736 3683 2736 3797 2736 3798 2737 3672 2737 3677 2737 3681 2738 3673 2738 3799 2738 3800 2739 3668 2739 3671 2739 3656 2740 3801 2740 3674 2740 3802 2741 3803 2741 3804 2741 3657 2742 3803 2742 3805 2742 3669 2743 3662 2743 3806 2743 3669 2744 3806 2744 3807 2744 3807 2745 3808 2745 3804 2745 3808 2746 3809 2746 3804 2746 3810 2747 3809 2747 3808 2747 3811 2748 3809 2748 3810 2748 3811 2749 3812 2749 3813 2749 3813 2750 3812 2750 3814 2750 346 2751 340 2751 3814 2751 3660 2752 3667 2752 3663 2752 1761 2753 1762 2753 3659 2753 3815 2754 1761 2754 3659 2754 3662 1676 3661 1676 3806 1676 3663 2755 3816 2755 3660 2755 3816 2756 3663 2756 3800 2756 3802 2757 3809 2757 3817 2757 3669 2758 3807 2758 3804 2758 3668 2292 3800 2292 3662 2292 3818 2759 3811 2759 3813 2759 3804 2760 3803 2760 3669 2760 3802 2761 3804 2761 3809 2761 3814 2762 340 2762 3813 2762 3810 2763 3812 2763 3811 2763 3818 2764 3817 2764 3811 2764 339 2765 3813 2765 340 2765 3659 2766 3660 2766 3816 2766 1760 2297 1761 2297 3815 2297 3819 2767 1760 2767 3815 2767 3800 1692 3663 1692 3662 1692 3816 2768 3820 2768 3659 2768 3820 2769 3816 2769 3670 2769 3821 2770 3805 2770 3802 2770 3668 2771 3669 2771 3803 2771 3671 2772 3670 2772 3800 2772 3822 2304 3817 2304 3818 2304 3657 2773 3668 2773 3803 2773 3805 2774 3803 2774 3802 2774 3813 2775 339 2775 3818 2775 3809 2776 3811 2776 3817 2776 3822 2309 3821 2309 3817 2309 304 2310 3818 2310 339 2310 3815 2777 3659 2777 3820 2777 1759 2778 1760 2778 3819 2778 3823 2779 1759 2779 3819 2779 3670 2780 3816 2780 3800 2780 3820 2781 3824 2781 3815 2781 3824 2782 3820 2782 3798 2782 3658 2783 3805 2783 3825 2783 3671 2784 3668 2784 3657 2784 3672 2785 3798 2785 3670 2785 3826 2320 3821 2320 3822 2320 3656 2786 3671 2786 3657 2786 3658 2787 3657 2787 3805 2787 3818 2323 304 2323 3822 2323 3802 2788 3817 2788 3821 2788 3826 2789 3825 2789 3821 2789 303 2790 3822 2790 304 2790 3819 2791 3815 2791 3824 2791 1758 2792 1759 2792 3823 2792 3827 2793 1758 2793 3823 2793 3798 2794 3820 2794 3670 2794 3824 2795 3828 2795 3819 2795 3828 2330 3824 2330 3676 2330 3801 2796 3658 2796 3829 2796 3672 2797 3671 2797 3656 2797 3677 2798 3676 2798 3798 2798 3830 2799 3825 2799 3826 2799 3674 2800 3672 2800 3656 2800 3801 2801 3656 2801 3658 2801 3822 2802 303 2802 3826 2802 3805 2803 3821 2803 3825 2803 3830 2804 3829 2804 3825 2804 338 2805 3826 2805 303 2805 3823 2806 3819 2806 3828 2806 1757 2807 1758 2807 3827 2807 3831 2808 1757 2808 3827 2808 3676 2809 3824 2809 3798 2809 3828 2810 3832 2810 3823 2810 3832 2811 3828 2811 3796 2811 3675 2812 3801 2812 3833 2812 3677 2343 3672 2343 3674 2343 3676 2813 3678 2813 3796 2813 3834 2814 3829 2814 3830 2814 3674 2815 3673 2815 3677 2815 3675 2816 3674 2816 3801 2816 3826 2817 338 2817 3830 2817 3658 2818 3825 2818 3829 2818 3834 2819 3833 2819 3829 2819 336 2820 3830 2820 338 2820 3827 2821 3823 2821 3832 2821 1756 2822 1757 2822 3831 2822 3835 2823 1756 2823 3831 2823 3796 2355 3828 2355 3676 2355 3832 2824 3836 2824 3827 2824 3836 2825 3832 2825 3686 2825 3837 2826 3799 2826 3675 2826 3678 2827 3677 2827 3673 2827 3684 2828 3686 2828 3796 2828 3838 2361 3833 2361 3834 2361 3673 2829 3681 2829 3678 2829 3799 2830 3673 2830 3675 2830 3830 2364 336 2364 3834 2364 3801 2831 3829 2831 3833 2831 3833 2365 3838 2365 3837 2365 337 2366 3834 2366 336 2366 3831 2832 3827 2832 3836 2832 1755 2833 1756 2833 3835 2833 1755 2834 3835 2834 3839 2834 3686 2835 3832 2835 3796 2835 3836 2836 3840 2836 3831 2836 3840 2371 3836 2371 3794 2371 3841 2837 3682 2837 3799 2837 3684 2838 3678 2838 3681 2838 3685 2839 3794 2839 3686 2839 3842 2840 3837 2840 3838 2840 3681 2841 3683 2841 3684 2841 3682 2842 3681 2842 3799 2842 3838 2377 3834 2377 337 2377 3675 2843 3833 2843 3837 2843 3837 2844 3842 2844 3841 2844 335 2845 3838 2845 337 2845 3835 2846 3831 2846 3840 2846 1744 2382 1755 2382 3839 2382 1744 2847 3839 2847 3843 2847 3794 2848 3836 2848 3686 2848 3840 2849 3844 2849 3835 2849 3844 2850 3840 2850 3688 2850 3845 2851 3797 2851 3682 2851 3685 2852 3684 2852 3683 2852 3689 2853 3688 2853 3794 2853 3846 2854 3841 2854 3842 2854 3683 2855 3692 2855 3685 2855 3797 2856 3683 2856 3682 2856 3842 2857 3838 2857 335 2857 3799 2858 3837 2858 3841 2858 3841 2859 3846 2859 3845 2859 334 2860 3842 2860 335 2860 3839 2861 3835 2861 3844 2861 1746 2862 1744 2862 3843 2862 1746 2863 3843 2863 3847 2863 3688 2864 3840 2864 3794 2864 3844 2865 3848 2865 3839 2865 3848 2866 3844 2866 3697 2866 3849 2867 3690 2867 3797 2867 3689 2868 3685 2868 3692 2868 3687 2397 3697 2397 3688 2397 3845 2869 3846 2869 3850 2869 3692 2870 3691 2870 3689 2870 3690 2871 3692 2871 3797 2871 3846 2872 3842 2872 334 2872 3682 2873 3841 2873 3845 2873 3850 2874 3849 2874 3845 2874 332 2875 3846 2875 334 2875 3843 2876 3839 2876 3848 2876 1747 2877 1746 2877 3847 2877 1747 2402 3847 2402 3851 2402 3697 2878 3844 2878 3688 2878 3848 2879 3852 2879 3843 2879 3852 2880 3848 2880 3793 2880 3853 2881 3795 2881 3690 2881 3687 2882 3689 2882 3691 2882 3697 2883 3696 2883 3793 2883 3854 2884 3849 2884 3850 2884 3792 2885 3687 2885 3691 2885 3795 2886 3691 2886 3690 2886 3850 2887 332 2887 331 2887 3797 2888 3845 2888 3849 2888 3849 2889 3854 2889 3853 2889 332 2890 3850 2890 3846 2890 3847 2891 3843 2891 3852 2891 1748 2892 1747 2892 3851 2892 1748 2893 3851 2893 3855 2893 3793 2894 3848 2894 3697 2894 3852 2416 3856 2416 3847 2416 3856 2417 3852 2417 3788 2417 3791 2895 3795 2895 3857 2895 3696 2896 3687 2896 3792 2896 3789 2897 3788 2897 3793 2897 3858 2898 3853 2898 3854 2898 3792 2899 3694 2899 3696 2899 3791 2900 3792 2900 3795 2900 3850 2901 331 2901 3854 2901 3690 2902 3849 2902 3853 2902 3858 2903 3857 2903 3853 2903 328 2904 3854 2904 331 2904 3851 2425 3847 2425 3856 2425 1749 2905 1748 2905 3855 2905 1749 1850 3855 1850 3859 1850 3788 2426 3852 2426 3793 2426 3856 2906 3860 2906 3851 2906 3703 2907 3860 2907 3856 2907 3861 2428 3695 2428 3791 2428 3789 2429 3696 2429 3694 2429 3701 2908 3703 2908 3788 2908 3862 2430 3857 2430 3858 2430 3693 2431 3789 2431 3694 2431 3695 2432 3694 2432 3791 2432 3854 2909 328 2909 3858 2909 3795 2910 3853 2910 3857 2910 3857 2434 3862 2434 3861 2434 330 2435 3858 2435 328 2435 3855 2911 3851 2911 3860 2911 1750 2437 1749 2437 3859 2437 1750 2438 3859 2438 3863 2438 3703 2912 3856 2912 3788 2912 3860 2913 3864 2913 3855 2913 3787 2914 3864 2914 3860 2914 3790 1870 3695 1870 3865 1870 3701 2441 3789 2441 3693 2441 3702 2442 3787 2442 3703 2442 3866 2443 3861 2443 3862 2443 3693 1874 3785 1874 3701 1874 3790 1875 3693 1875 3695 1875 3862 2444 3858 2444 330 2444 3791 2445 3857 2445 3861 2445 3866 2446 3865 2446 3861 2446 320 2447 3862 2447 330 2447 3859 2448 3855 2448 3864 2448 1751 2449 1750 2449 3863 2449 1751 2450 3863 2450 3867 2450 3787 2915 3860 2915 3703 2915 3864 2452 3868 2452 3859 2452 3783 2453 3868 2453 3864 2453 3869 2454 3786 2454 3790 2454 3702 1887 3701 1887 3785 1887 3782 2455 3783 2455 3787 2455 3870 2456 3865 2456 3866 2456 3698 1890 3702 1890 3785 1890 3786 1891 3785 1891 3790 1891 3862 2457 320 2457 3866 2457 3695 1893 3861 1893 3865 1893 3865 2458 3870 2458 3869 2458 319 2459 3866 2459 320 2459 3863 2460 3859 2460 3868 2460 1752 2461 1751 2461 3867 2461 1752 2462 3867 2462 3871 2462 3783 2463 3864 2463 3787 2463 3868 2464 3872 2464 3863 2464 3707 2465 3872 2465 3868 2465 3699 1902 3786 1902 3873 1902 3782 1903 3702 1903 3698 1903 3708 2466 3707 2466 3783 2466 3874 2467 3869 2467 3870 2467 3698 1906 3700 1906 3782 1906 3699 1907 3698 1907 3786 1907 3870 2468 3866 2468 319 2468 3790 2469 3865 2469 3869 2469 3874 2470 3873 2470 3869 2470 309 2471 3870 2471 319 2471 3867 1912 3863 1912 3872 1912 1753 2472 1752 2472 3871 2472 1753 1914 3871 1914 3875 1914 3707 2473 3868 2473 3783 2473 3872 2474 3876 2474 3867 2474 3704 2475 3876 2475 3872 2475 3877 2476 3784 2476 3699 2476 3708 1919 3782 1919 3700 1919 3705 2477 3704 2477 3707 2477 3873 1921 3874 1921 3878 1921 3779 1922 3708 1922 3700 1922 3784 2478 3700 2478 3699 2478 3870 2479 309 2479 3874 2479 3786 2480 3869 2480 3873 2480 3873 2481 3878 2481 3877 2481 311 1927 3874 1927 309 1927 3871 2482 3867 2482 3876 2482 1754 1929 1753 1929 3875 1929 1754 1930 3875 1930 3879 1930 3704 2483 3872 2483 3707 2483 3876 1932 3880 1932 3871 1932 3777 1933 3880 1933 3876 1933 3780 2484 3784 2484 3881 2484 3705 1935 3708 1935 3779 1935 3706 1936 3777 1936 3704 1936 3882 2485 3877 2485 3878 2485 3779 1938 3778 1938 3705 1938 3780 2486 3779 2486 3784 2486 202 1940 3878 1940 311 1940 3699 2487 3873 2487 3877 2487 3877 2488 3882 2488 3881 2488 311 1943 3878 1943 3874 1943 3875 1944 3871 1944 3880 1944 1781 1945 1754 1945 3879 1945 1781 1946 3879 1946 3883 1946 3777 1947 3876 1947 3704 1947 3880 1948 3884 1948 3875 1948 3772 1949 3884 1949 3880 1949 3885 1950 3781 1950 3780 1950 3706 1951 3705 1951 3778 1951 3773 1643 3772 1643 3777 1643 3881 1952 3882 1952 3886 1952 3775 1953 3706 1953 3778 1953 3780 1645 3781 1645 3778 1645 3878 1954 202 1954 3882 1954 3784 2489 3877 2489 3881 2489 3886 1952 3885 1952 3881 1952 204 1956 3882 1956 202 1956 3879 1948 3875 1948 3884 1948 1780 1957 1781 1957 3883 1957 1780 1958 3883 1958 3887 1958 3772 1949 3880 1949 3777 1949 3884 1959 3888 1959 3879 1959 3710 1960 3888 1960 3884 1960 3776 1961 3781 1961 3889 1961 3773 1953 3706 1953 3775 1953 3711 1962 3710 1962 3772 1962 3890 1963 3885 1963 3886 1963 3775 1964 3713 1964 3773 1964 3781 1965 3776 1965 3775 1965 3886 1966 204 1966 312 1966 3780 1950 3881 1950 3885 1950 3885 1967 3890 1967 3889 1967 204 1956 3886 1956 3882 1956 3883 1968 3879 1968 3888 1968 1779 1969 1780 1969 3887 1969 1779 1970 3887 1970 3891 1970 3710 1971 3884 1971 3772 1971 3888 1972 3892 1972 3883 1972 3771 1973 3892 1973 3888 1973 3893 1974 3714 1974 3776 1974 3711 1975 3773 1975 3713 1975 3710 1976 3709 1976 3771 1976 3890 1977 3894 1977 3889 1977 3712 1978 3711 1978 3713 1978 3776 1979 3714 1979 3713 1979 3890 1980 312 1980 201 1980 3781 1981 3885 1981 3889 1981 3889 1982 3894 1982 3893 1982 312 1983 3890 1983 3886 1983 3887 1984 3883 1984 3892 1984 1776 1985 1779 1985 3891 1985 1776 1986 3891 1986 3895 1986 3771 1987 3888 1987 3710 1987 3892 1988 3896 1988 3887 1988 3766 1989 3896 1989 3892 1989 3774 1990 3714 1990 3897 1990 3709 1991 3711 1991 3712 1991 3771 1992 3767 1992 3766 1992 3894 1993 3898 1993 3893 1993 3770 1994 3709 1994 3712 1994 3714 1995 3774 1995 3712 1995 3890 1996 201 1996 3894 1996 3776 1997 3889 1997 3893 1997 3893 1998 3898 1998 3897 1998 200 1999 3894 1999 201 1999 3891 2000 3887 2000 3896 2000 1777 2001 1776 2001 3895 2001 1777 2002 3895 2002 3899 2002 3766 2003 3892 2003 3771 2003 3896 2004 3900 2004 3891 2004 3717 2005 3900 2005 3896 2005 3769 2006 3774 2006 3901 2006 3767 2007 3709 2007 3770 2007 3766 2008 3715 2008 3717 2008 3902 2009 3897 2009 3898 2009 3770 2010 3718 2010 3767 2010 3769 2011 3770 2011 3774 2011 3898 2012 3894 2012 200 2012 3714 2013 3893 2013 3897 2013 3897 2014 3902 2014 3901 2014 326 2015 3898 2015 200 2015 3895 2016 3891 2016 3900 2016 1778 2916 1777 2916 3899 2916 1778 2917 3899 2917 3903 2917 3717 2019 3896 2019 3766 2019 3900 2918 3904 2918 3895 2918 3762 2919 3904 2919 3900 2919 3905 2022 3719 2022 3769 2022 3715 2023 3767 2023 3718 2023 3716 2024 3762 2024 3717 2024 3906 2025 3901 2025 3902 2025 3718 2026 3720 2026 3715 2026 3769 2027 3719 2027 3718 2027 327 2028 3902 2028 326 2028 3774 2029 3897 2029 3901 2029 3901 2030 3906 2030 3905 2030 326 2031 3902 2031 3898 2031 3899 2920 3895 2920 3904 2920 1773 2921 1778 2921 3903 2921 1773 2034 3903 2034 3907 2034 3762 2035 3900 2035 3717 2035 3904 2922 3908 2922 3899 2922 3763 2923 3908 2923 3904 2923 3909 2038 3768 2038 3719 2038 3716 2039 3715 2039 3720 2039 3762 2924 3761 2924 3763 2924 3906 2041 3910 2041 3905 2041 3764 2042 3716 2042 3720 2042 3719 2043 3768 2043 3720 2043 3902 2044 327 2044 3906 2044 3769 2045 3901 2045 3905 2045 3905 2046 3910 2046 3909 2046 313 2047 3906 2047 327 2047 3903 2925 3899 2925 3908 2925 1774 2926 1773 2926 3907 2926 1774 2927 3907 2927 3911 2927 3763 2928 3904 2928 3762 2928 3908 2052 3912 2052 3903 2052 3758 2053 3912 2053 3908 2053 3765 2929 3768 2929 3913 2929 3761 2055 3716 2055 3764 2055 3763 2930 3759 2930 3758 2930 3910 2931 3914 2931 3909 2931 3764 2932 3724 2932 3761 2932 3765 2933 3764 2933 3768 2933 3910 2060 3906 2060 313 2060 3719 2061 3905 2061 3909 2061 3909 2934 3914 2934 3913 2934 196 2063 3910 2063 313 2063 3907 2064 3903 2064 3912 2064 1775 2935 1774 2935 3911 2935 1775 2936 3911 2936 3915 2936 3758 2067 3908 2067 3763 2067 3912 2937 3916 2937 3907 2937 3760 2938 3916 2938 3912 2938 3917 2939 3725 2939 3765 2939 3759 2940 3761 2940 3724 2940 3757 2941 3760 2941 3758 2941 3913 2942 3914 2942 3918 2942 3724 2943 3723 2943 3759 2943 3725 2944 3724 2944 3765 2944 3914 2945 3910 2945 196 2945 3768 2946 3909 2946 3913 2946 3913 2947 3918 2947 3917 2947 198 2948 3914 2948 196 2948 3911 2949 3907 2949 3916 2949 1770 2081 1775 2081 3915 2081 1770 2950 3915 2950 3919 2950 3760 2951 3912 2951 3758 2951 3916 2952 3920 2952 3911 2952 3755 2953 3920 2953 3916 2953 3921 2954 3721 2954 3725 2954 3757 2955 3759 2955 3723 2955 3756 2956 3755 2956 3760 2956 3922 2957 3917 2957 3918 2957 3723 2958 3722 2958 3757 2958 3725 2959 3721 2959 3723 2959 206 2960 3918 2960 198 2960 3765 2961 3913 2961 3917 2961 3917 2962 3922 2962 3921 2962 198 2963 3918 2963 3914 2963 3915 2964 3911 2964 3920 2964 1771 2965 1770 2965 3919 2965 1771 2966 3919 2966 3923 2966 3755 2099 3916 2099 3760 2099 3920 2967 3924 2967 3915 2967 3744 2101 3924 2101 3920 2101 3925 2968 3729 2968 3721 2968 3756 2969 3757 2969 3722 2969 3755 2970 3745 2970 3744 2970 3922 2971 3926 2971 3921 2971 3726 2972 3756 2972 3722 2972 3721 2973 3729 2973 3722 2973 3918 2108 206 2108 3922 2108 3725 2974 3917 2974 3921 2974 3921 2975 3926 2975 3925 2975 314 2976 3922 2976 206 2976 3919 2977 3915 2977 3924 2977 1772 2978 1771 2978 3923 2978 1772 2979 3923 2979 3680 2979 3744 2980 3920 2980 3755 2980 3919 2981 3924 2981 3730 2981 3924 2982 3731 2982 3730 2982 3727 2983 3729 2983 3927 2983 3745 2984 3756 2984 3726 2984 3744 2985 3739 2985 3731 2985 3928 2986 3925 2986 3926 2986 3726 2987 3728 2987 3745 2987 3727 2988 3726 2988 3729 2988 3926 2989 3922 2989 314 2989 3721 2990 3921 2990 3925 2990 3925 2125 3928 2125 3927 2125 324 2991 3926 2991 314 2991 3923 2992 3919 2992 3730 2992 1767 2993 1772 2993 3680 2993 1768 2994 3749 2994 3753 2994 3731 2995 3924 2995 3744 2995 3730 2996 3929 2996 3923 2996 3738 2997 3743 2997 3930 2997 3931 2998 3737 2998 3727 2998 3739 2999 3745 2999 3728 2999 3731 3000 3739 3000 3740 3000 3927 2136 3928 2136 3932 2136 3728 3001 3738 3001 3739 3001 3727 3002 3737 3002 3728 3002 306 2139 3928 2139 324 2139 3729 2140 3925 2140 3927 2140 3927 2141 3932 2141 3931 2141 324 3003 3928 3003 3926 3003 3680 3004 3923 3004 3929 3004 1769 3005 1767 3005 3679 3005 3747 2145 3732 2145 3933 2145 3929 3006 3730 3006 3732 3006 3680 3007 3929 3007 3934 3007 3933 3008 3740 3008 3930 3008 3732 3009 3747 3009 3929 3009 3935 3010 3743 3010 3737 3010 3740 3011 3933 3011 3732 3011 3932 2152 3936 2152 3931 2152 3738 3012 3930 3012 3740 3012 3737 3013 3743 3013 3738 3013 3932 3014 306 3014 323 3014 3727 3015 3927 3015 3931 3015 3931 3016 3936 3016 3935 3016 306 2158 3932 2158 3928 2158 3679 3017 3680 3017 3934 3017 1768 3018 1769 3018 3749 3018 3937 3019 3748 3019 3933 3019 3934 3020 3929 3020 3747 3020 3938 2163 3679 2163 3934 2163 3742 3021 3937 3021 3930 3021 3746 3022 3934 3022 3747 3022 3939 3023 3940 3023 3941 3023 3748 2167 3747 2167 3933 2167 3936 3024 3754 3024 3935 3024 3933 3025 3930 3025 3937 3025 3743 3026 3742 3026 3930 3026 3932 3027 323 3027 3936 3027 3737 3028 3931 3028 3935 3028 3935 3029 3754 3029 3741 3029 307 3030 3936 3030 323 3030 3749 3031 3679 3031 3938 3031 1764 2176 1768 2176 3753 2176 3746 3032 3942 3032 3943 3032 3938 3033 3934 3033 3746 3033 3749 3034 3938 3034 3944 3034 3748 2180 3945 2180 3942 2180 3938 3035 3746 3035 3943 3035 3937 3036 3939 3036 3945 3036 3746 3037 3748 3037 3942 3037 3742 3038 3735 3038 3939 3038 3937 3039 3945 3039 3748 3039 3742 3040 3939 3040 3937 3040 3754 3041 3936 3041 307 3041 3743 3042 3935 3042 3741 3042 3741 3043 3736 3043 3735 3043 308 3044 3754 3044 307 3044 3753 3045 3749 3045 3944 3045 1765 3046 1764 3046 3752 3046 3664 3047 3944 3047 3943 3047 3944 3048 3938 3048 3943 3048 3944 3049 3664 3049 3666 3049 3946 3050 3943 3050 3942 3050 3943 2197 3946 2197 3664 2197 3947 3051 3942 3051 3945 3051 3942 3052 3947 3052 3946 3052 3941 3053 3945 3053 3939 3053 3945 3054 3941 3054 3947 3054 3939 2202 3735 2202 3940 2202 344 2203 3736 2203 308 2203 3742 3055 3741 3055 3735 3055 3735 2205 3734 2205 3940 2205 308 2206 3736 2206 3754 2206 1764 3056 3753 3056 3752 3056 1765 3057 3751 3057 1766 3057 3946 3058 3948 3058 3664 3058 3753 3059 3944 3059 3666 3059 3666 3060 3665 3060 3750 3060 3947 2212 3949 2212 3946 2212 3664 3061 3948 3061 3665 3061 3941 3062 3950 3062 3947 3062 3946 3063 3949 3063 3948 3063 3940 3064 3951 3064 3941 3064 3947 2217 3950 2217 3949 2217 3734 3065 343 3065 3733 3065 3941 3066 3951 3066 3950 3066 3734 3067 3733 3067 3940 3067 3951 3068 3940 3068 3733 3068 344 2222 3734 2222 3736 2222 1765 3069 3752 3069 3751 3069 3752 3070 3666 3070 3750 3070 3661 2225 3750 2225 3806 2225 3751 3071 3750 3071 3661 3071 3806 3072 3665 3072 3807 3072 3750 2228 3665 2228 3806 2228 3807 3073 3948 3073 3808 3073 3665 3074 3948 3074 3807 3074 3808 3075 3949 3075 3810 3075 3948 3076 3949 3076 3808 3076 3810 3077 3950 3077 3812 3077 3949 3078 3950 3078 3810 3078 3812 3079 3951 3079 3814 3079 3950 3080 3951 3080 3812 3080 3951 2237 3733 2237 3814 2237 346 3081 3814 3081 3733 3081 3952 3082 2538 3082 2537 3082 1516 3083 2540 3083 3953 3083 2539 3084 3954 3084 3955 3084 3956 3085 2541 3085 2542 3085 3957 3086 2543 3086 3958 3086 3959 3087 2544 3087 2543 3087 2545 3088 2536 3088 3960 3088 3960 3089 3958 3089 2545 3089 514 3090 3961 3090 2536 3090 3960 3091 2536 3091 3961 3091 2545 3092 3958 3092 2543 3092 514 3093 509 3093 3961 3093 2543 3094 3957 3094 3959 3094 2544 3095 3959 3095 3954 3095 2539 3096 3955 3096 2542 3096 2544 3097 3954 3097 2539 3097 2541 3098 3956 3098 2537 3098 3955 3099 3956 3099 2542 3099 3952 3100 3953 3100 2538 3100 3956 3101 3952 3101 2537 3101 1516 3102 1515 3102 2540 3102 3953 3103 2540 3103 2538 3103 3954 3104 3962 3104 3955 3104 3963 3105 3956 3105 3955 3105 3955 3106 3962 3106 3963 3106 3952 3107 3956 3107 3964 3107 3963 3108 3964 3108 3956 3108 3952 3109 3965 3109 3953 3109 3965 3110 3952 3110 3964 3110 3966 3111 1516 3111 3953 3111 3953 3112 3965 3112 3966 3112 1500 3113 1516 3113 1518 3113 3966 3114 1518 3114 1516 3114 1500 3115 1518 3115 1499 3115 3967 3116 3962 3116 3954 3116 3967 3117 3959 3117 3968 3117 3959 3118 3967 3118 3954 3118 3957 3119 3969 3119 3968 3119 3968 3120 3959 3120 3957 3120 3970 3121 3969 3121 3958 3121 3957 3122 3958 3122 3969 3122 3970 3123 3960 3123 3971 3123 3960 3124 3970 3124 3958 3124 3961 3125 508 3125 3971 3125 3971 3126 3960 3126 3961 3126 3961 3127 509 3127 508 3127 2570 3128 1517 3128 1518 3128 2568 3129 3965 3129 3964 3129 2569 3130 3966 3130 3965 3130 3962 3131 2565 3131 3963 3131 3964 3132 3963 3132 2567 3132 3969 3133 2562 3133 2561 3133 2564 3134 3967 3134 2561 3134 3971 3135 2563 3135 3970 3135 2562 3136 3970 3136 2563 3136 515 3137 3971 3137 508 3137 3971 3138 515 3138 2563 3138 2562 3139 3969 3139 3970 3139 3968 3140 3969 3140 2561 3140 3962 3141 3967 3141 2564 3141 3967 3142 3968 3142 2561 3142 3963 3143 2565 3143 2567 3143 3962 3144 2564 3144 2565 3144 3964 3145 2567 3145 2566 3145 2568 3146 2569 3146 3965 3146 2566 3147 2568 3147 3964 3147 2569 3148 2570 3148 3966 3148 1518 3149 3966 3149 2570 3149 3972 3150 3973 3150 3974 3150 3975 3151 3976 3151 3977 3151 3978 3152 3979 3152 3974 3152 3973 3153 3980 3153 3978 3153 3981 3154 3979 3154 3982 3154 3983 3155 3982 3155 3978 3155 3981 3156 3984 3156 3985 3156 3984 3157 3982 3157 3986 3157 3987 3158 3988 3158 3985 3158 3984 3159 3989 3159 3987 3159 3990 3160 824 3160 821 3160 3991 3161 3992 3161 3987 3161 3993 3162 825 3162 824 3162 3989 3163 3994 3163 3995 3163 3996 3164 3990 3164 821 3164 3997 3165 3998 3165 3999 3165 3994 3166 3996 3166 3995 3166 3993 3167 824 3167 3990 3167 4000 3168 4001 3168 4002 3168 3989 3169 3991 3169 3987 3169 3987 3170 3992 3170 3988 3170 3992 3171 4003 3171 3988 3171 4004 3172 4005 3172 4003 3172 4006 3173 4005 3173 4004 3173 4006 3174 4007 3174 4008 3174 4007 3175 4006 3175 4004 3175 4009 3176 4010 3176 4008 3176 4011 3177 4010 3177 4009 3177 442 3178 601 3178 4011 3178 4012 3179 4013 3179 3972 3179 3973 3180 4013 3180 4014 3180 4015 3181 4012 3181 4016 3181 4015 3182 4017 3182 4013 3182 4016 3183 4018 3183 4019 3183 4020 3184 4015 3184 4019 3184 4021 3185 4022 3185 4018 3185 4019 3186 4022 3186 4023 3186 4024 3187 4025 3187 4022 3187 4026 3188 4027 3188 4024 3188 4024 3189 4021 3189 4028 3189 4029 3190 4026 3190 4030 3190 4026 3191 4028 3191 4031 3191 4030 3192 4032 3192 4033 3192 4031 3193 4034 3193 4030 3193 4035 3194 4036 3194 4032 3194 4037 3195 4032 3195 4034 3195 4038 3196 4035 3196 4039 3196 4035 3197 4037 3197 4040 3197 4039 3198 4041 3198 4042 3198 4040 3199 4043 3199 4039 3199 4044 3200 4045 3200 4041 3200 4046 3201 4041 3201 4043 3201 4047 3202 4044 3202 4048 3202 4044 3203 4046 3203 4049 3203 4048 3204 4050 3204 4051 3204 4049 3205 4052 3205 4048 3205 4053 3206 4054 3206 4055 3206 4050 3207 4053 3207 4056 3207 867 3208 4057 3208 4058 3208 4059 3209 4057 3209 866 3209 863 3210 4060 3210 4059 3210 4058 3211 3997 3211 4061 3211 4061 3212 4062 3212 4063 3212 4063 3213 4064 3213 4065 3213 4065 3214 873 3214 4063 3214 4002 3215 4001 3215 4054 3215 873 3216 4065 3216 819 3216 4066 3217 4067 3217 4068 3217 4052 3218 4069 3218 4050 3218 4070 3219 4071 3219 3977 3219 4072 3220 3976 3220 4073 3220 4068 3221 4074 3221 4075 3221 4076 3222 4077 3222 4066 3222 4076 3223 4078 3223 4079 3223 4080 3224 550 3224 431 3224 3990 3225 3996 3225 3994 3225 4081 3226 834 3226 825 3226 4081 3227 825 3227 3993 3227 3989 3228 3995 3228 3991 3228 4082 3229 3990 3229 3994 3229 4083 3230 4084 3230 4005 3230 4082 3231 3994 3231 3986 3231 3986 3232 3989 3232 3984 3232 4083 3233 4006 3233 4085 3233 3988 3234 4003 3234 4005 3234 3985 3235 3984 3235 3987 3235 4086 3236 4008 3236 4010 3236 4084 3237 3988 3237 4005 3237 4006 3238 4083 3238 4005 3238 4010 3239 601 3239 558 3239 4007 3240 4009 3240 4008 3240 4008 3241 4086 3241 4085 3241 601 3242 4010 3242 4011 3242 3993 3243 3990 3243 4082 3243 835 3244 834 3244 4081 3244 835 3245 4081 3245 4087 3245 3986 3246 3994 3246 3989 3246 4088 3247 3993 3247 4082 3247 4089 3248 4090 3248 4084 3248 4088 3249 4082 3249 3983 3249 3983 3250 3986 3250 3982 3250 4089 3251 4083 3251 4091 3251 3985 3252 3988 3252 4084 3252 3981 3253 3982 3253 3984 3253 4092 3254 4085 3254 4086 3254 4090 3255 3985 3255 4084 3255 4083 3256 4089 3256 4084 3256 4086 3257 558 3257 557 3257 4006 3258 4008 3258 4085 3258 4085 3259 4092 3259 4091 3259 558 3260 4086 3260 4010 3260 4081 3261 3993 3261 4088 3261 815 3262 835 3262 4087 3262 815 3263 4087 3263 4093 3263 3983 3264 4082 3264 3986 3264 4094 3265 4081 3265 4088 3265 4095 3266 4096 3266 4090 3266 4094 3267 4088 3267 3980 3267 3980 3268 3983 3268 3978 3268 4095 3269 4089 3269 4097 3269 3981 3270 3985 3270 4090 3270 3979 3271 3978 3271 3982 3271 4092 3272 4098 3272 4091 3272 4090 3273 4096 3273 3981 3273 4095 3274 4090 3274 4089 3274 4092 3275 557 3275 600 3275 4083 3276 4085 3276 4091 3276 4091 3277 4098 3277 4097 3277 557 3278 4092 3278 4086 3278 4087 3279 4081 3279 4094 3279 816 3280 815 3280 4093 3280 816 3281 4093 3281 4099 3281 3980 3282 4088 3282 3983 3282 4100 3283 4087 3283 4094 3283 4101 3284 4102 3284 4096 3284 4100 3285 4094 3285 4014 3285 4014 3286 3980 3286 3973 3286 4103 3287 4101 3287 4095 3287 3979 3288 3981 3288 4096 3288 3974 3289 3973 3289 3978 3289 4097 3290 4098 3290 4104 3290 4102 3291 3979 3291 4096 3291 4101 3292 4096 3292 4095 3292 4092 3293 600 3293 4098 3293 4089 3294 4091 3294 4097 3294 4104 3295 4103 3295 4097 3295 599 3296 4098 3296 600 3296 4093 3297 4087 3297 4100 3297 881 3298 816 3298 4099 3298 881 3299 4099 3299 4105 3299 4014 3300 4094 3300 3980 3300 4106 3301 4093 3301 4100 3301 4107 3302 4108 3302 4102 3302 4106 3303 4100 3303 4017 3303 4017 3304 4014 3304 4013 3304 4107 3305 4101 3305 4109 3305 3974 3306 3979 3306 4102 3306 3973 3307 3972 3307 4013 3307 4110 3308 4103 3308 4104 3308 4102 3309 4108 3309 3974 3309 4101 3310 4107 3310 4102 3310 4104 3311 599 3311 595 3311 4095 3312 4097 3312 4103 3312 4103 3313 4110 3313 4109 3313 599 3314 4104 3314 4098 3314 4099 3315 4093 3315 4106 3315 840 3316 881 3316 4105 3316 840 3317 4105 3317 4111 3317 4017 3318 4100 3318 4014 3318 4112 3319 4099 3319 4106 3319 4108 3320 4113 3320 4114 3320 4112 3321 4106 3321 4020 3321 4020 3322 4017 3322 4015 3322 4115 3323 4113 3323 4107 3323 3972 3324 3974 3324 4108 3324 4013 3325 4012 3325 4015 3325 4110 3326 4116 3326 4109 3326 4108 3327 4114 3327 3972 3327 4107 3328 4113 3328 4108 3328 4104 3329 595 3329 4110 3329 4101 3330 4103 3330 4109 3330 4116 3331 4115 3331 4109 3331 594 3332 4110 3332 595 3332 4105 3333 4099 3333 4112 3333 842 3334 840 3334 4111 3334 842 3335 4111 3335 4117 3335 4020 3336 4106 3336 4017 3336 4118 3337 4105 3337 4112 3337 4114 3338 4119 3338 4120 3338 4118 3339 4112 3339 4023 3339 4023 3340 4020 3340 4019 3340 4121 3341 4119 3341 4113 3341 4012 3342 3972 3342 4114 3342 4015 3343 4016 3343 4019 3343 4116 3344 4122 3344 4115 3344 4114 3345 4120 3345 4012 3345 4113 3346 4119 3346 4114 3346 4110 3347 594 3347 4116 3347 4107 3348 4109 3348 4115 3348 4122 3349 4121 3349 4115 3349 644 3350 4116 3350 594 3350 4111 3351 4105 3351 4118 3351 879 3352 842 3352 4117 3352 879 3353 4117 3353 4123 3353 4023 3354 4112 3354 4020 3354 4124 3355 4111 3355 4118 3355 4120 3356 4125 3356 4126 3356 4124 3357 4118 3357 4025 3357 4025 3358 4023 3358 4022 3358 4127 3359 4125 3359 4119 3359 4016 3360 4012 3360 4120 3360 4018 3361 4022 3361 4019 3361 4122 3362 4128 3362 4121 3362 4120 3363 4126 3363 4016 3363 4125 3364 4120 3364 4119 3364 4116 3365 644 3365 4122 3365 4113 3366 4115 3366 4121 3366 4121 3367 4128 3367 4127 3367 677 3368 4122 3368 644 3368 4117 3369 4111 3369 4124 3369 877 3370 879 3370 4123 3370 877 3371 4123 3371 4129 3371 4025 3372 4118 3372 4023 3372 4130 3373 4117 3373 4124 3373 4131 3374 4132 3374 4126 3374 4130 3375 4124 3375 4027 3375 4027 3376 4025 3376 4024 3376 4133 3377 4131 3377 4125 3377 4018 3378 4016 3378 4126 3378 4021 3379 4024 3379 4022 3379 4127 3380 4128 3380 4134 3380 4126 3381 4132 3381 4018 3381 4131 3382 4126 3382 4125 3382 4128 3383 4122 3383 677 3383 4119 3384 4121 3384 4127 3384 4127 3385 4134 3385 4133 3385 676 3386 4128 3386 677 3386 4123 3387 4117 3387 4130 3387 875 3388 877 3388 4129 3388 875 3389 4129 3389 4135 3389 4027 3390 4124 3390 4025 3390 4136 3391 4123 3391 4130 3391 4137 3392 4138 3392 4132 3392 4136 3393 4130 3393 4029 3393 4029 3394 4027 3394 4026 3394 4139 3395 4137 3395 4131 3395 4021 3396 4018 3396 4132 3396 4024 3397 4028 3397 4026 3397 4140 3398 4133 3398 4134 3398 4138 3399 4021 3399 4132 3399 4131 3400 4137 3400 4132 3400 674 3401 4134 3401 676 3401 4125 3402 4127 3402 4133 3402 4133 3403 4140 3403 4139 3403 676 3404 4134 3404 4128 3404 4129 3405 4123 3405 4136 3405 843 3406 875 3406 4135 3406 843 3407 4135 3407 4141 3407 4029 3408 4130 3408 4027 3408 4136 3409 4142 3409 4129 3409 4138 3410 4143 3410 4144 3410 4142 3411 4136 3411 4033 3411 4033 3412 4029 3412 4030 3412 4143 3413 4137 3413 4145 3413 4028 3414 4021 3414 4138 3414 4031 3415 4030 3415 4026 3415 4146 3416 4139 3416 4140 3416 4138 3417 4144 3417 4028 3417 4143 3418 4138 3418 4137 3418 4134 3419 674 3419 4140 3419 4131 3420 4133 3420 4139 3420 4139 3421 4146 3421 4145 3421 654 3422 4140 3422 674 3422 4135 3423 4129 3423 4142 3423 844 3424 843 3424 4141 3424 844 3425 4141 3425 4147 3425 4033 3426 4136 3426 4029 3426 4142 3427 4148 3427 4135 3427 4149 3428 4150 3428 4144 3428 4148 3429 4142 3429 4036 3429 4036 3430 4033 3430 4032 3430 4151 3431 4149 3431 4143 3431 4031 3432 4028 3432 4144 3432 4030 3433 4034 3433 4032 3433 4152 3434 4145 3434 4146 3434 4150 3435 4031 3435 4144 3435 4143 3436 4149 3436 4144 3436 624 3437 4146 3437 654 3437 4137 3438 4139 3438 4145 3438 4145 3439 4152 3439 4151 3439 654 3440 4146 3440 4140 3440 4141 3441 4135 3441 4148 3441 847 3442 844 3442 4147 3442 847 3443 4147 3443 4153 3443 4036 3444 4142 3444 4033 3444 4148 3445 4154 3445 4141 3445 4150 3446 4155 3446 4156 3446 4154 3447 4148 3447 4038 3447 4038 3448 4036 3448 4035 3448 4155 3449 4149 3449 4157 3449 4034 3450 4031 3450 4150 3450 4037 3451 4035 3451 4032 3451 4158 3452 4151 3452 4152 3452 4150 3453 4156 3453 4034 3453 4155 3454 4150 3454 4149 3454 4146 3455 624 3455 4152 3455 4143 3456 4145 3456 4151 3456 4151 3457 4158 3457 4157 3457 569 3458 4152 3458 624 3458 4147 3459 4141 3459 4154 3459 849 3460 847 3460 4153 3460 849 3461 4153 3461 4159 3461 4038 3462 4148 3462 4036 3462 4154 3463 4160 3463 4147 3463 4161 3464 4162 3464 4156 3464 4160 3465 4154 3465 4042 3465 4042 3466 4038 3466 4039 3466 4163 3467 4161 3467 4155 3467 4037 3468 4034 3468 4156 3468 4035 3469 4040 3469 4039 3469 4164 3470 4157 3470 4158 3470 4162 3471 4037 3471 4156 3471 4155 3472 4161 3472 4156 3472 566 3473 4158 3473 569 3473 4149 3474 4151 3474 4157 3474 4157 3475 4164 3475 4163 3475 569 3476 4158 3476 4152 3476 4153 3477 4147 3477 4160 3477 851 3478 849 3478 4159 3478 851 3479 4159 3479 4165 3479 4042 3480 4154 3480 4038 3480 4160 3481 4166 3481 4153 3481 4162 3482 4167 3482 4168 3482 4166 3483 4160 3483 4045 3483 4045 3484 4042 3484 4041 3484 4167 3485 4161 3485 4169 3485 4040 3486 4037 3486 4162 3486 4039 3487 4043 3487 4041 3487 4170 3488 4163 3488 4164 3488 4168 3489 4040 3489 4162 3489 4161 3490 4167 3490 4162 3490 4158 3491 566 3491 4164 3491 4155 3492 4157 3492 4163 3492 4163 3493 4170 3493 4169 3493 568 3494 4164 3494 566 3494 4159 3495 4153 3495 4166 3495 854 3496 851 3496 4165 3496 854 3497 4165 3497 4171 3497 4045 3498 4160 3498 4042 3498 4166 3499 4172 3499 4159 3499 4168 3500 4173 3500 4174 3500 4172 3501 4166 3501 4047 3501 4047 3502 4045 3502 4044 3502 4173 3503 4167 3503 4175 3503 4043 3504 4040 3504 4168 3504 4041 3505 4046 3505 4044 3505 4170 3506 4176 3506 4169 3506 4168 3507 4174 3507 4043 3507 4167 3508 4173 3508 4168 3508 564 3509 4170 3509 568 3509 4161 3510 4163 3510 4169 3510 4169 3511 4176 3511 4175 3511 568 3512 4170 3512 4164 3512 4165 3513 4159 3513 4172 3513 855 3514 854 3514 4171 3514 855 3515 4171 3515 4177 3515 4047 3516 4166 3516 4045 3516 4172 3517 4178 3517 4165 3517 4174 3518 4179 3518 4180 3518 4178 3519 4172 3519 4051 3519 4051 3520 4047 3520 4048 3520 4181 3521 4179 3521 4173 3521 4046 3522 4043 3522 4174 3522 4049 3523 4048 3523 4044 3523 4176 3524 4182 3524 4175 3524 4174 3525 4180 3525 4046 3525 4173 3526 4179 3526 4174 3526 4170 3527 564 3527 4176 3527 4167 3528 4169 3528 4175 3528 4175 3529 4182 3529 4181 3529 565 3530 4176 3530 564 3530 4171 3531 4165 3531 4178 3531 857 3532 855 3532 4177 3532 857 3533 4177 3533 4183 3533 4051 3534 4172 3534 4047 3534 4178 3535 4184 3535 4171 3535 4185 3536 4186 3536 4180 3536 4184 3537 4178 3537 4056 3537 4056 3538 4051 3538 4050 3538 4187 3539 4185 3539 4179 3539 4049 3540 4046 3540 4180 3540 4048 3541 4052 3541 4050 3541 4182 3542 4188 3542 4181 3542 4186 3543 4049 3543 4180 3543 4179 3544 4185 3544 4180 3544 4182 3545 4176 3545 565 3545 4173 3546 4175 3546 4181 3546 4181 3547 4188 3547 4187 3547 559 3548 4182 3548 565 3548 4177 3549 4171 3549 4184 3549 860 3550 857 3550 4183 3550 860 3551 4183 3551 4189 3551 4056 3552 4178 3552 4051 3552 4184 3553 4190 3553 4177 3553 4186 3554 4191 3554 4070 3554 4184 3555 4055 3555 4190 3555 4053 3556 4055 3556 4056 3556 4191 3557 4185 3557 4192 3557 4052 3558 4049 3558 4186 3558 4050 3559 4069 3559 4053 3559 4193 3560 4187 3560 4188 3560 4186 3561 4070 3561 4052 3561 4191 3562 4186 3562 4185 3562 4188 3563 4182 3563 559 3563 4179 3564 4181 3564 4187 3564 4187 3565 4193 3565 4192 3565 546 3566 4188 3566 559 3566 4183 3567 4177 3567 4190 3567 861 3568 860 3568 4189 3568 861 3569 4189 3569 4060 3569 4055 3570 4184 3570 4056 3570 4194 3571 4183 3571 4190 3571 4072 3572 4053 3572 4069 3572 4001 3573 4194 3573 4190 3573 4001 3574 4055 3574 4054 3574 4195 3575 4071 3575 4191 3575 4069 3576 4052 3576 4070 3576 4053 3577 4072 3577 4054 3577 4196 3578 4192 3578 4193 3578 4070 3579 3977 3579 4069 3579 4191 3580 4071 3580 4070 3580 561 3581 4193 3581 546 3581 4185 3582 4187 3582 4192 3582 4192 3583 4196 3583 4195 3583 546 3584 4193 3584 4188 3584 4189 3585 4183 3585 4194 3585 863 3586 861 3586 4060 3586 4197 3587 4198 3587 4199 3587 4001 3588 4190 3588 4055 3588 4194 3589 4200 3589 4189 3589 4054 3590 4073 3590 4002 3590 4000 3591 4194 3591 4001 3591 3976 3592 4079 3592 4201 3592 4202 3593 3975 3593 4071 3593 4072 3594 4069 3594 3977 3594 4054 3595 4072 3595 4073 3595 4196 3596 4203 3596 4195 3596 3977 3597 3976 3597 4072 3597 4071 3598 3975 3598 3977 3598 4193 3599 561 3599 4196 3599 4191 3600 4192 3600 4195 3600 4195 3601 4203 3601 4202 3601 556 3602 4196 3602 561 3602 4060 3603 4189 3603 4200 3603 866 3604 863 3604 4059 3604 4199 3605 4000 3605 4204 3605 4200 3606 4194 3606 4000 3606 4200 3607 4205 3607 4060 3607 4204 3608 4002 3608 4206 3608 4199 3609 4200 3609 4000 3609 4206 3610 4073 3610 4201 3610 4002 3611 4204 3611 4000 3611 4207 3612 4079 3612 3975 3612 4073 3613 4206 3613 4002 3613 4208 3614 4202 3614 4203 3614 3976 3615 4201 3615 4073 3615 3975 3616 4079 3616 3976 3616 4203 3617 4196 3617 556 3617 4071 3618 4195 3618 4202 3618 4202 3619 4208 3619 4207 3619 552 3620 4203 3620 556 3620 4059 3621 4060 3621 4205 3621 867 3622 866 3622 4057 3622 4209 3623 4197 3623 4204 3623 4205 3624 4200 3624 4199 3624 4210 3625 4059 3625 4205 3625 4211 3626 4209 3626 4206 3626 4198 3627 4205 3627 4199 3627 4078 3628 4211 3628 4201 3628 4197 3629 4199 3629 4204 3629 4212 3630 4075 3630 4074 3630 4209 3631 4204 3631 4206 3631 4208 3632 4077 3632 4207 3632 4206 3633 4201 3633 4211 3633 4079 3634 4078 3634 4201 3634 551 3635 4208 3635 552 3635 3975 3636 4202 3636 4207 3636 4207 3632 4077 3632 4076 3632 552 3637 4208 3637 4203 3637 4057 3638 4059 3638 4210 3638 869 3639 867 3639 4058 3639 4198 3640 4213 3640 4214 3640 4210 3641 4205 3641 4198 3641 4057 3642 4210 3642 4215 3642 4197 3643 4216 3643 4213 3643 4210 3644 4198 3644 4214 3644 4209 3645 4217 3645 4216 3645 4198 3646 4197 3646 4213 3646 4211 3647 4075 3647 4217 3647 4197 3648 4209 3648 4216 3648 4078 3649 4068 3649 4075 3649 4211 3650 4217 3650 4209 3650 4078 3651 4075 3651 4211 3651 4208 3652 551 3652 4077 3652 4079 3653 4207 3653 4076 3653 4076 3654 4066 3654 4068 3654 549 3655 4077 3655 551 3655 4058 3656 4057 3656 4215 3656 872 3657 869 3657 4061 3657 3998 3658 4215 3658 4214 3658 4215 3659 4210 3659 4214 3659 4215 3660 3998 3660 3997 3660 4218 3661 4214 3661 4213 3661 4214 3662 4218 3662 3998 3662 4219 3663 4213 3663 4216 3663 4213 3664 4219 3664 4218 3664 4220 3665 4216 3665 4217 3665 4216 3666 4220 3666 4219 3666 4212 3667 4217 3667 4075 3667 4217 3668 4212 3668 4220 3668 4074 3669 4067 3669 4080 3669 4066 3670 4077 3670 549 3670 4078 3671 4076 3671 4068 3671 4068 3672 4067 3672 4074 3672 548 3673 4066 3673 549 3673 869 3674 4058 3674 4061 3674 872 3675 4063 3675 873 3675 4218 3676 4221 3676 3998 3676 4058 3677 4215 3677 3997 3677 3997 3678 3999 3678 4062 3678 4219 3679 4222 3679 4218 3679 3998 3680 4221 3680 3999 3680 4220 3681 4223 3681 4219 3681 4218 3682 4222 3682 4221 3682 4212 3683 4224 3683 4220 3683 4219 3684 4223 3684 4222 3684 4074 3685 4225 3685 4212 3685 4220 3686 4224 3686 4223 3686 4226 3687 4080 3687 431 3687 4224 3688 4212 3688 4225 3688 4067 3689 4066 3689 548 3689 4074 3690 4080 3690 4225 3690 550 3691 4067 3691 548 3691 872 3692 4061 3692 4063 3692 4061 3693 3997 3693 4062 3693 4064 3694 4062 3694 4227 3694 4063 3695 4062 3695 4064 3695 4227 3696 3999 3696 4228 3696 4062 3697 3999 3697 4227 3697 4228 3698 4221 3698 4229 3698 3999 3699 4221 3699 4228 3699 4229 3700 4222 3700 4230 3700 4221 3701 4222 3701 4229 3701 4230 3702 4223 3702 4231 3702 4222 3703 4223 3703 4230 3703 4231 3704 4224 3704 4232 3704 4223 3705 4224 3705 4231 3705 4232 3706 4225 3706 4226 3706 4224 3707 4225 3707 4232 3707 4226 3708 4225 3708 4080 3708 550 3709 4080 3709 4067 3709 4233 3710 4234 3710 899 3710 4003 3711 4235 3711 4236 3711 901 3712 4233 3712 899 3712 4237 3713 4238 3713 4239 3713 4240 3714 4241 3714 4242 3714 4243 3715 4241 3715 4244 3715 4242 3716 4245 3716 4246 3716 4247 3717 4248 3717 4249 3717 4250 3718 4251 3718 4249 3718 4252 3719 4250 3719 4253 3719 4254 3720 4255 3720 4256 3720 4257 3721 4256 3721 4258 3721 4259 3722 4260 3722 462 3722 4261 3723 4226 3723 431 3723 4262 3724 4261 3724 4263 3724 4226 3725 4262 3725 4232 3725 4264 3726 4265 3726 4266 3726 4237 3727 4267 3727 4268 3727 4264 3728 4255 3728 4269 3728 4065 3729 901 3729 819 3729 4269 3730 4270 3730 4265 3730 4271 3731 4269 3731 4272 3731 4273 3732 4270 3732 4271 3732 4274 3733 4271 3733 4275 3733 4273 3734 4274 3734 4276 3734 4277 3735 4278 3735 4274 3735 4278 3736 4279 3736 4276 3736 4280 3737 4278 3737 4281 3737 4282 3738 4279 3738 4280 3738 4280 3739 4283 3739 4284 3739 4285 3740 4284 3740 4286 3740 4287 3741 4288 3741 4285 3741 4282 3742 4284 3742 4289 3742 4290 3743 4288 3743 4291 3743 4285 3744 4292 3744 4289 3744 4290 3745 4293 3745 4294 3745 4295 3746 4292 3746 4288 3746 4296 3747 4235 3747 4294 3747 4295 3748 4290 3748 4297 3748 4298 3749 3991 3749 3995 3749 4294 3750 4299 3750 4297 3750 3996 3751 4300 3751 3995 3751 3992 3752 4235 3752 4003 3752 3995 3753 4300 3753 4298 3753 4299 3754 3991 3754 4298 3754 4301 3755 3996 3755 821 3755 4299 3756 4235 3756 3992 3756 4003 3757 4236 3757 4004 3757 4264 3758 4302 3758 4256 3758 4011 3759 4303 3759 443 3759 4304 3760 4004 3760 4236 3760 4305 3761 4306 3761 4307 3761 4007 3762 4004 3762 4304 3762 4308 3763 4009 3763 4007 3763 4007 3764 4304 3764 4308 3764 4009 3765 4303 3765 4011 3765 4308 3766 4303 3766 4009 3766 443 3767 442 3767 4011 3767 443 3768 4303 3768 444 3768 4309 3769 454 3769 455 3769 4310 3770 444 3770 4303 3770 4310 3771 4311 3771 438 3771 4310 3772 4308 3772 4312 3772 4313 3773 4236 3773 4296 3773 4304 3774 4313 3774 4312 3774 4314 3775 4298 3775 4300 3775 4304 3776 4236 3776 4313 3776 4296 3777 4236 3777 4235 3777 4300 3778 4301 3778 4315 3778 3992 3779 3991 3779 4299 3779 4294 3780 4235 3780 4299 3780 823 3781 4316 3781 4301 3781 4297 3782 4298 3782 4314 3782 4314 3783 4300 3783 4315 3783 821 3784 823 3784 4301 3784 3996 3785 4301 3785 4300 3785 4303 3786 4308 3786 4310 3786 444 3787 4310 3787 438 3787 4311 3788 4317 3788 436 3788 4308 3789 4304 3789 4312 3789 4311 3790 4312 3790 4318 3790 4319 3791 4296 3791 4293 3791 4313 3792 4319 3792 4318 3792 4320 3793 4314 3793 4315 3793 4313 3794 4296 3794 4319 3794 4293 3795 4296 3795 4294 3795 4315 3796 4316 3796 4321 3796 4299 3797 4298 3797 4297 3797 4297 3798 4290 3798 4294 3798 833 3799 4322 3799 4316 3799 4295 3800 4314 3800 4320 3800 4320 3801 4315 3801 4321 3801 823 3802 833 3802 4316 3802 4301 3803 4316 3803 4315 3803 4310 3804 4312 3804 4311 3804 438 3805 4311 3805 436 3805 4317 3806 4323 3806 451 3806 4312 3807 4313 3807 4318 3807 4317 3808 4318 3808 4324 3808 4325 3809 4293 3809 4291 3809 4319 3810 4325 3810 4324 3810 4321 3811 4326 3811 4320 3811 4319 3812 4293 3812 4325 3812 4291 3813 4293 3813 4290 3813 4321 3814 4322 3814 4327 3814 4297 3815 4314 3815 4295 3815 4295 3816 4288 3816 4290 3816 828 3817 4322 3817 833 3817 4292 3818 4320 3818 4326 3818 4316 3819 4322 3819 4321 3819 4327 3820 4326 3820 4321 3820 828 3821 4328 3821 4322 3821 4311 3822 4318 3822 4317 3822 436 3823 4317 3823 451 3823 4323 3824 4329 3824 440 3824 4318 3825 4319 3825 4324 3825 4323 3826 4324 3826 4330 3826 4331 3827 4291 3827 4287 3827 4325 3828 4331 3828 4330 3828 4327 3829 4332 3829 4326 3829 4325 3830 4291 3830 4331 3830 4287 3831 4291 3831 4288 3831 4333 3832 4327 3832 4328 3832 4295 3833 4320 3833 4292 3833 4285 3834 4288 3834 4292 3834 832 3835 4334 3835 4328 3835 4289 3836 4326 3836 4332 3836 4332 3837 4327 3837 4333 3837 828 3838 832 3838 4328 3838 4322 3839 4328 3839 4327 3839 4317 3840 4324 3840 4323 3840 451 3841 4323 3841 440 3841 4329 3842 4335 3842 441 3842 4324 3843 4325 3843 4330 3843 4329 3844 4330 3844 4336 3844 4337 3845 4287 3845 4286 3845 4331 3846 4337 3846 4336 3846 4338 3847 4332 3847 4333 3847 4331 3848 4287 3848 4337 3848 4287 3849 4285 3849 4286 3849 4333 3850 4334 3850 4339 3850 4292 3851 4326 3851 4289 3851 4289 3852 4284 3852 4285 3852 4333 3853 4328 3853 4334 3853 4282 3854 4332 3854 4338 3854 4333 3855 4339 3855 4338 3855 831 3856 4340 3856 4334 3856 4334 3857 832 3857 831 3857 4323 3858 4330 3858 4329 3858 440 3859 4329 3859 441 3859 4335 3860 4341 3860 452 3860 4330 3861 4331 3861 4336 3861 4335 3862 4336 3862 4342 3862 4286 3863 4283 3863 4343 3863 4337 3864 4343 3864 4342 3864 4339 3865 4344 3865 4338 3865 4286 3866 4343 3866 4337 3866 4286 3867 4284 3867 4283 3867 4340 3868 4345 3868 4339 3868 4289 3869 4332 3869 4282 3869 4282 3870 4280 3870 4284 3870 883 3871 4346 3871 4340 3871 4279 3872 4338 3872 4344 3872 4344 3873 4339 3873 4345 3873 831 3874 883 3874 4340 3874 4334 3875 4340 3875 4339 3875 4329 3876 4336 3876 4335 3876 441 3877 4335 3877 452 3877 4341 3878 4347 3878 453 3878 4336 3879 4337 3879 4342 3879 4341 3880 4342 3880 4306 3880 4283 3881 4281 3881 4307 3881 4343 3882 4307 3882 4306 3882 4345 3883 4348 3883 4344 3883 4283 3884 4307 3884 4343 3884 4283 3885 4280 3885 4281 3885 4349 3886 4345 3886 4346 3886 4282 3887 4338 3887 4279 3887 4278 3888 4280 3888 4279 3888 4345 3889 4340 3889 4346 3889 4344 3890 4348 3890 4276 3890 4345 3891 4349 3891 4348 3891 884 3892 4350 3892 4346 3892 4346 3893 883 3893 884 3893 4335 3894 4342 3894 4341 3894 452 3895 4341 3895 453 3895 455 3896 4347 3896 4309 3896 4342 3897 4343 3897 4306 3897 4347 3898 4306 3898 4305 3898 4281 3899 4277 3899 4351 3899 4351 3900 4305 3900 4307 3900 4352 3901 4348 3901 4349 3901 4281 3902 4351 3902 4307 3902 4281 3903 4278 3903 4277 3903 4349 3904 4350 3904 4353 3904 4279 3905 4344 3905 4276 3905 4276 3906 4274 3906 4278 3906 4353 3907 4352 3907 4349 3907 4273 3908 4348 3908 4352 3908 4350 3909 885 3909 4354 3909 884 3910 885 3910 4350 3910 4346 3911 4350 3911 4349 3911 4341 3912 4306 3912 4347 3912 453 3913 4347 3913 455 3913 454 3914 4309 3914 4355 3914 4351 3915 4356 3915 4305 3915 4305 3916 4356 3916 4309 3916 4277 3917 4275 3917 4357 3917 4357 3918 4356 3918 4351 3918 4353 3919 4358 3919 4352 3919 4351 3920 4277 3920 4357 3920 4277 3921 4274 3921 4275 3921 4359 3922 4353 3922 4354 3922 4276 3923 4348 3923 4273 3923 4271 3924 4274 3924 4273 3924 888 3925 4360 3925 4354 3925 4358 3926 4270 3926 4352 3926 4358 3927 4353 3927 4359 3927 885 3928 888 3928 4354 3928 4350 3929 4354 3929 4353 3929 4309 3930 4347 3930 4305 3930 456 3931 454 3931 4355 3931 456 3932 4355 3932 4361 3932 4357 3933 4362 3933 4356 3933 4356 3934 4362 3934 4355 3934 4275 3935 4272 3935 4363 3935 4363 3936 4362 3936 4357 3936 4364 3937 4358 3937 4359 3937 4275 3938 4363 3938 4357 3938 4275 3939 4271 3939 4272 3939 4360 3940 4365 3940 4359 3940 4273 3941 4352 3941 4270 3941 4270 3942 4269 3942 4271 3942 890 3943 4366 3943 4360 3943 4364 3944 4265 3944 4358 3944 4365 3945 4364 3945 4359 3945 888 3946 890 3946 4360 3946 4354 3947 4360 3947 4359 3947 4309 3948 4356 3948 4355 3948 458 3949 456 3949 4361 3949 458 3950 4361 3950 4367 3950 4363 3951 4368 3951 4362 3951 4362 3952 4368 3952 4361 3952 4272 3953 4255 3953 4369 3953 4369 3954 4368 3954 4363 3954 4365 3955 4253 3955 4364 3955 4369 3956 4363 3956 4272 3956 4255 3957 4272 3957 4269 3957 4366 3958 4252 3958 4365 3958 4270 3959 4358 3959 4265 3959 4265 3960 4264 3960 4269 3960 4366 3961 4365 3961 4360 3961 4266 3962 4364 3962 4253 3962 4253 3963 4365 3963 4252 3963 889 3964 4370 3964 4366 3964 4366 3965 890 3965 889 3965 4355 3966 4362 3966 4361 3966 459 3967 458 3967 4367 3967 459 3968 4367 3968 4371 3968 4369 3969 4372 3969 4368 3969 4368 3970 4372 3970 4367 3970 4257 3971 4258 3971 4268 3971 4372 3972 4369 3972 4254 3972 4302 3973 4266 3973 4373 3973 4254 3974 4369 3974 4255 3974 4255 3975 4264 3975 4256 3975 4251 3976 4252 3976 4370 3976 4265 3977 4364 3977 4266 3977 4266 3978 4302 3978 4264 3978 4252 3979 4251 3979 4250 3979 4373 3980 4253 3980 4250 3980 4370 3981 892 3981 4374 3981 889 3982 892 3982 4370 3982 4366 3983 4370 3983 4252 3983 4361 3984 4368 3984 4367 3984 460 3985 459 3985 4371 3985 460 3986 4371 3986 4375 3986 4254 3987 4376 3987 4372 3987 4376 3988 4371 3988 4372 3988 4238 3989 4258 3989 4302 3989 4257 3990 4376 3990 4254 3990 4238 3991 4373 3991 4377 3991 4254 3992 4256 3992 4257 3992 4256 3993 4302 3993 4258 3993 4247 3994 4251 3994 4374 3994 4266 3995 4253 3995 4373 3995 4373 3996 4238 3996 4302 3996 894 3997 4378 3997 4374 3997 4377 3998 4250 3998 4249 3998 4249 3999 4251 3999 4247 3999 892 4000 894 4000 4374 4000 4370 4001 4374 4001 4251 4001 4367 4002 4372 4002 4371 4002 461 4003 460 4003 4375 4003 461 4004 4375 4004 4259 4004 4257 4005 4379 4005 4376 4005 4375 4006 4376 4006 4379 4006 4238 4007 4237 4007 4258 4007 4379 4008 4257 4008 4268 4008 4377 4009 4239 4009 4238 4009 4268 4010 4258 4010 4237 4010 4380 4011 4377 4011 4249 4011 4247 4012 4378 4012 4245 4012 4373 4013 4250 4013 4377 4013 4239 4014 4377 4014 4380 4014 893 4015 4246 4015 4378 4015 4248 4016 4380 4016 4249 4016 4248 4017 4247 4017 4245 4017 894 4018 893 4018 4378 4018 4374 4019 4378 4019 4247 4019 4371 4020 4376 4020 4375 4020 462 4021 461 4021 4259 4021 4381 4022 463 4022 4260 4022 4382 4023 4237 4023 4239 4023 4383 4024 4259 4024 4379 4024 4384 4025 4239 4025 4380 4025 4383 4026 4268 4026 4267 4026 4385 4027 4380 4027 4248 4027 4267 4028 4237 4028 4382 4028 4386 4029 4244 4029 4234 4029 4382 4030 4239 4030 4384 4030 4245 4031 4387 4031 4248 4031 4385 4032 4384 4032 4380 4032 896 4033 4240 4033 4246 4033 4387 4034 4385 4034 4248 4034 4242 4035 4387 4035 4245 4035 893 4036 896 4036 4246 4036 4378 4037 4246 4037 4245 4037 4375 4038 4379 4038 4259 4038 463 4039 462 4039 4260 4039 4382 4040 4388 4040 4267 4040 4379 4041 4268 4041 4383 4041 4383 4042 4389 4042 4260 4042 4384 4043 4390 4043 4382 4043 4267 4044 4388 4044 4389 4044 4385 4045 4391 4045 4384 4045 4382 4046 4390 4046 4388 4046 4387 4047 4392 4047 4385 4047 4384 4048 4391 4048 4390 4048 4242 4049 4393 4049 4387 4049 4391 4050 4385 4050 4392 4050 4240 4051 4242 4051 4246 4051 4393 4052 4392 4052 4387 4052 4393 4053 4242 4053 4241 4053 897 4054 4394 4054 4240 4054 4240 4055 896 4055 897 4055 4259 4056 4383 4056 4260 4056 4381 4057 430 4057 463 4057 4390 4058 4395 4058 4388 4058 4383 4059 4267 4059 4389 4059 4389 4060 4263 4060 4381 4060 4391 4061 4396 4061 4390 4061 4388 4062 4395 4062 4263 4062 4392 4063 4397 4063 4391 4063 4390 4064 4396 4064 4395 4064 4393 4065 4398 4065 4392 4065 4391 4066 4397 4066 4396 4066 4241 4067 4243 4067 4393 4067 4392 4068 4398 4068 4397 4068 4394 4069 4244 4069 4241 4069 4398 4070 4393 4070 4243 4070 4394 4071 900 4071 4234 4071 897 4072 900 4072 4394 4072 4240 4073 4394 4073 4241 4073 4260 4074 4389 4074 4381 4074 431 4075 430 4075 4261 4075 4262 4076 4395 4076 4399 4076 4389 4077 4388 4077 4263 4077 4262 4078 4263 4078 4395 4078 4399 4079 4396 4079 4400 4079 4399 4080 4395 4080 4396 4080 4400 4081 4397 4081 4401 4081 4400 4082 4396 4082 4397 4082 4401 4083 4398 4083 4402 4083 4401 4084 4397 4084 4398 4084 4402 4085 4243 4085 4403 4085 4402 4086 4398 4086 4243 4086 4403 4087 4244 4087 4386 4087 4403 4088 4243 4088 4244 4088 4233 4089 4386 4089 4234 4089 900 4090 899 4090 4234 4090 4394 4091 4234 4091 4244 4091 4381 4092 4261 4092 430 4092 4263 4093 4261 4093 4381 4093 4399 4094 4231 4094 4232 4094 4226 4095 4261 4095 4262 4095 4400 4096 4230 4096 4231 4096 4232 4097 4262 4097 4399 4097 4401 4098 4229 4098 4230 4098 4231 4099 4399 4099 4400 4099 4402 4100 4228 4100 4229 4100 4230 4101 4400 4101 4401 4101 4403 4102 4227 4102 4228 4102 4229 4103 4401 4103 4402 4103 4386 4104 4064 4104 4227 4104 4228 4105 4402 4105 4403 4105 4233 4106 4065 4106 4064 4106 4227 4107 4403 4107 4386 4107 4065 4108 4233 4108 901 4108 4064 4109 4386 4109 4233 4109 4404 4110 4405 4110 4406 4110 4407 4111 4408 4111 4409 4111 4410 4112 4411 4112 4412 4112 4413 4113 4414 4113 4415 4113 4416 4114 4415 4114 4417 4114 4418 4115 4419 4115 4420 4115 4413 4116 4421 4116 4422 4116 4423 4117 4419 4117 4424 4117 4425 4118 4426 4118 4427 4118 689 4119 4428 4119 688 4119 4429 4120 4407 4120 4430 4120 4423 4121 4431 4121 4427 4121 4432 4122 4433 4122 4434 4122 4435 4123 4407 4123 4436 4123 4437 4124 4438 4124 4439 4124 4440 4125 4434 4125 4441 4125 4437 4126 4442 4126 4443 4126 4439 4127 4444 4127 4442 4127 4445 4128 4446 4128 4447 4128 4442 4129 4448 4129 4446 4129 4449 4130 4450 4130 4451 4130 4452 4131 4453 4131 4454 4131 4455 4132 4456 4132 4457 4132 4458 4133 4459 4133 4460 4133 4461 4134 4462 4134 4463 4134 4464 4135 4465 4135 4466 4135 4467 4136 4468 4136 4469 4136 4470 4137 4471 4137 4472 4137 4473 4138 4474 4138 4475 4138 4476 4139 4477 4139 4475 4139 1056 4140 4478 4140 1092 4140 4474 4141 4479 4141 4480 4141 4481 4142 4482 4142 4478 4142 4483 4143 1090 4143 1092 4143 4482 4144 4481 4144 4484 4144 4484 4145 4485 4145 4486 4145 4487 4146 4488 4146 4480 4146 4486 4147 4485 4147 4479 4147 4489 4148 4490 4148 4491 4148 4487 4149 4480 4149 4479 4149 4489 4150 4492 4150 4493 4150 4490 4151 4488 4151 4491 4151 4494 4152 4495 4152 4496 4152 4491 4153 4492 4153 4489 4153 689 4154 608 4154 4494 4154 4495 4155 4493 4155 4496 4155 1099 4156 4497 4156 4498 4156 4486 4157 4482 4157 4484 4157 1056 4158 4481 4158 4478 4158 4473 4159 4486 4159 4479 4159 4487 4160 4479 4160 4485 4160 4467 4161 4499 4161 4477 4161 4473 4162 4477 4162 4500 4162 4471 4163 4468 4163 4501 4163 4501 4164 4467 4164 4476 4164 4463 4165 4502 4165 4470 4165 4470 4166 4503 4166 4468 4166 4504 4167 4464 4167 4461 4167 4504 4168 4463 4168 4472 4168 4505 4169 4404 4169 4458 4169 4506 4170 4466 4170 4456 4170 4507 4171 4461 4171 4466 4171 4457 4172 4508 4172 4509 4172 4456 4173 4465 4173 4508 4173 4460 4174 4509 4174 4505 4174 4457 4175 4460 4175 4510 4175 4450 4176 4511 4176 4406 4176 4406 4177 4512 4177 4458 4177 4513 4178 4452 4178 4451 4178 4405 4179 4513 4179 4450 4179 4514 4180 4451 4180 4454 4180 4445 4181 4515 4181 4454 4181 4443 4182 4446 4182 4516 4182 4453 4183 4516 4183 4445 4183 4438 4184 4432 4184 4440 4184 4439 4185 4440 4185 4517 4185 4433 4186 4408 4186 4435 4186 4435 4187 4518 4187 4434 4187 4519 4188 4430 4188 4409 4188 4520 4189 4410 4189 4521 4189 4411 4190 4522 4190 4519 4190 4523 4191 4430 4191 4522 4191 4524 4192 4522 4192 4410 4192 4525 4193 4526 4193 4527 4193 4526 4194 4525 4194 4528 4194 4521 4195 4527 4195 4529 4195 4530 4196 4531 4196 4532 4196 4498 4197 4533 4197 1104 4197 4534 4198 4535 4198 4536 4198 4535 4199 4537 4199 4538 4199 4534 4200 4481 4200 1098 4200 4481 4201 4534 4201 4484 4201 4481 4202 1056 4202 1098 4202 1087 4203 1090 4203 4483 4203 4538 4204 4539 4204 4540 4204 1092 4205 4478 4205 4483 4205 1087 4206 4483 4206 4541 4206 4542 4207 4478 4207 4482 4207 4543 4208 4544 4208 4490 4208 4542 4209 4482 4209 4500 4209 4500 4210 4486 4210 4473 4210 4543 4211 4489 4211 4545 4211 4480 4212 4488 4212 4490 4212 4479 4213 4474 4213 4473 4213 4493 4214 4495 4214 4546 4214 4544 4215 4480 4215 4490 4215 4543 4216 4490 4216 4489 4216 4495 4217 608 4217 663 4217 4492 4218 4496 4218 4493 4218 4493 4219 4546 4219 4545 4219 608 4220 4495 4220 4494 4220 4483 4221 4478 4221 4542 4221 1086 4222 1087 4222 4541 4222 1086 4223 4541 4223 4547 4223 4500 4224 4482 4224 4486 4224 4548 4225 4483 4225 4542 4225 4544 4226 4549 4226 4550 4226 4548 4227 4542 4227 4499 4227 4499 4228 4500 4228 4477 4228 4549 4229 4543 4229 4551 4229 4474 4230 4480 4230 4544 4230 4475 4231 4477 4231 4473 4231 4545 4232 4546 4232 4552 4232 4550 4233 4474 4233 4544 4233 4549 4234 4544 4234 4543 4234 4546 4235 663 4235 664 4235 4489 4211 4493 4211 4545 4211 4545 4236 4552 4236 4551 4236 663 4237 4546 4237 4495 4237 4541 4238 4483 4238 4548 4238 1084 4239 1086 4239 4547 4239 1084 4240 4547 4240 4553 4240 4499 4241 4542 4241 4500 4241 4554 4242 4541 4242 4548 4242 4555 4243 4556 4243 4550 4243 4554 4244 4548 4244 4469 4244 4469 4245 4499 4245 4467 4245 4555 4246 4549 4246 4557 4246 4475 4247 4474 4247 4550 4247 4476 4248 4467 4248 4477 4248 4551 4249 4552 4249 4558 4249 4556 4250 4475 4250 4550 4250 4555 4251 4550 4251 4549 4251 4552 4252 664 4252 636 4252 4543 4253 4545 4253 4551 4253 4551 4254 4558 4254 4557 4254 664 4255 4552 4255 4546 4255 4547 4256 4541 4256 4554 4256 1081 4257 1084 4257 4553 4257 1081 4258 4553 4258 4559 4258 4469 4259 4548 4259 4499 4259 4560 4260 4547 4260 4554 4260 4561 4261 4562 4261 4556 4261 4560 4262 4554 4262 4503 4262 4503 4263 4469 4263 4468 4263 4561 4264 4555 4264 4563 4264 4476 4265 4475 4265 4556 4265 4501 4266 4468 4266 4467 4266 4557 4267 4558 4267 4564 4267 4562 4268 4476 4268 4556 4268 4561 4269 4556 4269 4555 4269 4558 4270 636 4270 577 4270 4549 4271 4551 4271 4557 4271 4557 4272 4564 4272 4563 4272 636 4273 4558 4273 4552 4273 4553 4274 4547 4274 4560 4274 1080 4275 1081 4275 4559 4275 1080 4276 4559 4276 4565 4276 4503 4277 4554 4277 4469 4277 4566 4278 4553 4278 4560 4278 4567 4279 4568 4279 4562 4279 4566 4280 4560 4280 4502 4280 4502 4281 4503 4281 4470 4281 4567 4282 4561 4282 4569 4282 4501 4283 4476 4283 4562 4283 4468 4284 4471 4284 4470 4284 4563 4285 4564 4285 4570 4285 4568 4286 4501 4286 4562 4286 4567 4287 4562 4287 4561 4287 4564 4288 577 4288 579 4288 4555 4289 4557 4289 4563 4289 4563 4290 4570 4290 4569 4290 577 4291 4564 4291 4558 4291 4559 4292 4553 4292 4566 4292 1078 4293 1080 4293 4565 4293 1078 4294 4565 4294 4571 4294 4502 4295 4560 4295 4503 4295 4572 4296 4559 4296 4566 4296 4568 4297 4573 4297 4574 4297 4572 4298 4566 4298 4462 4298 4462 4299 4502 4299 4463 4299 4573 4300 4567 4300 4575 4300 4471 4301 4501 4301 4568 4301 4470 4302 4472 4302 4463 4302 4569 4303 4570 4303 4576 4303 4574 4304 4471 4304 4568 4304 4567 4305 4573 4305 4568 4305 4570 4306 579 4306 585 4306 4561 4307 4563 4307 4569 4307 4569 4308 4576 4308 4575 4308 579 4309 4570 4309 4564 4309 4565 4310 4559 4310 4572 4310 1076 4311 1078 4311 4571 4311 1076 4312 4571 4312 4577 4312 4462 4313 4566 4313 4502 4313 4578 4314 4565 4314 4572 4314 4574 4315 4579 4315 4580 4315 4578 4316 4572 4316 4507 4316 4507 4134 4462 4134 4461 4134 4579 4317 4573 4317 4581 4317 4472 4318 4471 4318 4574 4318 4463 4319 4504 4319 4461 4319 4582 4320 4575 4320 4576 4320 4580 4321 4472 4321 4574 4321 4573 4322 4579 4322 4574 4322 4576 4323 585 4323 685 4323 4567 4324 4569 4324 4575 4324 4575 4325 4582 4325 4581 4325 585 4326 4576 4326 4570 4326 4571 4327 4565 4327 4578 4327 1052 4328 1076 4328 4577 4328 1052 4329 4577 4329 4583 4329 4507 4330 4572 4330 4462 4330 4584 4331 4571 4331 4578 4331 4580 4332 4585 4332 4586 4332 4584 4333 4578 4333 4506 4333 4506 4334 4507 4334 4466 4334 4585 4335 4579 4335 4587 4335 4504 4336 4472 4336 4580 4336 4461 4337 4464 4337 4466 4337 4588 4338 4581 4338 4582 4338 4586 4339 4504 4339 4580 4339 4579 4340 4585 4340 4580 4340 4582 4341 685 4341 668 4341 4573 4342 4575 4342 4581 4342 4581 4343 4588 4343 4587 4343 685 4344 4582 4344 4576 4344 4577 4345 4571 4345 4584 4345 1058 4346 1052 4346 4583 4346 1058 4347 4583 4347 4589 4347 4506 4348 4578 4348 4507 4348 4590 4349 4577 4349 4584 4349 4586 4350 4591 4350 4592 4350 4590 4351 4584 4351 4455 4351 4455 4352 4506 4352 4456 4352 4591 4353 4585 4353 4593 4353 4464 4354 4504 4354 4586 4354 4466 4355 4465 4355 4456 4355 4588 4356 4594 4356 4587 4356 4592 4357 4464 4357 4586 4357 4585 4358 4591 4358 4586 4358 4588 4359 668 4359 667 4359 4579 4360 4581 4360 4587 4360 4587 4361 4594 4361 4593 4361 668 4362 4588 4362 4582 4362 4583 4363 4577 4363 4590 4363 1061 4364 1058 4364 4589 4364 1061 4365 4589 4365 4595 4365 4455 4366 4584 4366 4506 4366 4596 4367 4583 4367 4590 4367 4592 4368 4597 4368 4598 4368 4596 4369 4590 4369 4510 4369 4510 4370 4455 4370 4457 4370 4597 4371 4591 4371 4599 4371 4465 4372 4464 4372 4592 4372 4508 4373 4457 4373 4456 4373 4600 4374 4593 4374 4594 4374 4598 4375 4465 4375 4592 4375 4597 4376 4592 4376 4591 4376 4588 4377 667 4377 4594 4377 4585 4378 4587 4378 4593 4378 4593 4379 4600 4379 4599 4379 670 4380 4594 4380 667 4380 4589 4381 4583 4381 4596 4381 1062 4382 1061 4382 4595 4382 1062 4383 4595 4383 4601 4383 4510 4384 4590 4384 4455 4384 4602 4385 4589 4385 4596 4385 4603 4386 4604 4386 4598 4386 4602 4387 4596 4387 4459 4387 4459 4388 4510 4388 4460 4388 4603 4389 4597 4389 4605 4389 4508 4390 4465 4390 4598 4390 4457 4391 4509 4391 4460 4391 4599 4392 4600 4392 4606 4392 4604 4393 4508 4393 4598 4393 4603 4394 4598 4394 4597 4394 619 4395 4600 4395 670 4395 4591 4396 4593 4396 4599 4396 4599 4397 4606 4397 4605 4397 670 4398 4600 4398 4594 4398 4595 4399 4589 4399 4602 4399 1064 4400 1062 4400 4601 4400 1064 4401 4601 4401 4607 4401 4459 4402 4596 4402 4510 4402 4602 4403 4608 4403 4595 4403 4604 4404 4609 4404 4610 4404 4608 4405 4602 4405 4512 4405 4512 4406 4459 4406 4458 4406 4609 4407 4603 4407 4611 4407 4509 4408 4508 4408 4604 4408 4505 4409 4458 4409 4460 4409 4605 4410 4606 4410 4612 4410 4610 4411 4509 4411 4604 4411 4603 4412 4609 4412 4604 4412 4606 4413 619 4413 648 4413 4597 4414 4599 4414 4605 4414 4605 4415 4612 4415 4611 4415 619 4416 4606 4416 4600 4416 4601 4417 4595 4417 4608 4417 1067 4418 1064 4418 4607 4418 1067 4419 4607 4419 4613 4419 4512 4420 4602 4420 4459 4420 4608 4421 4614 4421 4601 4421 4615 4422 4616 4422 4610 4422 4614 4423 4608 4423 4511 4423 4511 4424 4512 4424 4406 4424 4615 4425 4609 4425 4617 4425 4505 4426 4509 4426 4610 4426 4458 4427 4404 4427 4406 4427 4618 4428 4611 4428 4612 4428 4616 4429 4505 4429 4610 4429 4615 4430 4610 4430 4609 4430 4612 4431 648 4431 625 4431 4603 4432 4605 4432 4611 4432 4611 4433 4618 4433 4617 4433 648 4434 4612 4434 4606 4434 4607 4435 4601 4435 4614 4435 1068 4436 1067 4436 4613 4436 1068 4437 4613 4437 4619 4437 4511 4438 4608 4438 4512 4438 4614 4439 4620 4439 4607 4439 4616 4440 4621 4440 4622 4440 4620 4441 4614 4441 4449 4441 4449 4442 4511 4442 4450 4442 4621 4443 4615 4443 4623 4443 4404 4444 4505 4444 4616 4444 4405 4445 4450 4445 4406 4445 4617 4446 4618 4446 4624 4446 4622 4447 4404 4447 4616 4447 4615 4448 4621 4448 4616 4448 4618 4449 625 4449 655 4449 4609 4450 4611 4450 4617 4450 4617 4451 4624 4451 4623 4451 625 4452 4618 4452 4612 4452 4613 4453 4607 4453 4620 4453 1070 4454 1068 4454 4619 4454 1070 4455 4619 4455 4625 4455 4449 4456 4614 4456 4511 4456 4620 4457 4626 4457 4613 4457 4627 4458 4628 4458 4622 4458 4626 4459 4620 4459 4514 4459 4514 4460 4449 4460 4451 4460 4627 4461 4621 4461 4629 4461 4405 4462 4404 4462 4622 4462 4450 4463 4513 4463 4451 4463 4630 4464 4623 4464 4624 4464 4628 4465 4405 4465 4622 4465 4627 4466 4622 4466 4621 4466 4624 4467 655 4467 673 4467 4615 4468 4617 4468 4623 4468 4623 4469 4630 4469 4629 4469 655 4470 4624 4470 4618 4470 4619 4471 4613 4471 4626 4471 1073 4472 1070 4472 4625 4472 1073 4473 4625 4473 4631 4473 4514 4474 4620 4474 4449 4474 4626 4475 4632 4475 4619 4475 4628 4476 4633 4476 4634 4476 4632 4477 4626 4477 4515 4477 4515 4478 4514 4478 4454 4478 4633 4479 4627 4479 4635 4479 4513 4480 4405 4480 4628 4480 4452 4481 4454 4481 4451 4481 4636 4482 4629 4482 4630 4482 4634 4483 4513 4483 4628 4483 4627 4484 4633 4484 4628 4484 4630 4485 673 4485 672 4485 4621 4486 4623 4486 4629 4486 4629 4487 4636 4487 4635 4487 673 4488 4630 4488 4624 4488 4625 4489 4619 4489 4632 4489 1074 4490 1073 4490 4631 4490 1074 4491 4631 4491 4637 4491 4515 4492 4626 4492 4514 4492 4632 4493 4638 4493 4625 4493 4639 4494 4640 4494 4634 4494 4638 4495 4632 4495 4447 4495 4447 4496 4515 4496 4445 4496 4639 4497 4633 4497 4641 4497 4452 4498 4513 4498 4634 4498 4454 4499 4453 4499 4445 4499 4642 4500 4635 4500 4636 4500 4640 4501 4452 4501 4634 4501 4639 4502 4634 4502 4633 4502 4630 4503 672 4503 4636 4503 4627 4504 4629 4504 4635 4504 4635 4505 4642 4505 4641 4505 675 4506 4636 4506 672 4506 4631 4507 4625 4507 4638 4507 1126 4508 1074 4508 4637 4508 1126 4509 4637 4509 4643 4509 4447 4510 4632 4510 4515 4510 4638 4511 4644 4511 4631 4511 4640 4512 4645 4512 4646 4512 4644 4513 4638 4513 4448 4513 4448 4128 4447 4128 4446 4128 4645 4514 4639 4514 4647 4514 4453 4515 4452 4515 4640 4515 4516 4183 4446 4183 4445 4183 4648 4516 4641 4516 4642 4516 4640 4517 4646 4517 4453 4517 4645 4512 4640 4512 4639 4512 646 4518 4642 4518 675 4518 4633 4519 4635 4519 4641 4519 4641 4516 4648 4516 4647 4516 675 4520 4642 4520 4636 4520 4637 4511 4631 4511 4644 4511 1125 4521 1126 4521 4643 4521 1125 4522 4643 4522 4649 4522 4448 4513 4638 4513 4447 4513 4637 4523 4644 4523 4650 4523 4651 4524 4652 4524 4646 4524 4650 4525 4644 4525 4444 4525 4444 4526 4448 4526 4442 4526 4653 4527 4651 4527 4645 4527 4516 4517 4453 4517 4646 4517 4446 4528 4443 4528 4442 4528 4647 4529 4648 4529 4654 4529 4646 4530 4652 4530 4516 4530 4651 4531 4646 4531 4645 4531 4642 4532 646 4532 4648 4532 4639 4514 4641 4514 4647 4514 4647 4533 4654 4533 4653 4533 645 4534 4648 4534 646 4534 4643 4535 4637 4535 4650 4535 1123 4536 1125 4536 4649 4536 1123 4537 4649 4537 4655 4537 4444 4538 4644 4538 4448 4538 4643 4539 4650 4539 4656 4539 4652 4540 4657 4540 4658 4540 4656 4541 4650 4541 4517 4541 4517 4542 4444 4542 4439 4542 4659 4543 4657 4543 4651 4543 4443 4544 4516 4544 4652 4544 4437 4545 4439 4545 4442 4545 4653 4546 4654 4546 4660 4546 4652 4547 4658 4547 4443 4547 4657 4548 4652 4548 4651 4548 647 4549 4654 4549 645 4549 4645 4550 4647 4550 4653 4550 4659 4551 4653 4551 4660 4551 645 4552 4654 4552 4648 4552 4649 4553 4643 4553 4656 4553 1117 4554 1123 4554 4655 4554 1117 4555 4655 4555 4661 4555 4517 4556 4650 4556 4444 4556 4649 4557 4656 4557 4662 4557 4663 4558 4664 4558 4658 4558 4662 4559 4656 4559 4441 4559 4441 4560 4517 4560 4440 4560 4665 4561 4663 4561 4657 4561 4437 4562 4443 4562 4658 4562 4438 4563 4440 4563 4439 4563 4666 4564 4659 4564 4660 4564 4658 4565 4664 4565 4437 4565 4657 4566 4663 4566 4658 4566 596 4567 4660 4567 647 4567 4651 4568 4653 4568 4659 4568 4659 4569 4666 4569 4665 4569 647 4570 4660 4570 4654 4570 4655 4571 4649 4571 4662 4571 1118 4572 1117 4572 4661 4572 1118 4573 4661 4573 4667 4573 4441 4574 4656 4574 4517 4574 4655 4575 4662 4575 4668 4575 4669 4576 4670 4576 4664 4576 4668 4577 4662 4577 4518 4577 4518 4578 4441 4578 4434 4578 4671 4579 4669 4579 4663 4579 4438 4580 4437 4580 4664 4580 4440 4581 4432 4581 4434 4581 4672 4582 4665 4582 4666 4582 4670 4583 4438 4583 4664 4583 4663 4584 4669 4584 4664 4584 4660 4585 596 4585 4666 4585 4657 4586 4659 4586 4665 4586 4665 4587 4672 4587 4671 4587 586 4588 4666 4588 596 4588 4661 4589 4655 4589 4668 4589 1120 4590 1118 4590 4667 4590 1120 4591 4667 4591 4673 4591 4518 4592 4662 4592 4441 4592 4661 4593 4668 4593 4674 4593 4670 4594 4675 4594 4676 4594 4674 4595 4668 4595 4436 4595 4436 4596 4518 4596 4435 4596 4675 4597 4669 4597 4677 4597 4432 4598 4438 4598 4670 4598 4434 4599 4433 4599 4435 4599 4678 4600 4671 4600 4672 4600 4670 4601 4676 4601 4432 4601 4675 4602 4670 4602 4669 4602 588 4603 4672 4603 586 4603 4663 4604 4665 4604 4671 4604 4677 4605 4671 4605 4678 4605 586 4606 4672 4606 4666 4606 4667 4607 4661 4607 4674 4607 1112 4608 1120 4608 4673 4608 1112 4609 4673 4609 4679 4609 4436 4610 4668 4610 4518 4610 4667 4611 4674 4611 4680 4611 4676 4612 4681 4612 4682 4612 4680 4613 4674 4613 4429 4613 4429 4614 4436 4614 4407 4614 4683 4615 4681 4615 4675 4615 4433 4616 4432 4616 4676 4616 4408 4617 4407 4617 4435 4617 4677 4618 4678 4618 4684 4618 4676 4619 4682 4619 4433 4619 4675 4620 4681 4620 4676 4620 589 4621 4678 4621 588 4621 4669 4622 4671 4622 4677 4622 4677 4623 4684 4623 4683 4623 588 4624 4678 4624 4672 4624 4673 4625 4667 4625 4680 4625 1114 4626 1112 4626 4679 4626 1114 4627 4679 4627 4685 4627 4429 4628 4674 4628 4436 4628 4673 4629 4680 4629 4686 4629 4687 4630 4688 4630 4682 4630 4686 4631 4680 4631 4523 4631 4523 4632 4429 4632 4430 4632 4689 4633 4687 4633 4681 4633 4408 4634 4433 4634 4682 4634 4407 4635 4409 4635 4430 4635 4684 4636 4690 4636 4683 4636 4688 4637 4408 4637 4682 4637 4681 4638 4687 4638 4682 4638 4684 4639 589 4639 591 4639 4675 4640 4677 4640 4683 4640 4683 4641 4690 4641 4689 4641 589 4642 4684 4642 4678 4642 4679 4643 4673 4643 4686 4643 1115 4644 1114 4644 4685 4644 1115 4645 4685 4645 4691 4645 4523 4646 4680 4646 4429 4646 4679 4647 4686 4647 4692 4647 4688 4648 4693 4648 4694 4648 4692 4649 4686 4649 4524 4649 4524 4650 4523 4650 4522 4650 4693 4651 4687 4651 4695 4651 4409 4652 4408 4652 4688 4652 4430 4653 4519 4653 4522 4653 4696 4654 4689 4654 4690 4654 4694 4655 4409 4655 4688 4655 4687 4656 4693 4656 4688 4656 4684 4657 591 4657 4690 4657 4681 4658 4683 4658 4689 4658 4689 4659 4696 4659 4695 4659 605 4660 4690 4660 591 4660 4685 4661 4679 4661 4692 4661 1107 4662 1115 4662 4691 4662 1107 4663 4691 4663 4697 4663 4524 4664 4686 4664 4523 4664 4692 4665 4698 4665 4685 4665 4694 4666 4699 4666 4700 4666 4698 4667 4692 4667 4520 4667 4410 4668 4520 4668 4524 4668 4699 4669 4693 4669 4701 4669 4519 4670 4409 4670 4694 4670 4522 4671 4411 4671 4410 4671 4702 4672 4695 4672 4696 4672 4694 4673 4700 4673 4519 4673 4699 4674 4694 4674 4693 4674 611 4675 4696 4675 605 4675 4687 4676 4689 4676 4695 4676 4701 4677 4695 4677 4702 4677 605 4678 4696 4678 4690 4678 4691 4679 4685 4679 4698 4679 1109 4680 1107 4680 4697 4680 1109 4681 4697 4681 4703 4681 4520 4682 4692 4682 4524 4682 4691 4683 4698 4683 4704 4683 4700 4684 4705 4684 4421 4684 4698 4685 4529 4685 4704 4685 4521 4686 4529 4686 4520 4686 4706 4687 4705 4687 4699 4687 4411 4688 4519 4688 4700 4688 4412 4689 4521 4689 4410 4689 4707 4690 4701 4690 4702 4690 4700 4691 4421 4691 4411 4691 4699 4692 4705 4692 4700 4692 653 4693 4702 4693 611 4693 4693 4694 4695 4694 4701 4694 4701 4695 4707 4695 4706 4695 611 4696 4702 4696 4696 4696 4697 4697 4691 4697 4704 4697 1110 4698 1109 4698 4703 4698 1110 4699 4703 4699 4497 4699 4529 4700 4698 4700 4520 4700 4708 4701 4697 4701 4704 4701 4416 4702 4521 4702 4412 4702 4704 4703 4526 4703 4708 4703 4526 4704 4529 4704 4527 4704 4709 4705 4422 4705 4705 4705 4412 4706 4411 4706 4421 4706 4521 4707 4416 4707 4527 4707 4707 4708 4710 4708 4706 4708 4413 4709 4412 4709 4421 4709 4705 4710 4422 4710 4421 4710 4702 4711 653 4711 4707 4711 4699 4712 4701 4712 4706 4712 4706 4713 4710 4713 4709 4713 666 4714 4707 4714 653 4714 4703 4715 4697 4715 4708 4715 1099 4716 1110 4716 4497 4716 1102 4717 4533 4717 4537 4717 4526 4718 4704 4718 4529 4718 4708 4719 4711 4719 4703 4719 4527 4720 4417 4720 4525 4720 4528 4721 4708 4721 4526 4721 4418 4722 4712 4722 4415 4722 4414 4723 4422 4723 4713 4723 4416 4724 4412 4724 4413 4724 4527 4725 4416 4725 4417 4725 4714 4726 4709 4726 4710 4726 4413 4727 4415 4727 4416 4727 4414 4728 4413 4728 4422 4728 4710 4729 4707 4729 666 4729 4705 4730 4706 4730 4709 4730 4709 4731 4714 4731 4713 4731 618 4732 4710 4732 666 4732 4497 4733 4703 4733 4711 4733 1104 4734 1099 4734 4498 4734 4530 4735 4528 4735 4715 4735 4711 4736 4708 4736 4528 4736 4497 4737 4711 4737 4716 4737 4715 4738 4525 4738 4717 4738 4530 4739 4711 4739 4528 4739 4717 4740 4417 4740 4712 4740 4525 4741 4715 4741 4528 4741 4718 4742 4418 4742 4414 4742 4417 4743 4717 4743 4525 4743 4713 4744 4714 4744 4719 4744 4415 4745 4712 4745 4417 4745 4418 4746 4415 4746 4414 4746 690 4747 4714 4747 618 4747 4422 4748 4709 4748 4713 4748 4718 4749 4713 4749 4719 4749 618 4750 4714 4750 4710 4750 4498 4751 4497 4751 4716 4751 1102 4752 1104 4752 4533 4752 4720 4753 4531 4753 4715 4753 4716 4754 4711 4754 4530 4754 4721 4755 4498 4755 4716 4755 4722 4756 4720 4756 4717 4756 4532 4757 4716 4757 4530 4757 4420 4758 4722 4758 4712 4758 4531 4759 4530 4759 4715 4759 4723 4760 4426 4760 4425 4760 4720 4761 4715 4761 4717 4761 4424 4762 4718 4762 4719 4762 4717 4763 4712 4763 4722 4763 4418 4764 4420 4764 4712 4764 622 4765 4719 4765 690 4765 4414 4766 4713 4766 4718 4766 4718 4767 4424 4767 4419 4767 690 4768 4719 4768 4714 4768 4533 4769 4498 4769 4721 4769 1094 4770 1102 4770 4537 4770 4532 4771 4724 4771 4725 4771 4721 4772 4716 4772 4532 4772 4533 4773 4721 4773 4726 4773 4531 4774 4727 4774 4724 4774 4721 4775 4532 4775 4725 4775 4720 4776 4728 4776 4727 4776 4532 4777 4531 4777 4724 4777 4722 4778 4426 4778 4728 4778 4531 4779 4720 4779 4727 4779 4420 4780 4427 4780 4426 4780 4722 4781 4728 4781 4720 4781 4420 4782 4426 4782 4722 4782 4719 4783 622 4783 4424 4783 4418 4784 4718 4784 4419 4784 4419 4785 4423 4785 4427 4785 623 4786 4424 4786 622 4786 4537 4787 4533 4787 4726 4787 1097 4788 1094 4788 4535 4788 4539 4789 4726 4789 4725 4789 4726 4790 4721 4790 4725 4790 4726 4791 4539 4791 4538 4791 4729 4792 4725 4792 4724 4792 4725 4793 4729 4793 4539 4793 4730 4794 4724 4794 4727 4794 4724 4795 4730 4795 4729 4795 4731 4796 4727 4796 4728 4796 4727 4797 4731 4797 4730 4797 4723 4798 4728 4798 4426 4798 4728 4799 4723 4799 4731 4799 4425 4800 4431 4800 4428 4800 4423 4801 4424 4801 623 4801 4420 4802 4419 4802 4427 4802 4427 4803 4431 4803 4425 4803 687 4804 4423 4804 623 4804 1094 4805 4537 4805 4535 4805 1097 4806 4534 4806 1098 4806 4729 4807 4732 4807 4539 4807 4537 4808 4726 4808 4538 4808 4538 4809 4540 4809 4536 4809 4730 4810 4733 4810 4729 4810 4539 4811 4732 4811 4540 4811 4731 4812 4734 4812 4730 4812 4729 4813 4733 4813 4732 4813 4723 4814 4735 4814 4731 4814 4730 4815 4734 4815 4733 4815 4425 4816 4736 4816 4723 4816 4731 4817 4735 4817 4734 4817 4494 4818 4428 4818 689 4818 4735 4819 4723 4819 4736 4819 688 4820 4431 4820 687 4820 4736 4821 4425 4821 4428 4821 687 4822 4431 4822 4423 4822 1097 4823 4535 4823 4534 4823 4535 4824 4538 4824 4536 4824 4484 4825 4536 4825 4485 4825 4534 4826 4536 4826 4484 4826 4485 4827 4540 4827 4487 4827 4536 4828 4540 4828 4485 4828 4487 4829 4732 4829 4488 4829 4540 4830 4732 4830 4487 4830 4488 4831 4733 4831 4491 4831 4732 4832 4733 4832 4488 4832 4491 4833 4734 4833 4492 4833 4733 4834 4734 4834 4491 4834 4492 4835 4735 4835 4496 4835 4734 4836 4735 4836 4492 4836 4496 4837 4736 4837 4494 4837 4735 4838 4736 4838 4496 4838 4494 4839 4736 4839 4428 4839 688 4840 4428 4840 4431 4840 4737 4841 4738 4841 4739 4841 4740 4842 4741 4842 4742 4842 4743 4843 4744 4843 4745 4843 4746 4844 4747 4844 4748 4844 4749 4845 4748 4845 4750 4845 4751 4846 4752 4846 4753 4846 4746 4847 4754 4847 4755 4847 4756 4848 4752 4848 4757 4848 4758 4849 4759 4849 4760 4849 637 4850 4761 4850 606 4850 4762 4120 4740 4120 4763 4120 4756 4851 4764 4851 4760 4851 4765 4852 4766 4852 4767 4852 4768 4853 4740 4853 4769 4853 4770 4124 4771 4124 4772 4124 4773 4125 4767 4125 4774 4125 4770 4854 4775 4854 4776 4854 4772 4855 4777 4855 4775 4855 4778 4128 4779 4128 4780 4128 4775 4129 4781 4129 4779 4129 4782 4856 4783 4856 4784 4856 4785 4857 4786 4857 4787 4857 4788 4132 4789 4132 4790 4132 4791 4133 4792 4133 4793 4133 4794 4858 4795 4858 4796 4858 4797 4859 4798 4859 4799 4859 4800 4860 4801 4860 4802 4860 4803 4861 4804 4861 4805 4861 4806 4862 4807 4862 4808 4862 4809 4863 4810 4863 4808 4863 943 4864 4811 4864 979 4864 4807 4865 4812 4865 4813 4865 4814 4866 4815 4866 4811 4866 4816 4867 977 4867 979 4867 4815 4144 4814 4144 4817 4144 4817 4868 4818 4868 4819 4868 4820 4869 4821 4869 4813 4869 4819 4870 4818 4870 4812 4870 4822 4871 4823 4871 4824 4871 4820 4872 4813 4872 4812 4872 4822 4873 4825 4873 4826 4873 4823 4874 4821 4874 4824 4874 4827 4152 4828 4152 4829 4152 4824 4875 4825 4875 4822 4875 637 4154 683 4154 4827 4154 4828 4155 4826 4155 4829 4155 986 4876 4830 4876 4831 4876 4819 4877 4815 4877 4817 4877 943 4878 4814 4878 4811 4878 4806 4879 4819 4879 4812 4879 4820 4160 4812 4160 4818 4160 4800 4880 4832 4880 4810 4880 4806 4881 4810 4881 4833 4881 4804 4882 4801 4882 4834 4882 4834 4164 4800 4164 4809 4164 4796 4883 4835 4883 4803 4883 4803 4884 4836 4884 4801 4884 4837 4885 4797 4885 4794 4885 4837 4886 4796 4886 4805 4886 4838 4887 4737 4887 4791 4887 4839 4888 4799 4888 4789 4888 4840 4889 4794 4889 4799 4889 4790 4890 4841 4890 4842 4890 4789 4891 4798 4891 4841 4891 4793 4892 4842 4892 4838 4892 4790 4893 4793 4893 4843 4893 4783 4176 4844 4176 4739 4176 4739 4894 4845 4894 4791 4894 4846 4178 4785 4178 4784 4178 4738 4895 4846 4895 4783 4895 4847 4896 4784 4896 4787 4896 4778 4897 4848 4897 4787 4897 4776 4898 4779 4898 4849 4898 4786 4183 4849 4183 4778 4183 4771 4899 4765 4899 4773 4899 4772 4900 4773 4900 4850 4900 4766 4901 4741 4901 4768 4901 4768 4187 4851 4187 4767 4187 4852 4902 4763 4902 4742 4902 4853 4903 4743 4903 4854 4903 4744 4904 4855 4904 4852 4904 4856 4905 4763 4905 4855 4905 4857 4906 4855 4906 4743 4906 4858 4907 4859 4907 4860 4907 4859 4908 4858 4908 4861 4908 4854 4909 4860 4909 4862 4909 4863 4910 4864 4910 4865 4910 4831 4911 4866 4911 991 4911 4867 4912 4868 4912 4869 4912 4868 4913 4870 4913 4871 4913 4867 4914 4814 4914 985 4914 4814 4915 4867 4915 4817 4915 4814 4916 943 4916 985 4916 974 4917 977 4917 4816 4917 4871 4918 4872 4918 4873 4918 979 4919 4811 4919 4816 4919 974 4920 4816 4920 4874 4920 4875 4921 4811 4921 4815 4921 4876 4922 4877 4922 4823 4922 4875 4923 4815 4923 4833 4923 4833 4924 4819 4924 4806 4924 4876 4925 4822 4925 4878 4925 4813 4926 4821 4926 4823 4926 4812 4927 4807 4927 4806 4927 4826 4214 4828 4214 4879 4214 4877 4215 4813 4215 4823 4215 4876 4928 4823 4928 4822 4928 4828 4929 683 4929 681 4929 4825 4218 4829 4218 4826 4218 4826 4930 4879 4930 4878 4930 683 4220 4828 4220 4827 4220 4816 4931 4811 4931 4875 4931 973 4222 974 4222 4874 4222 973 4223 4874 4223 4880 4223 4833 4932 4815 4932 4819 4932 4881 4933 4816 4933 4875 4933 4877 4934 4882 4934 4883 4934 4881 4935 4875 4935 4832 4935 4832 4936 4833 4936 4810 4936 4882 4937 4876 4937 4884 4937 4807 4938 4813 4938 4877 4938 4808 4939 4810 4939 4806 4939 4878 4940 4879 4940 4885 4940 4883 4941 4807 4941 4877 4941 4882 4942 4877 4942 4876 4942 4879 4943 681 4943 682 4943 4822 4944 4826 4944 4878 4944 4878 4945 4885 4945 4884 4945 681 4946 4879 4946 4828 4946 4874 4947 4816 4947 4881 4947 971 4948 973 4948 4880 4948 971 4949 4880 4949 4886 4949 4832 4950 4875 4950 4833 4950 4887 4951 4874 4951 4881 4951 4888 4952 4889 4952 4883 4952 4887 4953 4881 4953 4802 4953 4802 4954 4832 4954 4800 4954 4888 4955 4882 4955 4890 4955 4808 4956 4807 4956 4883 4956 4809 4957 4800 4957 4810 4957 4884 4958 4885 4958 4891 4958 4889 4959 4808 4959 4883 4959 4888 4960 4883 4960 4882 4960 4885 4252 682 4252 679 4252 4876 4961 4878 4961 4884 4961 4884 4962 4891 4962 4890 4962 682 4255 4885 4255 4879 4255 4880 4963 4874 4963 4887 4963 968 4964 971 4964 4886 4964 968 4965 4886 4965 4892 4965 4802 4966 4881 4966 4832 4966 4893 4967 4880 4967 4887 4967 4894 4968 4895 4968 4889 4968 4893 4969 4887 4969 4836 4969 4836 4263 4802 4263 4801 4263 4894 4264 4888 4264 4896 4264 4809 4970 4808 4970 4889 4970 4834 4971 4801 4971 4800 4971 4890 4972 4891 4972 4897 4972 4895 4973 4809 4973 4889 4973 4894 4974 4889 4974 4888 4974 4891 4975 679 4975 680 4975 4882 4976 4884 4976 4890 4976 4890 4977 4897 4977 4896 4977 679 4273 4891 4273 4885 4273 4886 4274 4880 4274 4893 4274 967 4978 968 4978 4892 4978 967 4979 4892 4979 4898 4979 4836 4277 4887 4277 4802 4277 4899 4980 4886 4980 4893 4980 4900 4981 4901 4981 4895 4981 4899 4982 4893 4982 4835 4982 4835 4983 4836 4983 4803 4983 4900 4282 4894 4282 4902 4282 4834 4984 4809 4984 4895 4984 4801 4985 4804 4985 4803 4985 4896 4986 4897 4986 4903 4986 4901 4987 4834 4987 4895 4987 4900 4988 4895 4988 4894 4988 4897 4989 680 4989 583 4989 4888 4990 4890 4990 4896 4990 4896 4290 4903 4290 4902 4290 680 4991 4897 4991 4891 4991 4892 4992 4886 4992 4899 4992 965 4993 967 4993 4898 4993 965 4994 4898 4994 4904 4994 4835 4995 4893 4995 4836 4995 4905 4996 4892 4996 4899 4996 4901 4997 4906 4997 4907 4997 4905 4998 4899 4998 4795 4998 4795 4999 4835 4999 4796 4999 4906 4300 4900 4300 4908 4300 4804 5000 4834 5000 4901 5000 4803 5001 4805 5001 4796 5001 4902 4303 4903 4303 4909 4303 4907 5002 4804 5002 4901 5002 4900 5003 4906 5003 4901 5003 4903 5004 583 5004 582 5004 4894 4307 4896 4307 4902 4307 4902 4308 4909 4308 4908 4308 583 5005 4903 5005 4897 5005 4898 5006 4892 5006 4905 5006 963 5007 965 5007 4904 5007 963 5008 4904 5008 4910 5008 4795 5009 4899 5009 4835 5009 4911 5010 4898 5010 4905 5010 4907 5011 4912 5011 4913 5011 4911 5012 4905 5012 4840 5012 4840 5013 4795 5013 4794 5013 4912 5014 4906 5014 4914 5014 4805 5015 4804 5015 4907 5015 4796 5016 4837 5016 4794 5016 4915 4320 4908 4320 4909 4320 4913 5017 4805 5017 4907 5017 4906 4322 4912 4322 4907 4322 4909 5018 582 5018 612 5018 4900 4324 4902 4324 4908 4324 4908 5019 4915 5019 4914 5019 582 5020 4909 5020 4903 5020 4904 5021 4898 5021 4911 5021 939 5022 963 5022 4910 5022 939 5023 4910 5023 4916 5023 4840 5024 4905 5024 4795 5024 4917 5025 4904 5025 4911 5025 4913 5026 4918 5026 4919 5026 4917 5027 4911 5027 4839 5027 4839 5028 4840 5028 4799 5028 4918 5029 4912 5029 4920 5029 4837 5030 4805 5030 4913 5030 4794 5031 4797 5031 4799 5031 4921 5032 4914 5032 4915 5032 4919 5033 4837 5033 4913 5033 4912 5034 4918 5034 4913 5034 4915 5035 612 5035 614 5035 4906 5036 4908 5036 4914 5036 4914 5037 4921 5037 4920 5037 612 5038 4915 5038 4909 5038 4910 5039 4904 5039 4917 5039 945 5040 939 5040 4916 5040 945 5041 4916 5041 4922 5041 4839 5042 4911 5042 4840 5042 4923 5043 4910 5043 4917 5043 4919 5044 4924 5044 4925 5044 4923 5045 4917 5045 4788 5045 4788 4352 4839 4352 4789 4352 4924 5046 4918 5046 4926 5046 4797 5047 4837 5047 4919 5047 4799 5048 4798 5048 4789 5048 4921 4356 4927 4356 4920 4356 4925 5049 4797 5049 4919 5049 4918 5050 4924 5050 4919 5050 4921 4359 614 4359 604 4359 4912 5051 4914 5051 4920 5051 4920 5052 4927 5052 4926 5052 614 5053 4921 5053 4915 5053 4916 4363 4910 4363 4923 4363 948 5054 945 5054 4922 5054 948 5055 4922 5055 4928 5055 4788 5056 4917 5056 4839 5056 4929 5057 4916 5057 4923 5057 4925 5058 4930 5058 4931 5058 4929 5059 4923 5059 4843 5059 4843 5060 4788 5060 4790 5060 4930 5061 4924 5061 4932 5061 4798 5062 4797 5062 4925 5062 4841 5063 4790 5063 4789 5063 4933 5064 4926 5064 4927 5064 4931 5065 4798 5065 4925 5065 4930 5066 4925 5066 4924 5066 4921 4377 604 4377 4927 4377 4918 5067 4920 5067 4926 5067 4926 5068 4933 5068 4932 5068 603 5069 4927 5069 604 5069 4922 5070 4916 5070 4929 5070 949 5071 948 5071 4928 5071 949 5072 4928 5072 4934 5072 4843 5073 4923 5073 4788 5073 4935 5074 4922 5074 4929 5074 4936 5075 4937 5075 4931 5075 4935 5076 4929 5076 4792 5076 4792 5077 4843 5077 4793 5077 4936 5078 4930 5078 4938 5078 4841 5079 4798 5079 4931 5079 4790 5080 4842 5080 4793 5080 4932 5081 4933 5081 4939 5081 4937 5082 4841 5082 4931 5082 4936 5083 4931 5083 4930 5083 633 5084 4933 5084 603 5084 4924 5085 4926 5085 4932 5085 4932 5086 4939 5086 4938 5086 603 5087 4933 5087 4927 5087 4928 5088 4922 5088 4935 5088 951 5089 949 5089 4934 5089 951 5090 4934 5090 4940 5090 4792 5091 4929 5091 4843 5091 4935 5092 4941 5092 4928 5092 4937 5093 4942 5093 4943 5093 4941 5094 4935 5094 4845 5094 4845 5095 4792 5095 4791 5095 4942 5096 4936 5096 4944 5096 4842 5097 4841 5097 4937 5097 4838 5098 4791 5098 4793 5098 4938 5099 4939 5099 4945 5099 4943 5100 4842 5100 4937 5100 4936 5101 4942 5101 4937 5101 4939 5102 633 5102 662 5102 4930 5103 4932 5103 4938 5103 4938 5104 4945 5104 4944 5104 633 5105 4939 5105 4933 5105 4934 5106 4928 5106 4941 5106 954 5107 951 5107 4940 5107 954 5108 4940 5108 4946 5108 4845 5109 4935 5109 4792 5109 4941 5110 4947 5110 4934 5110 4948 5111 4949 5111 4943 5111 4947 5112 4941 5112 4844 5112 4844 5113 4845 5113 4739 5113 4948 5114 4942 5114 4950 5114 4838 5115 4842 5115 4943 5115 4791 4427 4737 4427 4739 4427 4951 5116 4944 5116 4945 5116 4949 5117 4838 5117 4943 5117 4948 5118 4943 5118 4942 5118 4945 5119 662 5119 617 5119 4936 5120 4938 5120 4944 5120 4944 5121 4951 5121 4950 5121 662 5122 4945 5122 4939 5122 4940 5123 4934 5123 4947 5123 955 5124 954 5124 4946 5124 955 5125 4946 5125 4952 5125 4844 5126 4941 5126 4845 5126 4947 5127 4953 5127 4940 5127 4949 5128 4954 5128 4955 5128 4953 4441 4947 4441 4782 4441 4782 4442 4844 4442 4783 4442 4954 5129 4948 5129 4956 5129 4737 5130 4838 5130 4949 5130 4738 5131 4783 5131 4739 5131 4950 5132 4951 5132 4957 5132 4955 5133 4737 5133 4949 5133 4948 5134 4954 5134 4949 5134 4951 5135 617 5135 553 5135 4942 4450 4944 4450 4950 4450 4950 4451 4957 4451 4956 4451 617 5136 4951 5136 4945 5136 4946 5137 4940 5137 4953 5137 957 5138 955 5138 4952 5138 957 5139 4952 5139 4958 5139 4782 4456 4947 4456 4844 4456 4953 5140 4959 5140 4946 5140 4960 5141 4961 5141 4955 5141 4959 5142 4953 5142 4847 5142 4847 5143 4782 5143 4784 5143 4960 5144 4954 5144 4962 5144 4738 5145 4737 5145 4955 5145 4783 5146 4846 5146 4784 5146 4963 4464 4956 4464 4957 4464 4961 5147 4738 5147 4955 5147 4960 4466 4955 4466 4954 4466 4957 5148 553 5148 580 5148 4948 5149 4950 5149 4956 5149 4956 5150 4963 5150 4962 5150 553 5151 4957 5151 4951 5151 4952 5152 4946 5152 4959 5152 960 5153 957 5153 4958 5153 960 4473 4958 4473 4964 4473 4847 5154 4953 5154 4782 5154 4959 5155 4965 5155 4952 5155 4961 5156 4966 5156 4967 5156 4965 5157 4959 5157 4848 5157 4848 5158 4847 5158 4787 5158 4966 4479 4960 4479 4968 4479 4846 5159 4738 5159 4961 5159 4785 5160 4787 5160 4784 5160 4969 5161 4962 5161 4963 5161 4967 5162 4846 5162 4961 5162 4960 5163 4966 5163 4961 5163 4963 5164 580 5164 651 5164 4954 5165 4956 5165 4962 5165 4962 5166 4969 5166 4968 5166 580 5167 4963 5167 4957 5167 4958 5168 4952 5168 4965 5168 961 5169 960 5169 4964 5169 961 4491 4964 4491 4970 4491 4848 5170 4959 5170 4847 5170 4965 5171 4971 5171 4958 5171 4972 4494 4973 4494 4967 4494 4971 5172 4965 5172 4780 5172 4780 5173 4848 5173 4778 5173 4972 4497 4966 4497 4974 4497 4785 5174 4846 5174 4967 5174 4787 5175 4786 5175 4778 5175 4975 5176 4968 5176 4969 5176 4973 5177 4785 5177 4967 5177 4972 4502 4967 4502 4966 4502 4963 5178 651 5178 4969 5178 4960 5179 4962 5179 4968 5179 4968 5180 4975 5180 4974 5180 629 5181 4969 5181 651 5181 4964 5182 4958 5182 4971 5182 1013 5183 961 5183 4970 5183 1013 4509 4970 4509 4976 4509 4780 5184 4965 5184 4848 5184 4971 4511 4977 4511 4964 4511 4973 4512 4978 4512 4979 4512 4977 4513 4971 4513 4781 4513 4781 4128 4780 4128 4779 4128 4978 4514 4972 4514 4980 4514 4786 5185 4785 5185 4973 5185 4849 4183 4779 4183 4778 4183 4981 4516 4974 4516 4975 4516 4973 4517 4979 4517 4786 4517 4978 4512 4973 4512 4972 4512 628 5186 4975 5186 629 5186 4966 4519 4968 4519 4974 4519 4974 4516 4981 4516 4980 4516 629 5187 4975 5187 4969 5187 4970 4511 4964 4511 4977 4511 1012 5188 1013 5188 4976 5188 1012 5189 4976 5189 4982 5189 4781 4513 4971 4513 4780 4513 4970 5190 4977 5190 4983 5190 4984 4524 4985 4524 4979 4524 4983 5191 4977 5191 4777 5191 4777 5192 4781 5192 4775 5192 4986 4527 4984 4527 4978 4527 4849 4517 4786 4517 4979 4517 4779 5193 4776 5193 4775 5193 4980 5194 4981 5194 4987 5194 4979 5195 4985 5195 4849 5195 4984 4531 4979 4531 4978 4531 4975 4532 628 4532 4981 4532 4972 4514 4974 4514 4980 4514 4980 4533 4987 4533 4986 4533 638 5196 4981 5196 628 5196 4976 5197 4970 5197 4983 5197 1010 5198 1012 5198 4982 5198 1010 5199 4982 5199 4988 5199 4777 5200 4977 5200 4781 5200 4976 5201 4983 5201 4989 5201 4985 5202 4990 5202 4991 5202 4989 5203 4983 5203 4850 5203 4850 5204 4777 5204 4772 5204 4992 5205 4990 5205 4984 5205 4776 5206 4849 5206 4985 5206 4770 5207 4772 5207 4775 5207 4986 4546 4987 4546 4993 4546 4985 5208 4991 5208 4776 5208 4990 4548 4985 4548 4984 4548 574 5209 4987 5209 638 5209 4978 4550 4980 4550 4986 4550 4992 5210 4986 5210 4993 5210 638 5211 4987 5211 4981 5211 4982 5212 4976 5212 4989 5212 1004 5213 1010 5213 4988 5213 1004 5214 4988 5214 4994 5214 4850 5215 4983 5215 4777 5215 4982 5216 4989 5216 4995 5216 4996 5217 4997 5217 4991 5217 4995 4559 4989 4559 4774 4559 4774 5218 4850 5218 4773 5218 4998 4561 4996 4561 4990 4561 4770 5219 4776 5219 4991 5219 4771 5220 4773 5220 4772 5220 4999 5221 4992 5221 4993 5221 4991 5222 4997 5222 4770 5222 4990 5223 4996 5223 4991 5223 656 5224 4993 5224 574 5224 4984 5225 4986 5225 4992 5225 4992 5226 4999 5226 4998 5226 574 5227 4993 5227 4987 5227 4988 5228 4982 5228 4995 5228 1005 5229 1004 5229 4994 5229 1005 5230 4994 5230 5000 5230 4774 5231 4989 5231 4850 5231 4988 5232 4995 5232 5001 5232 5002 5233 5003 5233 4997 5233 5001 4577 4995 4577 4851 4577 4851 4578 4774 4578 4767 4578 5004 5234 5002 5234 4996 5234 4771 5235 4770 5235 4997 5235 4773 4581 4765 4581 4767 4581 5005 5236 4998 5236 4999 5236 5003 5237 4771 5237 4997 5237 4996 5238 5002 5238 4997 5238 4993 5239 656 5239 4999 5239 4990 5240 4992 5240 4998 5240 4998 5241 5005 5241 5004 5241 649 5242 4999 5242 656 5242 4994 5243 4988 5243 5001 5243 1007 5244 1005 5244 5000 5244 1007 5245 5000 5245 5006 5245 4851 4592 4995 4592 4774 4592 4994 5246 5001 5246 5007 5246 5003 5247 5008 5247 5009 5247 5007 5248 5001 5248 4769 5248 4769 5249 4851 5249 4768 5249 5008 5250 5002 5250 5010 5250 4765 5251 4771 5251 5003 5251 4767 5252 4766 5252 4768 5252 5011 5253 5004 5253 5005 5253 5003 5254 5009 5254 4765 5254 5008 5255 5003 5255 5002 5255 621 5256 5005 5256 649 5256 4996 4604 4998 4604 5004 4604 5010 4605 5004 4605 5011 4605 649 5257 5005 5257 4999 5257 5000 5258 4994 5258 5007 5258 999 5259 1007 5259 5006 5259 999 5260 5006 5260 5012 5260 4769 5261 5001 5261 4851 5261 5000 5262 5007 5262 5013 5262 5009 5263 5014 5263 5015 5263 5013 5264 5007 5264 4762 5264 4762 5265 4769 5265 4740 5265 5016 5266 5014 5266 5008 5266 4766 5267 4765 5267 5009 5267 4741 5268 4740 5268 4768 5268 5010 5269 5011 5269 5017 5269 5009 5270 5015 5270 4766 5270 5008 5271 5014 5271 5009 5271 620 5272 5011 5272 621 5272 5002 5273 5004 5273 5010 5273 5010 5274 5017 5274 5016 5274 621 5275 5011 5275 5005 5275 5006 5276 5000 5276 5013 5276 1001 5277 999 5277 5012 5277 1001 5278 5012 5278 5018 5278 4762 5279 5007 5279 4769 5279 5006 5280 5013 5280 5019 5280 5020 5281 5021 5281 5015 5281 5019 4631 5013 4631 4856 4631 4856 5282 4762 5282 4763 5282 5022 5283 5020 5283 5014 5283 4741 5284 4766 5284 5015 5284 4740 5285 4742 5285 4763 5285 5017 5286 5023 5286 5016 5286 5021 5287 4741 5287 5015 5287 5014 5288 5020 5288 5015 5288 5017 5289 620 5289 671 5289 5008 5290 5010 5290 5016 5290 5016 5291 5023 5291 5022 5291 620 5292 5017 5292 5011 5292 5012 5293 5006 5293 5019 5293 1002 5294 1001 5294 5018 5294 1002 5295 5018 5295 5024 5295 4856 5296 5013 5296 4762 5296 5012 5297 5019 5297 5025 5297 5021 5298 5026 5298 5027 5298 5025 5299 5019 5299 4857 5299 4857 5300 4856 5300 4855 5300 5026 5301 5020 5301 5028 5301 4742 5302 4741 5302 5021 5302 4763 5303 4852 5303 4855 5303 5029 5304 5022 5304 5023 5304 5027 5305 4742 5305 5021 5305 5020 5306 5026 5306 5021 5306 5017 5307 671 5307 5023 5307 5014 5308 5016 5308 5022 5308 5022 5309 5029 5309 5028 5309 669 5310 5023 5310 671 5310 5018 4661 5012 4661 5025 4661 994 5311 1002 5311 5024 5311 994 5312 5024 5312 5030 5312 4857 5313 5019 5313 4856 5313 5025 5314 5031 5314 5018 5314 5027 5315 5032 5315 5033 5315 5031 5316 5025 5316 4853 5316 4743 5317 4853 5317 4857 5317 5032 5318 5026 5318 5034 5318 4852 5319 4742 5319 5027 5319 4855 5320 4744 5320 4743 5320 5035 5321 5028 5321 5029 5321 5027 5322 5033 5322 4852 5322 5032 5323 5027 5323 5026 5323 684 5324 5029 5324 669 5324 5020 5325 5022 5325 5028 5325 5034 5326 5028 5326 5035 5326 669 5327 5029 5327 5023 5327 5024 5328 5018 5328 5031 5328 996 5329 994 5329 5030 5329 996 5330 5030 5330 5036 5330 4853 4682 5025 4682 4857 4682 5024 5331 5031 5331 5037 5331 5033 5332 5038 5332 4754 5332 5031 5333 4862 5333 5037 5333 4854 5334 4862 5334 4853 5334 5039 5335 5038 5335 5032 5335 4744 5336 4852 5336 5033 5336 4745 5337 4854 5337 4743 5337 5040 5338 5034 5338 5035 5338 5033 4691 4754 4691 4744 4691 5032 5339 5038 5339 5033 5339 686 5340 5035 5340 684 5340 5026 5341 5028 5341 5034 5341 5034 5342 5040 5342 5039 5342 684 5343 5035 5343 5029 5343 5030 4697 5024 4697 5037 4697 997 5344 996 5344 5036 5344 997 5345 5036 5345 4830 5345 4862 5346 5031 5346 4853 5346 5041 4701 5030 4701 5037 4701 4749 5347 4854 5347 4745 5347 5037 4703 4859 4703 5041 4703 4859 4909 4862 4909 4860 4909 5042 4705 4755 4705 5038 4705 4745 5348 4744 5348 4754 5348 4854 5349 4749 5349 4860 5349 5040 5350 5043 5350 5039 5350 4746 5351 4745 5351 4754 5351 5038 5352 4755 5352 4754 5352 5035 5353 686 5353 5040 5353 5032 5354 5034 5354 5039 5354 5039 5355 5043 5355 5042 5355 584 5356 5040 5356 686 5356 5036 5357 5030 5357 5041 5357 986 5358 997 5358 4830 5358 989 4717 4866 4717 4870 4717 4859 5359 5037 5359 4862 5359 5041 5360 5044 5360 5036 5360 4860 5361 4750 5361 4858 5361 4861 5362 5041 5362 4859 5362 4751 5363 5045 5363 4748 5363 4747 4723 4755 4723 5046 4723 4749 5364 4745 5364 4746 5364 4860 5365 4749 5365 4750 5365 5047 4726 5042 4726 5043 4726 4746 5366 4748 5366 4749 5366 4747 4728 4746 4728 4755 4728 5043 5367 5040 5367 584 5367 5038 5368 5039 5368 5042 5368 5042 4731 5047 4731 5046 4731 578 5369 5043 5369 584 5369 4830 5370 5036 5370 5044 5370 991 5371 986 5371 4831 5371 4863 4735 4861 4735 5048 4735 5044 5372 5041 5372 4861 5372 4830 5373 5044 5373 5049 5373 5048 5374 4858 5374 5050 5374 4863 5375 5044 5375 4861 5375 5050 5376 4750 5376 5045 5376 4858 5377 5048 5377 4861 5377 5051 4742 4751 4742 4747 4742 4750 5378 5050 5378 4858 5378 5046 5379 5047 5379 5052 5379 4748 5380 5045 5380 4750 5380 4751 5381 4748 5381 4747 5381 635 5382 5047 5382 578 5382 4755 4748 5042 4748 5046 4748 5051 5383 5046 5383 5052 5383 578 5384 5047 5384 5043 5384 4831 4751 4830 4751 5049 4751 989 5385 991 5385 4866 5385 5053 5386 4864 5386 5048 5386 5049 5387 5044 5387 4863 5387 5054 5388 4831 5388 5049 5388 5055 5389 5053 5389 5050 5389 4865 5390 5049 5390 4863 5390 4753 5391 5055 5391 5045 5391 4864 5392 4863 5392 5048 5392 5056 5393 4759 5393 4758 5393 5053 5394 5048 5394 5050 5394 4757 5395 5051 5395 5052 5395 5050 5396 5045 5396 5055 5396 4751 5397 4753 5397 5045 5397 634 5398 5052 5398 635 5398 4747 4766 5046 4766 5051 4766 5051 5399 4757 5399 4752 5399 635 5400 5052 5400 5047 5400 4866 5401 4831 5401 5054 5401 981 4770 989 4770 4870 4770 4865 4771 5057 4771 5058 4771 5054 5402 5049 5402 4865 5402 4866 5403 5054 5403 5059 5403 4864 5404 5060 5404 5057 5404 5054 4775 4865 4775 5058 4775 5053 5405 5061 5405 5060 5405 4865 5406 4864 5406 5057 5406 5055 5407 4759 5407 5061 5407 4864 4779 5053 4779 5060 4779 4753 5408 4760 5408 4759 5408 5055 5409 5061 5409 5053 5409 4753 5410 4759 5410 5055 5410 5052 5411 634 5411 4757 5411 4751 5412 5051 5412 4752 5412 4752 5413 4756 5413 4760 5413 665 4786 4757 4786 634 4786 4870 4787 4866 4787 5059 4787 984 5414 981 5414 4868 5414 4872 5415 5059 5415 5058 5415 5059 5416 5054 5416 5058 5416 5059 5417 4872 5417 4871 5417 5062 5418 5058 5418 5057 5418 5058 5419 5062 5419 4872 5419 5063 5420 5057 5420 5060 5420 5057 5421 5063 5421 5062 5421 5064 5422 5060 5422 5061 5422 5060 5423 5064 5423 5063 5423 5056 5424 5061 5424 4759 5424 5061 5425 5056 5425 5064 5425 4758 5426 4764 5426 4761 5426 4756 4801 4757 4801 665 4801 4753 5427 4752 5427 4760 5427 4760 5428 4764 5428 4758 5428 607 5429 4756 5429 665 5429 981 5430 4870 5430 4868 5430 984 5431 4867 5431 985 5431 5062 5432 5065 5432 4872 5432 4870 5433 5059 5433 4871 5433 4871 5434 4873 5434 4869 5434 5063 5435 5066 5435 5062 5435 4872 5436 5065 5436 4873 5436 5064 5437 5067 5437 5063 5437 5062 5438 5066 5438 5065 5438 5056 5439 5068 5439 5064 5439 5063 5440 5067 5440 5066 5440 4758 5441 5069 5441 5056 5441 5064 4817 5068 4817 5067 4817 4827 4818 4761 4818 637 4818 5068 5442 5056 5442 5069 5442 606 5443 4764 5443 607 5443 5069 5444 4758 5444 4761 5444 607 5445 4764 5445 4756 5445 984 5446 4868 5446 4867 5446 4868 5447 4871 5447 4869 5447 4817 4825 4869 4825 4818 4825 4867 5448 4869 5448 4817 5448 4818 5449 4873 5449 4820 5449 4869 5450 4873 5450 4818 5450 4820 4829 5065 4829 4821 4829 4873 5451 5065 5451 4820 5451 4821 5452 5066 5452 4824 5452 5065 5453 5066 5453 4821 5453 4824 5454 5067 5454 4825 5454 5066 5455 5067 5455 4824 5455 4825 5456 5068 5456 4829 5456 5067 5457 5068 5457 4825 5457 4829 4837 5069 4837 4827 4837 5068 5458 5069 5458 4829 5458 4827 4839 5069 4839 4761 4839 606 5459 4761 5459 4764 5459 5070 5460 5071 5460 5072 5460 5073 5461 5074 5461 5075 5461 5070 5462 5076 5462 5077 5462 5072 5463 5078 5463 5076 5463 5079 5464 5080 5464 5077 5464 5081 5465 5079 5465 5076 5465 5082 5466 5080 5466 5083 5466 5083 5467 5079 5467 5084 5467 5085 5468 5082 5468 5086 5468 5083 5469 5087 5469 5086 5469 5088 5470 5086 5470 5089 5470 5090 5471 715 5471 712 5471 5091 5472 5087 5472 5092 5472 5093 5473 775 5473 715 5473 5094 5474 5095 5474 5096 5474 5090 5475 5093 5475 715 5475 5092 5476 5090 5476 5091 5476 775 5477 5093 5477 5097 5477 5087 5478 5089 5478 5086 5478 5098 5479 5099 5479 729 5479 5088 5480 5100 5480 5085 5480 5085 5481 5086 5481 5088 5481 5101 5482 5102 5482 5103 5482 5100 5483 5103 5483 5102 5483 5101 5484 5104 5484 5105 5484 5104 5485 5101 5485 5103 5485 5106 5486 5107 5486 5105 5486 5108 5487 5107 5487 5106 5487 469 5488 659 5488 5108 5488 5071 5489 5109 5489 5110 5489 5072 5490 5110 5490 5111 5490 5112 5491 5113 5491 5109 5491 5113 5492 5114 5492 5110 5492 5115 5493 5112 5493 5116 5493 5117 5494 5113 5494 5115 5494 5116 5495 5118 5495 5119 5495 5115 5496 5119 5496 5120 5496 5119 5497 5121 5497 5122 5497 5121 5498 5118 5498 5123 5498 5121 5499 5124 5499 5125 5499 5123 5500 5126 5500 5124 5500 5127 5501 5128 5501 5124 5501 5129 5502 5127 5502 5126 5502 5130 5503 5127 5503 5131 5503 5131 5504 5129 5504 5132 5504 5131 5505 5133 5505 5134 5505 5132 5506 5135 5506 5133 5506 5136 5507 5137 5507 5133 5507 5138 5508 5136 5508 5135 5508 5139 5509 5136 5509 5140 5509 5140 5510 5138 5510 5141 5510 5142 5511 5143 5511 5144 5511 5141 5512 5145 5512 5146 5512 5147 5513 5140 5513 5146 5513 5148 5514 5149 5514 5145 5514 5146 5515 5149 5515 5150 5515 5151 5516 5142 5516 5152 5516 5152 5517 5153 5517 5154 5517 5155 5518 5156 5518 5157 5518 5158 5519 730 5519 5099 5519 5153 5520 5159 5520 5154 5520 5160 5521 5096 5521 5161 5521 5162 5522 5161 5522 5163 5522 5162 5523 5164 5523 5165 5523 5144 5524 5166 5524 5149 5524 5165 5525 696 5525 5162 5525 696 5526 5165 5526 728 5526 5167 5527 5168 5527 5169 5527 5148 5528 5170 5528 5144 5528 5171 5529 5172 5529 5075 5529 5173 5530 5074 5530 5174 5530 5169 5531 5175 5531 5176 5531 5177 5532 5178 5532 5167 5532 5177 5533 5179 5533 5180 5533 5181 5534 576 5534 415 5534 5093 5535 5090 5535 5092 5535 774 5536 775 5536 5097 5536 774 5537 5097 5537 5182 5537 5087 5538 5091 5538 5089 5538 5092 5539 5183 5539 5093 5539 5102 5540 5184 5540 5185 5540 5183 5541 5092 5541 5084 5541 5084 5542 5087 5542 5083 5542 5186 5543 5184 5543 5101 5543 5085 5544 5100 5544 5102 5544 5086 5545 5082 5545 5083 5545 5107 5546 5187 5546 5105 5546 5102 5547 5185 5547 5085 5547 5101 5548 5184 5548 5102 5548 5107 5549 659 5549 660 5549 5104 5550 5106 5550 5105 5550 5105 5551 5187 5551 5186 5551 659 5552 5107 5552 5108 5552 5097 5553 5093 5553 5183 5553 772 5554 774 5554 5182 5554 772 5555 5182 5555 5188 5555 5084 5556 5092 5556 5087 5556 5183 5557 5189 5557 5097 5557 5185 5558 5190 5558 5191 5558 5189 5559 5183 5559 5081 5559 5081 5560 5084 5560 5079 5560 5192 5561 5190 5561 5184 5561 5082 5562 5085 5562 5185 5562 5080 5563 5079 5563 5083 5563 5187 5564 5193 5564 5186 5564 5191 5565 5082 5565 5185 5565 5184 5566 5190 5566 5185 5566 5107 5567 660 5567 5187 5567 5101 5568 5105 5568 5186 5568 5193 5569 5192 5569 5186 5569 658 5570 5187 5570 660 5570 5182 5571 5097 5571 5189 5571 769 5572 772 5572 5188 5572 769 5573 5188 5573 5194 5573 5081 5574 5183 5574 5084 5574 5189 5575 5195 5575 5182 5575 5196 5576 5197 5576 5191 5576 5195 5577 5189 5577 5078 5577 5078 5578 5081 5578 5076 5578 5196 5579 5190 5579 5198 5579 5080 5580 5082 5580 5191 5580 5079 5581 5077 5581 5076 5581 5193 5582 5199 5582 5192 5582 5191 5583 5197 5583 5080 5583 5196 5584 5191 5584 5190 5584 5187 5585 658 5585 5193 5585 5184 5586 5186 5586 5192 5586 5199 5587 5198 5587 5192 5587 642 5588 5193 5588 658 5588 5188 5589 5182 5589 5195 5589 768 5590 769 5590 5194 5590 768 5591 5194 5591 5200 5591 5078 5592 5189 5592 5081 5592 5195 5593 5201 5593 5188 5593 5197 5594 5202 5594 5203 5594 5201 5595 5195 5595 5111 5595 5111 5596 5078 5596 5072 5596 5204 5597 5202 5597 5196 5597 5077 5598 5080 5598 5197 5598 5076 5599 5070 5599 5072 5599 5198 5600 5199 5600 5205 5600 5197 5601 5203 5601 5077 5601 5202 5602 5197 5602 5196 5602 5193 5603 642 5603 5199 5603 5190 5604 5192 5604 5198 5604 5198 5600 5205 5600 5204 5600 643 5605 5199 5605 642 5605 5194 5606 5188 5606 5201 5606 763 5607 768 5607 5200 5607 763 5608 5200 5608 5206 5608 5111 5609 5195 5609 5078 5609 5201 5610 5207 5610 5194 5610 5203 5611 5208 5611 5209 5611 5207 5612 5201 5612 5114 5612 5114 5613 5111 5613 5110 5613 5210 5614 5208 5614 5202 5614 5070 5615 5077 5615 5203 5615 5072 5616 5071 5616 5110 5616 5211 5617 5204 5617 5205 5617 5203 5618 5209 5618 5070 5618 5202 5619 5208 5619 5203 5619 657 5620 5205 5620 643 5620 5196 5621 5198 5621 5204 5621 5204 5622 5211 5622 5210 5622 643 5623 5205 5623 5199 5623 5200 5624 5194 5624 5207 5624 764 5625 763 5625 5206 5625 764 5626 5206 5626 5212 5626 5114 5627 5201 5627 5111 5627 5207 5628 5213 5628 5200 5628 5209 5629 5214 5629 5215 5629 5213 5630 5207 5630 5117 5630 5117 5631 5114 5631 5113 5631 5216 5632 5214 5632 5208 5632 5071 5633 5070 5633 5209 5633 5110 5634 5109 5634 5113 5634 5211 5635 5217 5635 5210 5635 5209 5636 5215 5636 5071 5636 5208 5637 5214 5637 5209 5637 5205 5638 657 5638 5211 5638 5202 5639 5204 5639 5210 5639 5210 5640 5217 5640 5216 5640 545 5641 5211 5641 657 5641 5206 5642 5200 5642 5213 5642 765 5643 764 5643 5212 5643 765 5644 5212 5644 5218 5644 5117 5645 5207 5645 5114 5645 5213 5646 5219 5646 5206 5646 5215 5647 5220 5647 5221 5647 5219 5648 5213 5648 5120 5648 5120 5649 5117 5649 5115 5649 5222 5650 5220 5650 5214 5650 5109 5651 5071 5651 5215 5651 5113 5652 5112 5652 5115 5652 5217 5653 5223 5653 5216 5653 5215 5654 5221 5654 5109 5654 5214 5655 5220 5655 5215 5655 5217 5656 5211 5656 545 5656 5208 5657 5210 5657 5216 5657 5216 5658 5223 5658 5222 5658 547 5659 5217 5659 545 5659 5212 5660 5206 5660 5219 5660 758 5661 765 5661 5218 5661 758 5662 5218 5662 5224 5662 5120 5663 5213 5663 5117 5663 5219 5664 5225 5664 5212 5664 5221 5665 5226 5665 5227 5665 5225 5666 5219 5666 5122 5666 5122 5667 5120 5667 5119 5667 5228 5668 5226 5668 5220 5668 5112 5669 5109 5669 5221 5669 5116 5670 5119 5670 5115 5670 5223 5671 5229 5671 5222 5671 5221 5672 5227 5672 5112 5672 5226 5673 5221 5673 5220 5673 5223 5674 5217 5674 547 5674 5214 5675 5216 5675 5222 5675 5222 5676 5229 5676 5228 5676 560 5677 5223 5677 547 5677 5218 5678 5212 5678 5225 5678 760 5679 758 5679 5224 5679 760 5680 5224 5680 5230 5680 5122 5681 5219 5681 5120 5681 5218 5682 5225 5682 5231 5682 5232 5683 5233 5683 5227 5683 5231 5684 5225 5684 5125 5684 5125 5685 5122 5685 5121 5685 5234 5686 5232 5686 5226 5686 5116 5687 5112 5687 5227 5687 5118 5688 5121 5688 5119 5688 5228 5689 5229 5689 5235 5689 5227 5690 5233 5690 5116 5690 5232 5691 5227 5691 5226 5691 5229 5692 5223 5692 560 5692 5220 5693 5222 5693 5228 5693 5228 5694 5235 5694 5234 5694 563 5695 5229 5695 560 5695 5224 5696 5218 5696 5231 5696 761 5697 760 5697 5230 5697 761 5698 5230 5698 5236 5698 5125 5699 5225 5699 5122 5699 5224 5700 5231 5700 5237 5700 5238 5701 5239 5701 5233 5701 5237 5702 5231 5702 5128 5702 5128 5703 5125 5703 5124 5703 5240 5704 5238 5704 5232 5704 5118 5705 5116 5705 5233 5705 5121 5706 5123 5706 5124 5706 5241 5707 5234 5707 5235 5707 5239 5708 5118 5708 5233 5708 5232 5709 5238 5709 5233 5709 562 5710 5235 5710 563 5710 5226 5711 5228 5711 5234 5711 5234 5712 5241 5712 5240 5712 563 5713 5235 5713 5229 5713 5230 5714 5224 5714 5237 5714 750 5715 761 5715 5236 5715 750 5716 5236 5716 5242 5716 5128 5717 5231 5717 5125 5717 5230 5718 5237 5718 5243 5718 5239 5719 5244 5719 5245 5719 5243 5720 5237 5720 5130 5720 5130 5721 5128 5721 5127 5721 5244 5722 5238 5722 5246 5722 5123 5723 5118 5723 5239 5723 5126 5724 5127 5724 5124 5724 5247 5725 5240 5725 5241 5725 5239 5726 5245 5726 5123 5726 5244 5727 5239 5727 5238 5727 5235 5728 562 5728 5241 5728 5232 5729 5234 5729 5240 5729 5240 5730 5247 5730 5246 5730 567 5731 5241 5731 562 5731 5236 5732 5230 5732 5243 5732 755 5733 750 5733 5242 5733 755 5734 5242 5734 5248 5734 5130 5735 5237 5735 5128 5735 5236 5736 5243 5736 5249 5736 5250 5737 5251 5737 5245 5737 5249 5738 5243 5738 5134 5738 5134 5739 5130 5739 5131 5739 5252 5740 5250 5740 5244 5740 5126 5741 5123 5741 5245 5741 5127 5742 5129 5742 5131 5742 5253 5743 5246 5743 5247 5743 5251 5744 5126 5744 5245 5744 5244 5745 5250 5745 5245 5745 571 5746 5247 5746 567 5746 5238 5747 5240 5747 5246 5747 5246 5748 5253 5748 5252 5748 567 5749 5247 5749 5241 5749 5242 5750 5236 5750 5249 5750 753 5751 755 5751 5248 5751 753 5752 5248 5752 5254 5752 5134 5753 5243 5753 5130 5753 5242 5754 5249 5754 5255 5754 5251 5755 5256 5755 5257 5755 5255 5756 5249 5756 5137 5756 5137 5757 5134 5757 5133 5757 5256 5758 5250 5758 5258 5758 5129 5759 5126 5759 5251 5759 5132 5760 5133 5760 5131 5760 5259 5761 5252 5761 5253 5761 5251 5762 5257 5762 5129 5762 5256 5763 5251 5763 5250 5763 5247 5764 571 5764 5253 5764 5244 5765 5246 5765 5252 5765 5252 5766 5259 5766 5258 5766 570 5767 5253 5767 571 5767 5248 5768 5242 5768 5255 5768 747 5769 753 5769 5254 5769 747 5770 5254 5770 5260 5770 5137 5771 5249 5771 5134 5771 5248 5772 5255 5772 5261 5772 5262 5773 5263 5773 5257 5773 5261 5774 5255 5774 5139 5774 5139 5775 5137 5775 5136 5775 5264 5776 5262 5776 5256 5776 5132 5777 5129 5777 5257 5777 5133 5778 5135 5778 5136 5778 5265 5779 5258 5779 5259 5779 5263 5780 5132 5780 5257 5780 5256 5781 5262 5781 5257 5781 626 5782 5259 5782 570 5782 5250 5783 5252 5783 5258 5783 5258 5784 5265 5784 5264 5784 570 5785 5259 5785 5253 5785 5254 5786 5248 5786 5261 5786 742 5787 747 5787 5260 5787 742 5788 5260 5788 5266 5788 5139 5789 5255 5789 5137 5789 5254 5790 5261 5790 5267 5790 5263 5791 5268 5791 5269 5791 5267 5792 5261 5792 5147 5792 5147 5793 5139 5793 5140 5793 5268 5794 5262 5794 5270 5794 5135 5795 5132 5795 5263 5795 5136 5796 5138 5796 5140 5796 5271 5797 5264 5797 5265 5797 5269 5798 5135 5798 5263 5798 5262 5799 5268 5799 5263 5799 5259 5800 626 5800 5265 5800 5256 5801 5258 5801 5264 5801 5264 5802 5271 5802 5270 5802 573 5803 5265 5803 626 5803 5260 5804 5254 5804 5267 5804 743 5805 742 5805 5266 5805 743 5806 5266 5806 5272 5806 5147 5807 5261 5807 5139 5807 5260 5808 5267 5808 5273 5808 5269 5809 5274 5809 5275 5809 5273 5810 5267 5810 5150 5810 5150 5811 5147 5811 5146 5811 5274 5812 5268 5812 5276 5812 5138 5813 5135 5813 5269 5813 5140 5814 5141 5814 5146 5814 5271 5815 5277 5815 5270 5815 5269 5816 5275 5816 5138 5816 5268 5817 5274 5817 5269 5817 572 5818 5271 5818 573 5818 5262 5819 5264 5819 5270 5819 5270 5820 5277 5820 5276 5820 573 5821 5271 5821 5265 5821 5266 5822 5260 5822 5273 5822 745 5823 743 5823 5272 5823 745 5824 5272 5824 5278 5824 5150 5825 5267 5825 5147 5825 5266 5826 5273 5826 5279 5826 5275 5827 5280 5827 5281 5827 5279 5828 5273 5828 5166 5828 5166 5829 5150 5829 5149 5829 5282 5830 5280 5830 5274 5830 5141 5831 5138 5831 5275 5831 5145 5832 5149 5832 5146 5832 5277 5833 5283 5833 5276 5833 5275 5834 5281 5834 5141 5834 5274 5835 5280 5835 5275 5835 5271 5836 572 5836 5277 5836 5268 5837 5270 5837 5276 5837 5276 5838 5283 5838 5282 5838 639 5839 5277 5839 572 5839 5272 5840 5266 5840 5279 5840 737 5841 745 5841 5278 5841 737 5842 5278 5842 5284 5842 5166 5843 5273 5843 5150 5843 5272 5844 5279 5844 5285 5844 5286 5845 5287 5845 5281 5845 5285 5846 5279 5846 5143 5846 5144 5847 5143 5847 5166 5847 5288 5848 5286 5848 5280 5848 5145 5849 5141 5849 5281 5849 5149 5850 5148 5850 5144 5850 5283 5851 5289 5851 5282 5851 5287 5852 5145 5852 5281 5852 5280 5853 5286 5853 5281 5853 5283 5854 5277 5854 639 5854 5274 5855 5276 5855 5282 5855 5282 5856 5289 5856 5288 5856 627 5857 5283 5857 639 5857 5278 5858 5272 5858 5285 5858 735 5859 737 5859 5284 5859 735 5860 5284 5860 5290 5860 5143 5861 5279 5861 5166 5861 5278 5862 5285 5862 5291 5862 5287 5863 5292 5863 5171 5863 5285 5864 5151 5864 5291 5864 5142 5865 5151 5865 5143 5865 5292 5866 5286 5866 5293 5866 5148 5867 5145 5867 5287 5867 5144 5868 5170 5868 5142 5868 5294 5869 5288 5869 5289 5869 5287 5870 5171 5870 5148 5870 5292 5871 5287 5871 5286 5871 5289 5872 5283 5872 627 5872 5280 5873 5282 5873 5288 5873 5288 5874 5294 5874 5293 5874 650 5875 5289 5875 627 5875 5284 5876 5278 5876 5291 5876 740 5877 735 5877 5290 5877 740 5878 5290 5878 5098 5878 5151 5879 5285 5879 5143 5879 5295 5880 5284 5880 5291 5880 5173 5881 5142 5881 5170 5881 5291 5882 5154 5882 5295 5882 5154 5883 5151 5883 5152 5883 5296 5884 5172 5884 5292 5884 5170 5885 5148 5885 5171 5885 5142 5886 5173 5886 5152 5886 5297 5887 5293 5887 5294 5887 5171 5888 5075 5888 5170 5888 5292 5889 5172 5889 5171 5889 581 5890 5294 5890 650 5890 5286 5891 5288 5891 5293 5891 5293 5892 5297 5892 5296 5892 650 5893 5294 5893 5289 5893 5290 5894 5284 5894 5295 5894 729 5895 740 5895 5098 5895 732 5896 5158 5896 5160 5896 5154 5897 5291 5897 5151 5897 5295 5898 5298 5898 5290 5898 5152 5899 5174 5899 5153 5899 5159 5900 5295 5900 5154 5900 5074 5901 5180 5901 5299 5901 5300 5902 5073 5902 5172 5902 5173 5903 5170 5903 5075 5903 5152 5904 5173 5904 5174 5904 5297 5905 5301 5905 5296 5905 5075 5906 5074 5906 5173 5906 5172 5907 5073 5907 5075 5907 5294 5908 581 5908 5297 5908 5292 5909 5293 5909 5296 5909 5296 5910 5301 5910 5300 5910 630 5911 5297 5911 581 5911 5098 5912 5290 5912 5298 5912 730 5913 729 5913 5099 5913 5155 5914 5159 5914 5302 5914 5298 5915 5295 5915 5159 5915 5098 5916 5298 5916 5303 5916 5302 5917 5153 5917 5304 5917 5155 5918 5298 5918 5159 5918 5304 5919 5174 5919 5299 5919 5153 5920 5302 5920 5159 5920 5305 5921 5180 5921 5073 5921 5174 5922 5304 5922 5153 5922 5306 5923 5300 5923 5301 5923 5074 5924 5299 5924 5174 5924 5073 5925 5180 5925 5074 5925 5301 5926 5297 5926 630 5926 5172 5927 5296 5927 5300 5927 5300 5928 5306 5928 5305 5928 631 5929 5301 5929 630 5929 5099 5930 5098 5930 5303 5930 732 5931 730 5931 5158 5931 5307 5932 5156 5932 5302 5932 5303 5933 5298 5933 5155 5933 5308 5934 5099 5934 5303 5934 5309 5935 5307 5935 5304 5935 5157 5936 5303 5936 5155 5936 5179 5937 5309 5937 5299 5937 5156 5938 5155 5938 5302 5938 5310 5939 5176 5939 5175 5939 5307 5940 5302 5940 5304 5940 5306 5941 5178 5941 5305 5941 5304 5942 5299 5942 5309 5942 5180 5943 5179 5943 5299 5943 640 5944 5306 5944 631 5944 5073 5945 5300 5945 5305 5945 5305 5946 5178 5946 5177 5946 631 5947 5306 5947 5301 5947 5158 5948 5099 5948 5308 5948 725 5949 732 5949 5160 5949 5157 5950 5311 5950 5312 5950 5308 5951 5303 5951 5157 5951 5158 5952 5308 5952 5313 5952 5156 5953 5314 5953 5311 5953 5308 5954 5157 5954 5312 5954 5307 5955 5315 5955 5314 5955 5157 5956 5156 5956 5311 5956 5309 5957 5176 5957 5315 5957 5156 5958 5307 5958 5314 5958 5179 5959 5169 5959 5176 5959 5309 5960 5315 5960 5307 5960 5179 5961 5176 5961 5309 5961 5306 5962 640 5962 5178 5962 5180 5963 5305 5963 5177 5963 5177 5964 5167 5964 5169 5964 641 5965 5178 5965 640 5965 5160 5966 5158 5966 5313 5966 726 5967 725 5967 5161 5967 5094 5968 5313 5968 5312 5968 5313 5969 5308 5969 5312 5969 5313 5970 5094 5970 5096 5970 5316 5971 5312 5971 5311 5971 5312 5972 5316 5972 5094 5972 5317 5973 5311 5973 5314 5973 5311 5974 5317 5974 5316 5974 5318 5975 5314 5975 5315 5975 5314 5976 5318 5976 5317 5976 5310 5977 5315 5977 5176 5977 5315 5978 5310 5978 5318 5978 5175 5979 5168 5979 5181 5979 5167 5980 5178 5980 641 5980 5179 5981 5177 5981 5169 5981 5169 5982 5168 5982 5175 5982 575 5983 5167 5983 641 5983 725 5984 5160 5984 5161 5984 726 5985 5162 5985 696 5985 5316 5986 5319 5986 5094 5986 5160 5987 5313 5987 5096 5987 5096 5988 5095 5988 5163 5988 5317 5989 5320 5989 5316 5989 5094 5990 5319 5990 5095 5990 5318 5991 5321 5991 5317 5991 5316 5992 5320 5992 5319 5992 5310 5993 5322 5993 5318 5993 5317 5994 5321 5994 5320 5994 5175 5995 5323 5995 5310 5995 5318 5996 5322 5996 5321 5996 5324 5997 5181 5997 415 5997 5322 5998 5310 5998 5323 5998 5168 5999 5167 5999 575 5999 5175 6000 5181 6000 5323 6000 576 6001 5168 6001 575 6001 726 6002 5161 6002 5162 6002 5161 6003 5096 6003 5163 6003 5164 6004 5163 6004 5325 6004 5162 6005 5163 6005 5164 6005 5325 6006 5095 6006 5326 6006 5163 6007 5095 6007 5325 6007 5326 6008 5319 6008 5327 6008 5095 6009 5319 6009 5326 6009 5327 6010 5320 6010 5328 6010 5319 6011 5320 6011 5327 6011 5328 6012 5321 6012 5329 6012 5320 6013 5321 6013 5328 6013 5329 6014 5322 6014 5330 6014 5321 6015 5322 6015 5329 6015 5330 6016 5323 6016 5324 6016 5322 6017 5323 6017 5330 6017 5324 6018 5323 6018 5181 6018 576 6019 5181 6019 5168 6019 5331 6020 5332 6020 5333 6020 5100 6021 5334 6021 5335 6021 720 6022 723 6022 5336 6022 724 6023 728 6023 5165 6023 5337 6024 5338 6024 5339 6024 5340 6025 723 6025 724 6025 5341 6026 5342 6026 5343 6026 5344 6027 5345 6027 5342 6027 5346 6028 5347 6028 5338 6028 5346 6029 5348 6029 5349 6029 5350 6030 5351 6030 5352 6030 5353 6031 5354 6031 5352 6031 5355 6032 5353 6032 5356 6032 5343 6033 5357 6033 5358 6033 5359 6034 5357 6034 5360 6034 5332 6035 5361 6035 5362 6035 5363 6036 5364 6036 482 6036 5365 6037 5330 6037 5324 6037 5366 6038 5367 6038 5365 6038 5324 6039 415 6039 5366 6039 5341 6040 5368 6040 5344 6040 5369 6041 5341 6041 5370 6041 5371 6042 5368 6042 5369 6042 5372 6043 5369 6043 5373 6043 5371 6044 5372 6044 5374 6044 5375 6045 5376 6045 5372 6045 5376 6046 5377 6046 5374 6046 5378 6047 5376 6047 5379 6047 5380 6048 5377 6048 5378 6048 5378 6049 5381 6049 5382 6049 5383 6050 5382 6050 5384 6050 5385 6051 5386 6051 5383 6051 5380 6052 5382 6052 5387 6052 5388 6053 5386 6053 5389 6053 5383 6054 5390 6054 5387 6054 5388 6055 5391 6055 5392 6055 5393 6056 5390 6056 5386 6056 5394 6057 5334 6057 5392 6057 5393 6058 5388 6058 5395 6058 5396 6059 5089 6059 5091 6059 5392 6060 5397 6060 5395 6060 5090 6061 5398 6061 5091 6061 5088 6062 5334 6062 5100 6062 5091 6063 5398 6063 5396 6063 5397 6064 5089 6064 5396 6064 5399 6065 5090 6065 712 6065 5397 6066 5334 6066 5088 6066 5100 6067 5335 6067 5103 6067 5342 6068 5400 6068 5357 6068 5104 6069 5103 6069 5401 6069 5335 6070 5401 6070 5103 6070 5401 6071 5402 6071 5104 6071 5403 6072 5404 6072 5405 6072 5406 6073 5106 6073 5402 6073 5104 6074 5402 6074 5106 6074 5406 6075 420 6075 5108 6075 5108 6076 5106 6076 5406 6076 420 6077 469 6077 5108 6077 420 6078 5406 6078 470 6078 5407 6079 423 6079 478 6079 5408 6080 470 6080 5406 6080 5408 6081 5409 6081 471 6081 5408 6082 5402 6082 5410 6082 5411 6083 5335 6083 5394 6083 5401 6084 5411 6084 5410 6084 5412 6085 5396 6085 5398 6085 5401 6086 5335 6086 5411 6086 5394 6087 5335 6087 5334 6087 5398 6088 5399 6088 5413 6088 5088 6089 5089 6089 5397 6089 5392 6090 5334 6090 5397 6090 693 6091 5399 6091 712 6091 5395 6092 5396 6092 5412 6092 5090 6093 5399 6093 5398 6093 5398 6094 5413 6094 5412 6094 693 6095 5414 6095 5399 6095 5406 6096 5402 6096 5408 6096 470 6097 5408 6097 471 6097 5409 6098 5415 6098 472 6098 5402 6099 5401 6099 5410 6099 5409 6100 5410 6100 5416 6100 5417 6101 5394 6101 5391 6101 5411 6102 5417 6102 5416 6102 5418 6103 5412 6103 5413 6103 5411 6104 5394 6104 5417 6104 5391 6105 5394 6105 5392 6105 5413 6106 5414 6106 5419 6106 5397 6107 5396 6107 5395 6107 5395 6108 5388 6108 5392 6108 693 6109 692 6109 5414 6109 5393 6110 5412 6110 5418 6110 5399 6111 5414 6111 5413 6111 5413 6112 5419 6112 5418 6112 692 6113 5420 6113 5414 6113 5408 6114 5410 6114 5409 6114 471 6115 5409 6115 472 6115 5415 6116 5421 6116 473 6116 5410 6117 5411 6117 5416 6117 5415 6118 5416 6118 5422 6118 5423 6119 5391 6119 5389 6119 5417 6120 5423 6120 5422 6120 5419 6121 5424 6121 5418 6121 5417 6122 5391 6122 5423 6122 5389 6123 5391 6123 5388 6123 5419 6124 5420 6124 5425 6124 5395 6125 5412 6125 5393 6125 5393 6126 5386 6126 5388 6126 692 6127 708 6127 5420 6127 5390 6128 5418 6128 5424 6128 5414 6129 5420 6129 5419 6129 5419 6130 5425 6130 5424 6130 708 6131 5426 6131 5420 6131 5409 6132 5416 6132 5415 6132 472 6133 5415 6133 473 6133 5421 6134 5427 6134 474 6134 5416 6135 5417 6135 5422 6135 5421 6136 5422 6136 5428 6136 5429 6137 5389 6137 5385 6137 5423 6138 5429 6138 5428 6138 5425 6139 5430 6139 5424 6139 5423 6140 5389 6140 5429 6140 5385 6141 5389 6141 5386 6141 5431 6142 5425 6142 5426 6142 5393 6143 5418 6143 5390 6143 5383 6144 5386 6144 5390 6144 708 6145 703 6145 5426 6145 5387 6146 5424 6146 5430 6146 5420 6147 5426 6147 5425 6147 5425 6148 5431 6148 5430 6148 703 6149 5432 6149 5426 6149 5415 6150 5422 6150 5421 6150 473 6151 5421 6151 474 6151 5427 6152 5433 6152 475 6152 5422 6153 5423 6153 5428 6153 5427 6154 5428 6154 5434 6154 5435 6155 5385 6155 5384 6155 5429 6156 5435 6156 5434 6156 5436 6157 5430 6157 5431 6157 5429 6158 5385 6158 5435 6158 5385 6159 5383 6159 5384 6159 5431 6160 5432 6160 5437 6160 5390 6161 5424 6161 5387 6161 5387 6162 5382 6162 5383 6162 5432 6163 5431 6163 5426 6163 5380 6164 5430 6164 5436 6164 5436 6165 5431 6165 5437 6165 707 6166 5438 6166 5432 6166 5432 6167 703 6167 707 6167 5421 6168 5428 6168 5427 6168 474 6169 5427 6169 475 6169 5433 6170 5439 6170 476 6170 5428 6171 5429 6171 5434 6171 5433 6172 5434 6172 5440 6172 5384 6173 5381 6173 5441 6173 5435 6174 5441 6174 5440 6174 5437 6175 5442 6175 5436 6175 5384 6176 5441 6176 5435 6176 5384 6177 5382 6177 5381 6177 5438 6178 5443 6178 5437 6178 5387 6179 5430 6179 5380 6179 5380 6180 5378 6180 5382 6180 707 6181 706 6181 5438 6181 5377 6182 5436 6182 5442 6182 5432 6183 5438 6183 5437 6183 5437 6184 5443 6184 5442 6184 706 6185 5444 6185 5438 6185 5427 6186 5434 6186 5433 6186 475 6187 5433 6187 476 6187 5439 6188 5445 6188 477 6188 5434 6189 5435 6189 5440 6189 5439 6190 5440 6190 5405 6190 5381 6191 5379 6191 5403 6191 5441 6192 5403 6192 5405 6192 5443 6193 5446 6193 5442 6193 5381 6194 5403 6194 5441 6194 5381 6195 5378 6195 5379 6195 5447 6196 5443 6196 5444 6196 5380 6197 5436 6197 5377 6197 5376 6198 5378 6198 5377 6198 5444 6199 5443 6199 5438 6199 5442 6200 5446 6200 5374 6200 5446 6201 5443 6201 5447 6201 701 6202 5448 6202 5444 6202 5444 6203 706 6203 701 6203 5433 6204 5440 6204 5439 6204 476 6205 5439 6205 477 6205 478 6206 5445 6206 5407 6206 5440 6207 5441 6207 5405 6207 5445 6208 5405 6208 5404 6208 5379 6209 5375 6209 5449 6209 5449 6210 5404 6210 5403 6210 5450 6211 5446 6211 5447 6211 5379 6212 5449 6212 5403 6212 5379 6213 5376 6213 5375 6213 5447 6214 5448 6214 5451 6214 5377 6215 5442 6215 5374 6215 5374 6216 5372 6216 5376 6216 5447 6217 5451 6217 5450 6217 5371 6218 5446 6218 5450 6218 5448 6219 697 6219 5452 6219 701 6220 697 6220 5448 6220 5444 6221 5448 6221 5447 6221 5439 6222 5405 6222 5445 6222 477 6223 5445 6223 478 6223 423 6224 5407 6224 5453 6224 5449 6225 5454 6225 5404 6225 5404 6226 5454 6226 5407 6226 5375 6227 5373 6227 5455 6227 5455 6228 5454 6228 5449 6228 5451 6229 5456 6229 5450 6229 5449 6230 5375 6230 5455 6230 5375 6231 5372 6231 5373 6231 5457 6232 5451 6232 5452 6232 5374 6233 5446 6233 5371 6233 5369 6234 5372 6234 5371 6234 699 6235 5452 6235 697 6235 5456 6236 5368 6236 5450 6236 5448 6237 5452 6237 5451 6237 5451 6238 5457 6238 5456 6238 699 6239 5458 6239 5452 6239 5407 6240 5445 6240 5404 6240 424 6241 423 6241 5453 6241 424 6242 5453 6242 5459 6242 5455 6243 5460 6243 5454 6243 5454 6244 5460 6244 5453 6244 5373 6245 5370 6245 5461 6245 5461 6246 5460 6246 5455 6246 5462 6247 5456 6247 5457 6247 5373 6248 5461 6248 5455 6248 5373 6249 5369 6249 5370 6249 5458 6250 5463 6250 5457 6250 5371 6251 5450 6251 5368 6251 5368 6252 5341 6252 5369 6252 699 6253 700 6253 5458 6253 5462 6254 5344 6254 5456 6254 5452 6255 5458 6255 5457 6255 5457 6256 5463 6256 5462 6256 700 6257 5464 6257 5458 6257 5407 6258 5454 6258 5453 6258 479 6259 424 6259 5459 6259 479 6260 5459 6260 5465 6260 5461 6261 5466 6261 5460 6261 5460 6262 5466 6262 5459 6262 5370 6263 5343 6263 5467 6263 5467 6264 5466 6264 5461 6264 5463 6265 5356 6265 5462 6265 5467 6266 5461 6266 5370 6266 5343 6267 5370 6267 5341 6267 5464 6268 5355 6268 5463 6268 5368 6269 5456 6269 5344 6269 5344 6270 5342 6270 5341 6270 5464 6271 5463 6271 5458 6271 5345 6272 5462 6272 5356 6272 5356 6273 5463 6273 5355 6273 709 6274 5468 6274 5464 6274 5464 6275 700 6275 709 6275 5453 6276 5460 6276 5459 6276 480 6277 479 6277 5465 6277 480 6278 5465 6278 5469 6278 5467 6279 5470 6279 5466 6279 5466 6280 5470 6280 5465 6280 5359 6281 5360 6281 5362 6281 5470 6282 5467 6282 5358 6282 5400 6283 5345 6283 5471 6283 5358 6284 5467 6284 5343 6284 5343 6285 5342 6285 5357 6285 5354 6286 5355 6286 5468 6286 5344 6287 5462 6287 5345 6287 5345 6288 5400 6288 5342 6288 5355 6289 5354 6289 5353 6289 5471 6290 5356 6290 5353 6290 5468 6291 711 6291 5472 6291 709 6292 711 6292 5468 6292 5464 6293 5468 6293 5355 6293 5459 6294 5466 6294 5465 6294 481 6295 480 6295 5469 6295 481 6296 5469 6296 5473 6296 5358 6297 5474 6297 5470 6297 5474 6298 5469 6298 5470 6298 5333 6299 5360 6299 5400 6299 5359 6300 5474 6300 5358 6300 5333 6301 5471 6301 5475 6301 5358 6302 5357 6302 5359 6302 5357 6303 5400 6303 5360 6303 5350 6304 5354 6304 5472 6304 5345 6305 5356 6305 5471 6305 5471 6306 5333 6306 5400 6306 713 6307 5472 6307 711 6307 5475 6308 5353 6308 5352 6308 5468 6309 5472 6309 5354 6309 5350 6310 5352 6310 5354 6310 713 6311 5476 6311 5472 6311 5465 6312 5470 6312 5469 6312 483 6313 481 6313 5473 6313 483 6314 5473 6314 5363 6314 5359 6315 5477 6315 5474 6315 5473 6316 5474 6316 5477 6316 5333 6317 5332 6317 5360 6317 5477 6318 5359 6318 5362 6318 5475 6319 5331 6319 5333 6319 5362 6320 5360 6320 5332 6320 5478 6321 5475 6321 5352 6321 5350 6322 5476 6322 5348 6322 5471 6323 5353 6323 5475 6323 5331 6324 5475 6324 5478 6324 717 6325 5476 6325 713 6325 5351 6326 5478 6326 5352 6326 5472 6327 5476 6327 5350 6327 5350 6328 5348 6328 5351 6328 717 6329 5349 6329 5476 6329 5469 6330 5474 6330 5473 6330 482 6331 483 6331 5363 6331 5479 6332 485 6332 5364 6332 5480 6333 5332 6333 5331 6333 5481 6334 5363 6334 5477 6334 5482 6335 5331 6335 5478 6335 5481 6336 5362 6336 5361 6336 5483 6337 5478 6337 5351 6337 5361 6338 5332 6338 5480 6338 5484 6339 5336 6339 5339 6339 5480 6340 5331 6340 5482 6340 5348 6341 5485 6341 5351 6341 5483 6342 5482 6342 5478 6342 717 6343 719 6343 5349 6343 5485 6344 5483 6344 5351 6344 5476 6345 5349 6345 5348 6345 5348 6346 5346 6346 5485 6346 719 6347 5347 6347 5349 6347 5473 6348 5477 6348 5363 6348 485 6349 482 6349 5364 6349 5480 6350 5486 6350 5361 6350 5477 6351 5362 6351 5481 6351 5481 6352 5487 6352 5364 6352 5482 6353 5488 6353 5480 6353 5361 6354 5486 6354 5487 6354 5483 6355 5489 6355 5482 6355 5480 6356 5488 6356 5486 6356 5485 6357 5490 6357 5483 6357 5482 6358 5489 6358 5488 6358 5346 6359 5491 6359 5485 6359 5489 6360 5483 6360 5490 6360 5347 6361 5346 6361 5349 6361 5491 6362 5490 6362 5485 6362 5491 6363 5346 6363 5338 6363 721 6364 5484 6364 5347 6364 5347 6365 719 6365 721 6365 5363 6366 5481 6366 5364 6366 5479 6367 484 6367 485 6367 5488 6368 5492 6368 5486 6368 5481 6369 5361 6369 5487 6369 5487 6370 5367 6370 5479 6370 5489 6371 5493 6371 5488 6371 5486 6372 5492 6372 5367 6372 5490 6373 5494 6373 5489 6373 5488 6374 5493 6374 5492 6374 5491 6375 5495 6375 5490 6375 5489 6376 5494 6376 5493 6376 5338 6377 5337 6377 5491 6377 5490 6378 5495 6378 5494 6378 5484 6379 5339 6379 5338 6379 5495 6380 5491 6380 5337 6380 5484 6381 720 6381 5336 6381 721 6382 720 6382 5484 6382 5347 6383 5484 6383 5338 6383 5364 6384 5487 6384 5479 6384 415 6385 484 6385 5366 6385 5365 6386 5492 6386 5496 6386 5487 6387 5486 6387 5367 6387 5365 6388 5367 6388 5492 6388 5496 6389 5493 6389 5497 6389 5496 6390 5492 6390 5493 6390 5497 6391 5494 6391 5498 6391 5497 6392 5493 6392 5494 6392 5498 6393 5495 6393 5499 6393 5498 6394 5494 6394 5495 6394 5499 6395 5337 6395 5500 6395 5499 6396 5495 6396 5337 6396 5500 6397 5339 6397 5501 6397 5500 6398 5337 6398 5339 6398 5340 6399 5501 6399 5336 6399 5336 6400 5501 6400 5339 6400 723 6401 5340 6401 5336 6401 5479 6402 5366 6402 484 6402 5367 6403 5366 6403 5479 6403 5496 6404 5329 6404 5330 6404 5324 6405 5366 6405 5365 6405 5497 6406 5328 6406 5329 6406 5330 6407 5365 6407 5496 6407 5498 6408 5327 6408 5328 6408 5329 6409 5496 6409 5497 6409 5499 6410 5326 6410 5327 6410 5328 6411 5497 6411 5498 6411 5500 6412 5325 6412 5326 6412 5327 6413 5498 6413 5499 6413 5501 6414 5164 6414 5325 6414 5326 6415 5499 6415 5500 6415 5340 6416 5165 6416 5164 6416 5325 6417 5500 6417 5501 6417 5164 6418 5501 6418 5340 6418 724 6419 5165 6419 5340 6419 1263 6420 1028 6420 1268 6420 1025 6421 1269 6421 1027 6421 1020 6422 1274 6422 1022 6422 1023 6423 1273 6423 1266 6423 1018 6424 1019 6424 1281 6424 1270 6425 1017 6425 1280 6425 1285 6426 1024 6426 1026 6426 1287 6427 1277 6427 1021 6427 1031 6428 1292 6428 1015 6428 1016 6429 1291 6429 1284 6429 1049 6430 1033 6430 1299 6430 1288 6431 1030 6431 1298 6431 1303 6432 1047 6432 1035 6432 1305 6433 1295 6433 1032 6433 1038 6434 1310 6434 1044 6434 1034 6435 1309 6435 1302 6435 1042 6436 1040 6436 1317 6436 1306 6437 1037 6437 1316 6437 1041 6438 1043 6438 1318 6438 1318 6439 1313 6439 1041 6439 1045 6440 1319 6440 1043 6440 1318 6441 1043 6441 1319 6441 1321 6442 1045 6442 1039 6442 1045 6443 1321 6443 1319 6443 1039 6444 1046 6444 1324 6444 1324 6445 1321 6445 1039 6445 1048 6446 1325 6446 1046 6446 1324 6447 1046 6447 1325 6447 1327 6448 1048 6448 1036 6448 1048 6449 1327 6449 1325 6449 1036 6450 1050 6450 1330 6450 1330 6451 1327 6451 1036 6451 1029 6452 1331 6452 1050 6452 1330 6453 1050 6453 1331 6453 1333 6454 1029 6454 1051 6454 1029 6455 1333 6455 1331 6455 1263 6456 1333 6456 1051 6456 1313 6457 1040 6457 1041 6457 1316 6458 1042 6458 1317 6458 1317 6459 1040 6459 1313 6459 1038 6437 1037 6437 1306 6437 1037 6460 1042 6460 1316 6460 1044 6461 1310 6461 1309 6461 1038 6462 1306 6462 1310 6462 1034 6463 1302 6463 1035 6463 1044 6464 1309 6464 1034 6464 1303 6465 1305 6465 1047 6465 1302 6466 1303 6466 1035 6466 1295 6433 1033 6433 1032 6433 1305 6467 1032 6467 1047 6467 1298 6468 1049 6468 1299 6468 1299 6469 1033 6469 1295 6469 1031 6470 1030 6470 1288 6470 1030 6471 1049 6471 1298 6471 1015 6472 1292 6472 1291 6472 1031 6473 1288 6473 1292 6473 1016 6474 1284 6474 1026 6474 1015 6475 1291 6475 1016 6475 1285 6476 1287 6476 1024 6476 1284 6477 1285 6477 1026 6477 1277 6478 1019 6478 1021 6478 1287 6479 1021 6479 1024 6479 1280 6480 1018 6480 1281 6480 1281 6481 1019 6481 1277 6481 1020 6482 1017 6482 1270 6482 1017 6483 1018 6483 1280 6483 1022 6484 1274 6484 1273 6484 1020 6485 1270 6485 1274 6485 1023 6486 1266 6486 1025 6486 1022 6487 1273 6487 1023 6487 1269 6488 1268 6488 1027 6488 1266 6489 1269 6489 1025 6489 1263 6490 1051 6490 1028 6490 1268 6491 1028 6491 1027 6491 1411 6492 791 6492 1416 6492 788 6493 1417 6493 790 6493 783 6494 1422 6494 785 6494 786 6495 1421 6495 1414 6495 781 6496 782 6496 1429 6496 1418 6497 780 6497 1428 6497 1433 6498 787 6498 789 6498 1435 6499 1425 6499 784 6499 794 6500 1440 6500 778 6500 779 6501 1439 6501 1432 6501 812 6502 796 6502 1447 6502 1436 6503 793 6503 1446 6503 1451 6504 810 6504 798 6504 1453 6505 1443 6505 795 6505 801 6506 1458 6506 807 6506 797 6507 1457 6507 1450 6507 805 6508 803 6508 1465 6508 1454 6509 800 6509 1464 6509 804 6510 806 6510 1466 6510 1466 6511 1461 6511 804 6511 808 6512 1467 6512 806 6512 1466 6513 806 6513 1467 6513 1469 6514 808 6514 802 6514 808 6515 1469 6515 1467 6515 802 6516 809 6516 1472 6516 1472 6517 1469 6517 802 6517 811 6518 1473 6518 809 6518 1472 6519 809 6519 1473 6519 1475 6520 811 6520 799 6520 811 6521 1475 6521 1473 6521 799 6522 813 6522 1478 6522 1478 6523 1475 6523 799 6523 792 6524 1479 6524 813 6524 1478 6525 813 6525 1479 6525 1481 6526 792 6526 814 6526 792 6527 1481 6527 1479 6527 1411 6528 1481 6528 814 6528 1461 6529 803 6529 804 6529 1464 6530 805 6530 1465 6530 1465 6531 803 6531 1461 6531 801 6532 800 6532 1454 6532 800 6533 805 6533 1464 6533 807 6534 1458 6534 1457 6534 801 6535 1454 6535 1458 6535 797 6463 1450 6463 798 6463 807 6536 1457 6536 797 6536 1451 6537 1453 6537 810 6537 1450 6538 1451 6538 798 6538 1443 6505 796 6505 795 6505 1453 6539 795 6539 810 6539 1446 6540 812 6540 1447 6540 1447 6541 796 6541 1443 6541 794 6542 793 6542 1436 6542 793 6471 812 6471 1446 6471 778 6543 1440 6543 1439 6543 794 6544 1436 6544 1440 6544 779 6545 1432 6545 789 6545 778 6546 1439 6546 779 6546 1433 6547 1435 6547 787 6547 1432 6548 1433 6548 789 6548 1425 6549 782 6549 784 6549 1435 6479 784 6479 787 6479 1428 6550 781 6550 1429 6550 1429 6551 782 6551 1425 6551 783 6552 780 6552 1418 6552 780 6553 781 6553 1428 6553 785 6554 1422 6554 1421 6554 783 6555 1418 6555 1422 6555 786 6556 1414 6556 788 6556 785 6557 1421 6557 786 6557 1417 6558 1416 6558 790 6558 1414 6559 1417 6559 788 6559 1411 6560 814 6560 791 6560 1416 6561 791 6561 790 6561 1337 6492 915 6492 1342 6492 912 6562 1343 6562 914 6562 907 6563 1348 6563 909 6563 910 6564 1347 6564 1340 6564 905 6565 906 6565 1355 6565 1344 6566 904 6566 1354 6566 1359 6567 911 6567 913 6567 1361 6568 1351 6568 908 6568 918 6500 1366 6500 902 6500 903 6569 1365 6569 1358 6569 936 6570 920 6570 1373 6570 1362 6503 917 6503 1372 6503 1377 6571 934 6571 922 6571 1379 6505 1369 6505 919 6505 925 6506 1384 6506 931 6506 921 6507 1383 6507 1376 6507 929 6572 927 6572 1391 6572 1380 6573 924 6573 1390 6573 928 6574 930 6574 1392 6574 1392 6575 1387 6575 928 6575 932 6576 1393 6576 930 6576 1392 6577 930 6577 1393 6577 1395 6514 932 6514 926 6514 932 6578 1395 6578 1393 6578 926 6579 933 6579 1398 6579 1398 6580 1395 6580 926 6580 935 6581 1399 6581 933 6581 1398 6582 933 6582 1399 6582 1401 6520 935 6520 923 6520 935 6583 1401 6583 1399 6583 923 6584 937 6584 1404 6584 1404 6585 1401 6585 923 6585 916 6586 1405 6586 937 6586 1404 6587 937 6587 1405 6587 1407 6526 916 6526 938 6526 916 6527 1407 6527 1405 6527 1337 6528 1407 6528 938 6528 1387 6588 927 6588 928 6588 1390 6589 929 6589 1391 6589 1391 6590 927 6590 1387 6590 925 6532 924 6532 1380 6532 924 6591 929 6591 1390 6591 931 6534 1384 6534 1383 6534 925 6535 1380 6535 1384 6535 921 6463 1376 6463 922 6463 931 6536 1383 6536 921 6536 1377 6592 1379 6592 934 6592 1376 6593 1377 6593 922 6593 1369 6505 920 6505 919 6505 1379 6594 919 6594 934 6594 1372 6595 936 6595 1373 6595 1373 6596 920 6596 1369 6596 918 6542 917 6542 1362 6542 917 6597 936 6597 1372 6597 902 6543 1366 6543 1365 6543 918 6544 1362 6544 1366 6544 903 6598 1358 6598 913 6598 902 6546 1365 6546 903 6546 1359 6599 1361 6599 911 6599 1358 6600 1359 6600 913 6600 1351 6601 906 6601 908 6601 1361 6602 908 6602 911 6602 1354 6603 905 6603 1355 6603 1355 6604 906 6604 1351 6604 907 6605 904 6605 1344 6605 904 6606 905 6606 1354 6606 909 6607 1348 6607 1347 6607 907 6608 1344 6608 1348 6608 910 6609 1340 6609 912 6609 909 6610 1347 6610 910 6610 1343 6611 1342 6611 914 6611 1340 6612 1343 6612 912 6612 1337 6560 938 6560 915 6560 1342 6613 915 6613 914 6613 1189 6420 1141 6420 1194 6420 1138 6614 1195 6614 1140 6614 1133 6615 1200 6615 1135 6615 1136 6616 1199 6616 1192 6616 1131 6617 1132 6617 1207 6617 1196 6618 1130 6618 1206 6618 1211 6619 1137 6619 1139 6619 1213 6620 1203 6620 1134 6620 1144 6428 1218 6428 1128 6428 1129 6621 1217 6621 1210 6621 1162 6622 1146 6622 1225 6622 1214 6431 1143 6431 1224 6431 1229 6623 1160 6623 1148 6623 1231 6433 1221 6433 1145 6433 1151 6434 1236 6434 1157 6434 1147 6435 1235 6435 1228 6435 1155 6624 1153 6624 1243 6624 1232 6625 1150 6625 1242 6625 1154 6626 1156 6626 1244 6626 1244 6627 1239 6627 1154 6627 1158 6628 1245 6628 1156 6628 1244 6629 1156 6629 1245 6629 1247 6442 1158 6442 1152 6442 1158 6630 1247 6630 1245 6630 1152 6631 1159 6631 1250 6631 1250 6632 1247 6632 1152 6632 1161 6633 1251 6633 1159 6633 1250 6634 1159 6634 1251 6634 1253 6448 1161 6448 1149 6448 1161 6635 1253 6635 1251 6635 1149 6636 1163 6636 1256 6636 1256 6637 1253 6637 1149 6637 1142 6638 1257 6638 1163 6638 1256 6639 1163 6639 1257 6639 1259 6454 1142 6454 1164 6454 1142 6455 1259 6455 1257 6455 1189 6456 1259 6456 1164 6456 1239 6640 1153 6640 1154 6640 1242 6641 1155 6641 1243 6641 1243 6642 1153 6642 1239 6642 1151 6437 1150 6437 1232 6437 1150 6643 1155 6643 1242 6643 1157 6461 1236 6461 1235 6461 1151 6462 1232 6462 1236 6462 1147 6463 1228 6463 1148 6463 1157 6464 1235 6464 1147 6464 1229 6644 1231 6644 1160 6644 1228 6645 1229 6645 1148 6645 1221 6433 1146 6433 1145 6433 1231 6646 1145 6646 1160 6646 1224 6647 1162 6647 1225 6647 1225 6648 1146 6648 1221 6648 1144 6470 1143 6470 1214 6470 1143 6597 1162 6597 1224 6597 1128 6472 1218 6472 1217 6472 1144 6473 1214 6473 1218 6473 1129 6621 1210 6621 1139 6621 1128 6475 1217 6475 1129 6475 1211 6649 1213 6649 1137 6649 1210 6650 1211 6650 1139 6650 1203 6651 1132 6651 1134 6651 1213 6602 1134 6602 1137 6602 1206 6652 1131 6652 1207 6652 1207 6653 1132 6653 1203 6653 1133 6654 1130 6654 1196 6654 1130 6655 1131 6655 1206 6655 1135 6656 1200 6656 1199 6656 1133 6657 1196 6657 1200 6657 1136 6658 1192 6658 1138 6658 1135 6659 1199 6659 1136 6659 1195 6660 1194 6660 1140 6660 1192 6661 1195 6661 1138 6661 1189 6490 1164 6490 1141 6490 1194 6662 1141 6662 1140 6662</p>
        </triangles>
      </mesh>
    </geometry>
  </library_geometries>
  <library_visual_scenes>
    <visual_scene id="DefaultScene">
      <node id="node_8e689a92_b9b6_453f_9cb0_35c40ed3c4b4" type="NODE">
        <matrix>1 0 0 0 0 1 0 0 0 0 1 0 0 0 0 1</matrix>
        <node id="node_8a80615a_cb83_4518_9b3b_4e8580101a16" type="NODE">
          <matrix>1 0 0 0 0 1 0 0 0 0 1 0 0 0 0 1</matrix>
          <node id="node_8a80615a_cb83_4518_9b3b_4e8580101a16_mesh0" type="NODE">
            <matrix>1 0 0 0 0 1 0 0 0 0 1 0 0 0 0 1</matrix>
            <instance_geometry url="#geometry_da4466e7_9e8e_47be_b68d_e906ce637174">
              <bind_material>
                <technique_common>
                  <instance_material symbol="mat_0" target="#mat_0"/>
                </technique_common>
              </bind_material>
            </instance_geometry>
          </node>
        </node>
      </node>
    </visual_scene>
  </library_visual_scenes>
  <scene>
    <instance_visual_scene url="#DefaultScene"/>
  </scene>
</COLLADA>
