<?xml version="1.0" encoding="UTF-8"?>
<COLLADA xmlns="http://www.collada.org/2005/11/COLLADASchema" version="1.4.1">
<!--
# File generated by ImageToStl.com - Free Image and 3D model conversion tools
-->
  <asset>
    <contributor>
      <author>ImageToStl.com</author>
      <authoring_tool>ImageToStl.com</authoring_tool>
    </contributor>
    <created>2026-05-09T04:22:51</created>
    <modified>2026-05-09T04:22:51</modified>
    <up_axis>Z_UP</up_axis>
  </asset>
  <library_effects>
    <effect id="effect_0">
        <profile_COMMON>
          <technique sid="common">
            <phong>
              <diffuse>
                <color>0.85 0.85 0.85 1</color>
              </diffuse>
              <specular>
                <color>0.05 0.05 0.05 1</color>
              </specular>
              <shininess>
                <float>64</float>
              </shininess>
            </phong>
          </technique>
        </profile_COMMON>
    </effect>
  </library_effects>
  <library_materials>
    <material id="mat_0">
      <instance_effect url="#effect_0"/>
    </material>
  </library_materials>
  <library_geometries>
    <geometry id="geometry_ce1c3878_3e54_4ad7_b7c0_2ec952ebec53">
      <mesh>
        <source id="pos_0">
          <float_array id="pos_0-array" count="3300">44.5 3 -37.74358749 44.5 0 -37.74358749 44.5 0 -74.75 44.5 29.20000076 -74.75 44.5 0 73.25 44.5 0 37.74358749 44.5 3 37.74358749 44.5 29.20000076 73.25 -44.5 3 37.74358749 -44.5 0 37.74358749 -44.5 0 73.25 -44.5 29.20000076 73.25 -44.5 0 -74.75 -44.5 0 -37.74358749 -44.5 3 -37.74358749 -44.5 29.20000076 -74.75 -43 28.20000076 70.75 -43 0 70.75 -43 0 -73.25 -43 28.20000076 -73.25 -44 29.20000076 -75.25 44 29.20000076 -75.25 44 0 -75.25 -44 0 -75.25 32.59201813 0.21798696 73.75 32.88196564 0.09788696 73.75 33.5 -0 73.75 33.18712997 0.02462332 73.75 32.32442856 0.38196602 73.75 32.08578491 0.58578646 73.75 31.88196564 0.82442951 73.75 31.71798706 1.09201896 73.75 44 0 73.75 31.59788704 1.38196599 73.75 31.5 2 73.75 31.52462387 1.68713105 73.75 -44 29.20000076 73.75 -36.5 20.70000076 73.75 -36.47537613 21.01286888 73.75 31.5 20.70000076 73.75 31.47537613 21.01286888 73.75 44 29.20000076 73.75 31.28201294 21.60798073 73.75 31.40211296 21.31803322 73.75 30.91421318 22.11421394 73.75 31.11803436 21.8755703 73.75 30.40798187 22.4820137 73.75 30.67557144 22.31803322 73.75 29.81286812 22.67537689 73.75 30.11803436 22.60211372 73.75 29.5 22.70000076 73.75 -34.5 22.70000076 73.75 -35.11803436 22.60211372 73.75 -34.81287003 22.67537689 73.75 -35.67557144 22.31803322 73.75 -35.40798187 22.4820137 73.75 -36.11803436 21.8755703 73.75 -35.91421509 22.11421394 73.75 -36.40211487 21.31803322 73.75 -36.28201294 21.60798073 73.75 -44 0 73.75 -36.5 2 73.75 -36.59788513 1.38196599 73.75 -36.52462387 1.68713105 73.75 -36.88196564 0.82442951 73.75 -36.71798706 1.09201896 73.75 -37.88196564 0.09788696 73.75 -37.59201813 0.21798696 73.75 -38.5 0 73.75 -37.08578491 0.58578646 73.75 -37.32442856 0.38196602 73.75 -38.18712997 0.02462332 73.75 44 29.70000076 -74.75 -44 29.70000076 73.25 44 29.70000076 73.25 -44 29.70000076 -74.75 44.15450668 0 -75.2255249 44.22699356 0 -75.19550323 -42.99384308 0 70.82821655 -42.97552872 0 70.9045105 -44.47552872 0 73.4045105 -44.44550323 0 73.47699738 -44.35355377 0 73.60355377 -44.40450668 0 73.54389191 -44.49384308 0 73.32821655 -44.07821655 0 73.74384308 -44.22699356 0 73.69550323 -44.29389191 0 73.6545105 -42.94550323 0 70.97699738 -42.90450668 0 71.04389191 -44.47552872 0 -74.9045105 -44.44550323 0 -74.97699738 -52.22025681 0 -26.86504936 -52.1319046 0 -27.1984787 -52.25 0 -26.52140045 -44.49384308 0 -74.82821655 -42.5 0 71.25 -38.5 0 71.25 -42.97552872 0 -73.4045105 -42.94550323 0 -73.47699738 -44.40450668 0 -75.04389191 -44.35355377 0 -75.10355377 -42.90450668 0 -73.54389191 -42.79389191 0 -73.6545105 -42.85355377 0 -73.60355377 -42.65450668 0 -73.7255249 -42.72699356 0 -73.69550323 -42.5 0 -73.75 -42.57821655 0 -73.74384308 44.07821655 0 -75.24384308 42.90450668 0 71.04389191 42.85355377 0 71.10355377 44.29389191 0 -75.1545105 44.35355377 0 -75.10355377 44.44550323 0 -74.97699738 44.47552872 0 -74.9045105 44.40450668 0 -75.04389191 44.49384308 0 -74.82821655 43 0 -73.25 42.99384308 0 -73.32821655 42.97552872 0 -73.4045105 51.98757553 0 27.51176643 51.79156494 0 27.79559708 52.25 0 26.52140045 44.40450668 0 73.54389191 44.35355377 0 73.60355377 44.44550323 0 73.47699738 44.47552872 0 73.4045105 44.15450668 0 73.7255249 44.22699356 0 73.69550323 44.49384308 0 73.32821655 42.79389191 0 71.1545105 42.72699356 0 71.19550323 42.5 0 71.25 42.57821655 0 71.24384308 42.65450668 0 71.2255249 33.5 0 71.25 44.29389191 0 73.6545105 44.07821655 0 73.74384308 42.94550323 0 70.97699738 42.97552872 0 70.9045105 42.99384308 0 70.82821655 43 0 70.75 46.12203217 0 19.45159912 47.57665253 0 30.52804756 45.88214874 0 19.36684227 45.03366852 0 -18.31601906 44.85829163 0 -35.09134674 45.10816574 0 -18.55928421 45.1606102 0 -17.32469368 45.29400253 0 -17.10804939 45.22270584 0 17.21353912 51.79156494 0 -27.79559708 51.98757553 0 -27.51176643 52.25 0 -26.52140045 52.1319046 0 -27.1984787 49.73742676 0 -28.95053864 50.95833206 0 -28.39176369 51.26917267 0 -28.24223709 51.54969788 0 -28.04152489 51.26917267 0 28.24223709 50.95833206 0 28.39176369 48.60242844 0 -29.66781998 46.75350189 0 -19.47842407 46.5 0 -19.5 52.22025681 0 26.86504936 52.1319046 0 27.1984787 51.54969788 0 28.04152489 49.73742676 0 28.95053864 46.99971008 0 -19.41431618 47.96633148 0 17.68398094 47.89183426 0 17.44071579 52.22025681 0 -26.86504936 47.93424988 0 -17.56076622 47.98785019 0 -17.80947304 47.8393898 0 -17.32469368 46.24649811 0 -19.47842407 47.57382965 0 -30.53062248 47.11785126 0 -16.63315773 47.33996201 0 -16.75723457 47.23154068 0 16.69047928 45.37399292 0 -18.99101257 46.67016983 0 -31.52332306 45.55767059 0 -19.16705322 46.62720871 0 -16.50540352 46.5 0 16.5 46.37279129 0 -16.50540352 47.44232941 0 16.83294678 44.59014893 0 -36.40391541 45.10816574 0 17.44071579 45.06575012 0 -17.56076622 45.0013504 0 -18.06366158 45.0013504 0 17.93633842 45.01214981 0 -17.80947304 45.03366852 0 17.68398094 42.94550323 0 -73.47699738 42.90450668 0 -73.54389191 42.85355377 0 -73.60355377 42.79389191 0 -73.6545105 42.65450668 0 -73.7255249 42.72699356 0 -73.69550323 42.57821655 0 -73.74384308 42.5 0 -73.75 -44.29389191 0 -75.1545105 -44.22699356 0 -75.19550323 -44.15450668 0 -75.2255249 -44.07821655 0 -75.24384308 -49.73742676 0 28.95053864 -50.95833206 0 28.39176369 -52.25 0 26.52140045 -42.99384308 0 -73.32821655 -48.60490036 0 -29.66616821 -47.57665253 0 -30.52804756 -46.5 0 -19.5 -51.79156494 0 27.79559708 -51.98757553 0 27.51176643 -52.1319046 0 27.1984787 -51.26917267 0 28.24223709 -51.54969788 0 28.04152489 -51.26917267 0 -28.24223709 -50.95833206 0 -28.39176369 -45.90771103 0 32.62794495 -46.67016983 0 31.52332306 -45.46209335 0 19.08293343 -51.98757553 0 -27.51176643 -51.79156494 0 -27.79559708 -51.54969788 0 -28.04152489 -49.73742676 0 -28.95053864 -47.70599747 0 18.89195061 -47.8393898 0 18.67530632 -47.89183426 0 -18.55928421 -47.77729416 0 -18.78646088 -52.22025681 0 26.86504936 -45.88214874 0 19.36684227 -45.66003799 0 19.24276543 -45.29400253 0 18.89195061 -45.1606102 0 18.67530632 -45.30013275 0 33.82449722 -45.29400253 0 -17.10804939 -45.22270584 0 17.21353912 -45.37399292 0 17.00898743 -44.85829163 0 35.09134674 -45.01214981 0 18.19052696 -44.59014893 0 36.40391541 -46.99971008 0 -19.41431618 -47.23154068 0 -19.30952072 -45.0013504 0 17.93633842 -45.1606102 0 -17.32469368 -45.10816574 0 17.44071579 -45.06575012 0 -17.56076622 -45.03366852 0 17.68398094 -45.76845932 0 -19.30952072 -46.67284012 0 -31.52002144 -45.37399292 0 -18.99101257 -45.55767059 0 -19.16705322 -44.15450668 0 73.7255249 -42.85355377 0 71.10355377 -42.79389191 0 71.1545105 -42.72699356 0 71.19550323 -42.65450668 0 71.2255249 -42.57821655 0 71.24384308 46.87796783 0 -16.54840088 46.99971008 0 16.58568382 46.75350189 0 16.52157593 45.30013275 0 -33.82449722 47.53790665 0 -16.91706657 47.70599747 0 -17.10804939 47.62600708 0 17.00898743 47.44232941 0 -19.16705322 47.23154068 0 -19.30952072 47.62600708 0 -18.99101257 47.89183426 0 -18.55928421 47.77729416 0 -18.78646088 47.9986496 0 -18.06366158 47.96633148 0 -18.31601906 46.12203217 0 -16.54840088 46.24649811 0 16.52157593 46.00028992 0 16.58568382 45.37399292 0 17.00898743 45.46209335 0 -16.91706657 45.55767059 0 16.83294678 45.66003799 0 -16.75723457 45.88214874 0 -16.63315773 45.76845932 0 16.69047928 47.9986496 0 17.93633842 47.98785019 0 18.19052696 46.87796783 0 19.45159912 48.60490036 0 29.66616821 46.37279129 0 19.49459648 46.67284012 0 31.52002144 45.46209335 0 19.08293343 45.66003799 0 19.24276543 45.90985489 0 32.62427902 45.01214981 0 18.19052696 45.06575012 0 18.43923378 44.8589592 0 35.08845139 45.30154419 0 33.82094574 45.90771103 0 -32.62794495 45.22270584 0 -18.78646088 45.76845932 0 -19.30952072 46.00028992 0 -19.41431618 47.53790665 0 19.08293343 47.33996201 0 19.24276543 47.8393898 0 18.67530632 47.93424988 0 18.43923378 47.70599747 0 18.89195061 47.77729416 0 17.21353912 47.11785126 0 19.36684227 46.62720871 0 19.49459648 45.1606102 0 18.67530632 45.29400253 0 18.89195061 44.59014893 0 36.40391541 -45.06575012 0 18.43923378 -46.37279129 0 19.49459648 -46.12203217 0 19.45159912 -47.57382965 0 30.53062248 -45.01214981 0 -17.80947304 -46.00028992 0 -19.41431618 -46.24649811 0 -19.47842407 -45.30154419 0 -33.82094574 -44.8589592 0 -35.08845139 -45.10816574 0 -18.55928421 -48.60242844 0 29.66781998 -46.62720871 0 19.49459648 -46.87796783 0 19.45159912 -47.33996201 0 19.24276543 -47.11785126 0 19.36684227 -47.53790665 0 19.08293343 -47.9986496 0 17.93633842 -47.96633148 0 17.68398094 -47.98785019 0 18.19052696 -47.93424988 0 18.43923378 -47.89183426 0 17.44071579 -47.93424988 0 -17.56076622 -47.8393898 0 -17.32469368 -46.62720871 0 -16.50540352 -46.37279129 0 -16.50540352 -46.5 0 16.5 -47.23154068 0 16.69047928 -47.33996201 0 -16.75723457 -47.11785126 0 -16.63315773 -45.76845932 0 16.69047928 -46.00028992 0 16.58568382 -45.88214874 0 -16.63315773 -46.24649811 0 16.52157593 -46.12203217 0 -16.54840088 -45.66003799 0 -16.75723457 -45.55767059 0 16.83294678 -45.46209335 0 -16.91706657 -45.0013504 0 -18.06366158 -45.22270584 0 -18.78646088 -45.90985489 0 -32.62427902 -45.03366852 0 -18.31601906 -44.59014893 0 -36.40391541 -46.75350189 0 16.52157593 -46.99971008 0 16.58568382 -46.87796783 0 -16.54840088 -47.44232941 0 16.83294678 -47.53790665 0 -16.91706657 -47.62600708 0 17.00898743 -47.77729416 0 17.21353912 -47.70599747 0 -17.10804939 -47.9986496 0 -18.06366158 -47.98785019 0 -17.80947304 -47.96633148 0 -18.31601906 -47.62600708 0 -18.99101257 -47.44232941 0 -19.16705322 -46.75350189 0 -19.47842407 43 28.20000076 -73.25 43 28.20000076 70.75 -42.5 28.20000076 -73.75 42.5 28.20000076 -73.75 42.97552872 28.20000076 -73.4045105 42.99384308 28.20000076 -73.32821655 -42.97552872 28.20000076 70.9045105 -42.99384308 28.20000076 70.82821655 42.94550323 28.20000076 -73.47699738 42.90450668 28.20000076 -73.54389191 42.85355377 28.20000076 -73.60355377 42.72699356 28.20000076 -73.69550323 42.79389191 28.20000076 -73.6545105 42.57821655 28.20000076 -73.74384308 42.65450668 28.20000076 -73.7255249 -42.94550323 28.20000076 -73.47699738 -42.97552872 28.20000076 -73.4045105 -42.99384308 28.20000076 -73.32821655 -42.90450668 28.20000076 -73.54389191 -42.85355377 28.20000076 -73.60355377 -42.79389191 28.20000076 -73.6545105 -42.72699356 28.20000076 -73.69550323 -42.65450668 28.20000076 -73.7255249 -42.57821655 28.20000076 -73.74384308 -42.65450668 28.20000076 71.2255249 -42.72699356 28.20000076 71.19550323 -42.94550323 28.20000076 70.97699738 -42.85355377 28.20000076 71.10355377 -42.79389191 28.20000076 71.1545105 -42.90450668 28.20000076 71.04389191 -42.57821655 28.20000076 71.24384308 -42.5 28.20000076 71.25 42.5 28.20000076 71.25 42.97552872 28.20000076 70.9045105 42.94550323 28.20000076 70.97699738 42.99384308 28.20000076 70.82821655 42.85355377 28.20000076 71.10355377 42.90450668 28.20000076 71.04389191 42.79389191 28.20000076 71.1545105 42.72699356 28.20000076 71.19550323 42.65450668 28.20000076 71.2255249 42.57821655 28.20000076 71.24384308 -36.5 2 71.25 -36.5 20.70000076 71.25 30.40798187 22.4820137 71.25 30.67557144 22.31803322 71.25 -36.47537613 21.01286888 71.25 -36.40211487 21.31803322 71.25 -36.28201294 21.60798073 71.25 -36.11803436 21.8755703 71.25 -35.91421509 22.11421394 71.25 -35.67557144 22.31803322 71.25 -35.40798187 22.4820137 71.25 -35.11803436 22.60211372 71.25 -34.81287003 22.67537689 71.25 -34.5 22.70000076 71.25 29.5 22.70000076 71.25 30.11803436 22.60211372 71.25 29.81286812 22.67537689 71.25 30.91421318 22.11421394 71.25 31.11803436 21.8755703 71.25 31.47537613 21.01286888 71.25 31.40211296 21.31803322 71.25 31.28201294 21.60798073 71.25 31.52462387 1.68713105 71.25 31.5 2 71.25 31.5 20.70000076 71.25 31.71798706 1.09201896 71.25 33.18712997 0.02462332 71.25 32.88196564 0.09788696 71.25 -37.88196564 0.09788696 71.25 -38.18712997 0.02462332 71.25 32.59201813 0.21798696 71.25 32.32442856 0.38196602 71.25 31.88196564 0.82442951 71.25 32.08578491 0.58578646 71.25 31.59788704 1.38196599 71.25 -37.59201813 0.21798696 71.25 -37.32442856 0.38196602 71.25 -37.08578491 0.58578646 71.25 -36.71798706 1.09201896 71.25 -36.88196564 0.82442951 71.25 -36.52462387 1.68713105 71.25 -36.59788513 1.38196599 71.25 -52.25 3 -26.52140045 -52.25 3 26.52140045 -52.1319046 3 27.1984787 -52.22025681 3 26.86504936 -45.0013504 3 17.93633842 -45.01214981 3 18.19052696 -44.59014893 3 36.40391541 -51.98757553 3 27.51176643 -51.79156494 3 27.79559708 -51.26917267 3 -28.24223709 -51.54969788 3 -28.04152489 -51.54969788 3 28.04152489 -51.26917267 3 28.24223709 -50.95833206 3 28.39176369 -50.95833206 3 -28.39176369 -47.53790665 3 19.08293343 -47.57665253 3 30.52804756 -47.33996201 3 19.24276543 -44.8589592 3 35.08845139 -47.11785126 3 19.36684227 -46.67284012 3 31.52002144 -46.87796783 3 19.45159912 -45.1606102 3 -17.32469368 -45.22270584 3 17.21353912 -45.10816574 3 17.44071579 -46.24649811 3 -19.47842407 -46.67016983 3 -31.52332306 -46.5 3 -19.5 -46.00028992 3 -19.41431618 -45.90771103 3 -32.62794495 -45.76845932 3 -19.30952072 -45.55767059 3 16.83294678 -45.66003799 3 -16.75723457 -45.76845932 3 16.69047928 -48.60490036 3 29.66616821 -47.98785019 3 18.19052696 -47.9986496 3 17.93633842 -45.66003799 3 19.24276543 -45.88214874 3 19.36684227 -45.90985489 3 32.62427902 -45.30154419 3 33.82094574 -45.06575012 3 18.43923378 -46.37279129 3 19.49459648 -46.62720871 3 19.49459648 -47.77729416 3 17.21353912 -47.8393898 3 -17.32469368 -47.89183426 3 17.44071579 -49.73742676 3 28.95053864 -51.79156494 3 -27.79559708 -52.1319046 3 -27.1984787 -51.98757553 3 -27.51176643 -52.22025681 3 -26.86504936 -45.88214874 3 -16.63315773 -46.00028992 3 16.58568382 -46.5 3 16.5 -46.24649811 3 16.52157593 -46.37279129 3 -16.50540352 -45.06575012 3 -17.56076622 -45.03366852 3 17.68398094 -46.12203217 3 19.45159912 -45.46209335 3 19.08293343 -45.01214981 3 -17.80947304 -45.1606102 3 18.67530632 -45.55767059 3 -19.16705322 -44.85829163 3 -35.09134674 -45.10816574 3 -18.55928421 -45.03366852 3 -18.31601906 -45.29400253 3 18.89195061 -47.44232941 3 16.83294678 -47.33996201 3 -16.75723457 -47.53790665 3 -16.91706657 -47.70599747 3 18.89195061 -47.8393898 3 18.67530632 -47.93424988 3 18.43923378 -47.96633148 3 17.68398094 -47.98785019 3 -17.80947304 -47.93424988 3 -17.56076622 -46.99971008 3 16.58568382 -47.11785126 3 -16.63315773 -47.23154068 3 16.69047928 -46.87796783 3 -16.54840088 -46.62720871 3 -16.50540352 -46.75350189 3 16.52157593 -48.60242844 3 -29.66781998 -49.73742676 3 -28.95053864 -47.9986496 3 -18.06366158 -46.12203217 3 -16.54840088 -47.23154068 3 -19.30952072 -47.57382965 3 -30.53062248 -47.44232941 3 -19.16705322 -45.46209335 3 -16.91706657 -45.37399292 3 17.00898743 -45.29400253 3 -17.10804939 -45.30013275 3 -33.82449722 -45.0013504 3 -18.06366158 -45.37399292 3 -18.99101257 -45.22270584 3 -18.78646088 -44.59014893 3 -36.40391541 -47.62600708 3 -18.99101257 -47.62600708 3 17.00898743 -47.70599747 3 -17.10804939 -47.77729416 3 -18.78646088 -47.89183426 3 -18.55928421 -47.96633148 3 -18.31601906 -46.99971008 3 -19.41431618 -46.75350189 3 -19.47842407 46.62720871 3 -16.50540352 46.37279129 3 -16.50540352 46.5 3 16.5 45.10816574 3 -18.55928421 45.30154419 3 -33.82094574 44.8589592 3 -35.08845139 50.95833206 3 -28.39176369 50.95833206 3 28.39176369 51.26917267 3 -28.24223709 51.54969788 3 -28.04152489 51.26917267 3 28.24223709 52.25 3 -26.52140045 52.22025681 3 -26.86504936 52.1319046 3 -27.1984787 51.54969788 3 28.04152489 52.25 3 26.52140045 51.98757553 3 27.51176643 52.1319046 3 27.1984787 52.22025681 3 26.86504936 51.79156494 3 27.79559708 51.98757553 3 -27.51176643 51.79156494 3 -27.79559708 47.96633148 3 -18.31601906 47.9986496 3 -18.06366158 48.60490036 3 -29.66616821 47.57665253 3 -30.52804756 46.99971008 3 -19.41431618 47.23154068 3 -19.30952072 47.44232941 3 -19.16705322 46.67284012 3 -31.52002144 46.75350189 3 -19.47842407 47.62600708 3 17.00898743 47.70599747 3 -17.10804939 47.53790665 3 -16.91706657 47.44232941 3 16.83294678 47.33996201 3 -16.75723457 46.5 3 -19.5 45.0013504 3 -18.06366158 45.03366852 3 -18.31601906 45.1606102 3 -17.32469368 45.10816574 3 17.44071579 45.22270584 3 17.21353912 46.87796783 3 19.45159912 46.62720871 3 19.49459648 46.67016983 3 31.52332306 45.46209335 3 -16.91706657 45.29400253 3 -17.10804939 45.37399292 3 17.00898743 45.0013504 3 17.93633842 45.03366852 3 17.68398094 45.01214981 3 -17.80947304 47.98785019 3 18.19052696 48.60242844 3 29.66781998 47.9986496 3 17.93633842 46.00028992 3 -19.41431618 46.24649811 3 -19.47842407 45.90985489 3 -32.62427902 47.11785126 3 -16.63315773 46.99971008 3 16.58568382 47.23154068 3 16.69047928 47.62600708 3 -18.99101257 47.77729416 3 -18.78646088 47.89183426 3 -18.55928421 49.73742676 3 -28.95053864 47.98785019 3 -17.80947304 47.96633148 3 17.68398094 46.75350189 3 16.52157593 46.87796783 3 -16.54840088 45.66003799 3 -16.75723457 45.76845932 3 16.69047928 45.88214874 3 -16.63315773 44.59014893 3 -36.40391541 46.37279129 3 19.49459648 46.12203217 3 19.45159912 45.06575012 3 -17.56076622 45.90771103 3 32.62794495 45.88214874 3 19.36684227 45.22270584 3 -18.78646088 45.66003799 3 19.24276543 45.46209335 3 19.08293343 45.01214981 3 18.19052696 44.85829163 3 35.09134674 45.06575012 3 18.43923378 45.30013275 3 33.82449722 45.37399292 3 -18.99101257 45.55767059 3 -19.16705322 45.76845932 3 -19.30952072 47.57382965 3 30.53062248 47.53790665 3 19.08293343 47.33996201 3 19.24276543 46.00028992 3 16.58568382 46.24649811 3 16.52157593 46.12203217 3 -16.54840088 47.11785126 3 19.36684227 49.73742676 3 28.95053864 47.77729416 3 17.21353912 47.70599747 3 18.89195061 47.89183426 3 17.44071579 47.8393898 3 -17.32469368 47.93424988 3 -17.56076622 47.93424988 3 18.43923378 47.8393898 3 18.67530632 45.29400253 3 18.89195061 45.1606102 3 18.67530632 44.59014893 3 36.40391541 45.55767059 3 16.83294678 44.49571609 29.20000076 73.31531525 44.43294525 29.20000076 73.50009918 44.46188736 29.20000076 73.44145203 44.48293304 29.20000076 73.37950134 44.35355377 29.20000076 73.60355377 44.30434036 29.20000076 73.64670563 44.3966217 29.20000076 73.55444336 44.19122696 29.20000076 73.71198273 44.24991608 29.20000076 73.68305969 44.12929153 29.20000076 73.73298645 44.06531525 29.20000076 73.74571228 -44.06531525 29.20000076 73.74571228 -44.25009918 29.20000076 73.68294525 -44.19145203 29.20000076 73.71188354 -44.12950134 29.20000076 73.73293304 -44.35355377 29.20000076 73.60355377 -44.39670944 29.20000076 73.55433655 -44.30443954 29.20000076 73.6466217 -44.46197891 29.20000076 73.44123077 -44.43305588 29.20000076 73.49991608 -44.48298645 29.20000076 73.37929535 -44.49571609 29.20000076 73.31531525 44.06033707 29.20000076 -75.24634552 44.17740631 29.20000076 -75.21746063 44.11977005 29.20000076 -75.23543549 44.33163834 29.20000076 -75.12418365 44.28407288 29.20000076 -75.16146088 44.41152954 29.19999886 -75.03396606 44.44273758 29.19999886 -74.98233795 44.37432861 29.20000076 -75.08146667 44.46753693 29.20000076 -74.92721558 44.48549271 29.20000076 -74.86953735 44.49634552 29.20000076 -74.81034088 44.23239899 29.19999886 -75.19270325 -44.49571609 29.20000076 -74.81531525 -44.43294525 29.20000076 -75.00009918 -44.46188736 29.20000076 -74.94145203 -44.48293304 29.20000076 -74.87950134 -44.35355377 29.20000076 -75.10355377 -44.30434036 29.20000076 -75.14670563 -44.3966217 29.20000076 -75.05444336 -44.19122696 29.20000076 -75.21198273 -44.24991608 29.20000076 -75.18305969 -44.12929153 29.20000076 -75.23298645 -44.06531525 29.20000076 -75.24571228 44.28302002 29.57295227 -74.92549896 44.29764938 29.59173203 -74.8391571 44.31874084 29.57241058 -74.84856415 44.30272675 29.59794044 -74.75 44.3350029 29.5711689 -74.75 44.49823761 29.24189758 -74.75 44.49319077 29.26758194 -74.79685974 44.36481476 29.54191589 -74.75 44.29335022 29.56265068 -74.93008423 44.25928879 29.54217529 -75.00629425 44.46756363 29.36815262 -74.80577087 44.42391968 29.45164871 -74.83344269 44.45560074 29.40514946 -74.76847839 44.36946106 29.51126862 -74.87887573 44.40892029 29.48171997 -74.80847931 44.48896408 29.23120308 -74.84970856 44.37971878 29.49071312 -74.89594269 44.33852768 29.55271339 -74.85484314 44.31205368 29.54220963 -74.93845367 44.35559845 29.53213501 -74.86504364 44.3033905 29.55265427 -74.93327332 44.38863754 29.51224709 -74.78823853 44.41055298 29.33659935 -75.00057983 44.37057877 29.41207123 -75.01018524 44.38047791 29.42295265 -74.98564148 44.38834 29.45287895 -74.93773651 44.43378067 29.372612 -74.92899323 44.38645554 29.43668747 -74.96125793 44.25134659 29.41755867 -75.12348938 44.27145004 29.47926331 -75.06356812 44.2755928 29.40810204 -75.1115799 44.39074326 29.32530975 -75.03569031 44.35703659 29.4043541 -75.03418732 44.23612213 29.34462547 -75.16632843 44.20034409 29.36285782 -75.17818451 44.1678772 29.29088402 -75.21212006 44.07661819 29.25017738 -75.241539 44 29.2436924 -75.24808502 44 29.2868824 -75.24238586 44.02544785 29.28910637 -75.24134064 44.36618042 29.31897545 -75.06899261 44.22689056 29.43002129 -75.1315918 44.33756638 29.31778145 -75.09953308 44.34024811 29.40002632 -75.05695343 44.29893112 29.40192604 -75.09621429 44.30573273 29.32175827 -75.12643433 44.27159119 29.33079338 -75.14891052 44.20293427 29.44513321 -75.13565063 44.16529465 29.3849659 -75.18412781 44.32468033 29.48680115 -74.99965668 44.32771301 29.4937706 -74.9872818 44.31908798 29.53162003 -74.94547272 44.15737915 29.64503479 -74.91484833 44.13914108 29.64245224 -74.93675232 44.09865189 29.67741394 -74.86109924 44.11309814 29.54329491 -75.09548187 44.18898773 29.54787445 -75.05539703 44.19512939 29.53732491 -75.06327057 44.20074463 29.63961792 -74.87821198 44.17811203 29.64408112 -74.89514923 44.1620903 29.66948891 -74.80750275 44.03249359 29.65114021 -74.96311188 44.04970169 29.66479301 -74.92747498 44.11215591 29.6270752 -74.98458099 44.24905777 29.62077522 -74.85448456 44.22462082 29.6317749 -74.86452484 44.1970253 29.6580143 -74.78748322 44.03700638 29.69568825 -74.80406952 44 29.69808197 -74.79369354 44.12392044 29.63640785 -74.96022034 44.18850708 29.59039307 -74.99911499 44.07196808 29.67363739 -74.8931427 44.19447708 29.59512901 -74.98675537 44.04073334 29.69832993 -74.75 44.10418701 29.61472321 -75.00913239 44.24558258 29.59277725 -74.93818665 44.27335358 29.60693741 -74.84838104 44.18255997 29.56774712 -75.03536224 44.18475723 29.5581131 -75.04600525 44.10043716 29.58245659 -75.05600739 44.25914764 29.48406219 -75.0696106 44.2123909 29.51651382 -75.07358551 44.22301865 29.50684929 -75.075737 44.15921783 29.48150063 -75.13132477 44.39214325 29.51019096 -74.75 44.41668701 29.47633934 -74.75 44.43832779 29.44055367 -74.75 44.45690536 29.40304947 -74.75 44.43321609 29.42289925 -74.86242676 44.38607025 29.47106171 -74.91575623 44.43653488 29.39629936 -74.89458466 44.10134125 29.43817139 -75.17778778 44.18015671 29.46245956 -75.13555908 44.47226715 29.36419868 -74.75 44.32429504 29.52118874 -74.95413208 44.4843483 29.32409096 -74.75 44.42503738 29.35251808 -74.96466827 44.32751846 29.51121712 -74.96418762 44.4930191 29.28326225 -74.75 44.47183228 29.33391953 -74.84716034 44.3286705 29.50198746 -74.9753418 44.46828842 29.30343437 -74.89144135 44.32069016 29.39920807 -75.07783508 44.45703506 29.27757645 -74.93734741 44.05157471 29.49816322 -75.14804077 44.12520218 29.52250862 -75.1109848 44.14072418 29.5017128 -75.12304688 44.43839645 29.25708961 -74.98355865 44.41290283 29.24256134 -75.02874756 44.31965637 29.48127747 -75.01211548 44.38129044 29.23441124 -75.0716095 44.31278229 29.47736168 -75.02429199 44.34447098 29.23287392 -75.11091614 44.30350494 29.23799133 -75.1455307 44.30426407 29.47516441 -75.0358429 44.25956345 29.24961853 -75.17446136 44.29433823 29.47475052 -75.04644012 44.28329468 29.47612953 -75.05577087 44.21391678 29.26741982 -75.1968689 44.13197327 29.41031456 -75.18399811 44.0338707 29.52857208 -75.12535858 44.24673462 29.49038696 -75.07372284 44.1227684 29.31933403 -75.21977234 44.0742836 29.46773911 -75.16568756 44.23457718 29.49805641 -75.07578278 44 29.3295002 -75.23293304 44.0798912 29.35195541 -75.21960449 44 29.37109947 -75.21980286 44.04047394 29.38780594 -75.21161652 44 29.41136932 -75.203125 44 29.45009804 -75.18294525 44.10476685 29.56347084 -75.07698059 44 29.58309174 -75.07130432 44.20300674 29.52677155 -75.06938934 44 29.48681641 -75.15955353 44 29.52148247 -75.13293457 44 29.60960579 -75.03673553 44.10024643 29.59970474 -75.03317261 44 29.55355263 -75.10355377 44.1844635 29.58412361 -75.01157379 44 29.63305664 -74.99991608 44 29.6531868 -74.96121216 44.18246078 29.57650185 -75.02377319 44 29.66986847 -74.92094421 44 29.68298531 -74.87929535 44.12898254 29.67601776 -74.83227539 44 29.69240952 -74.83679199 44.20220184 29.59819603 -74.97484589 44.07604218 29.69389153 -74.7669754 44.08093262 29.69340706 -74.75 44.2114563 29.59950638 -74.96372986 44.12086105 29.68516541 -74.75 44.15973282 29.67379951 -74.75 44.22198105 29.59902191 -74.95372772 44.19779968 29.65920258 -74.75 44.2334671 29.59675789 -74.94513702 44.23432159 29.64169502 -74.75 44.25798416 29.58719444 -74.93309784 44.26929474 29.62127304 -74.75 44.27031326 29.58017349 -74.93000031 -44 29.55355263 -75.10355377 -44 29.59096718 -75.06167603 -44 29.51182747 -75.14083862 -44 29.46610832 -75.17329407 -44 29.41698265 -75.20046234 -44 29.36520576 -75.22190857 -44 29.31137848 -75.23742676 -44 29.25606537 -75.24684143 -44 29.62342072 -75.01590729 -44 29.65050888 -74.96687317 -44 29.67195702 -74.91509247 -44 29.68748283 -74.86114502 -44 29.6968441 -74.80606842 44.39096451 29.51167679 73.25 44.35355377 29.55355263 73.25 44.31182861 29.59083748 73.25 44.26610947 29.62329674 73.25 44.2169838 29.65046501 73.25 44.16520691 29.67191124 73.25 44.11137772 29.68742752 73.25 44.05606461 29.6968441 73.25 44.42341995 29.46590614 73.25 44.45050812 29.41687202 73.25 44.47195435 29.36509705 73.25 44.48748398 29.3111496 73.25 44.49684525 29.25606537 73.25 -44.37680817 29.22924995 -75.07735443 -44.13711166 29.57619858 -75.04946136 -44.06959152 29.6186676 -75.01433563 -44.02779007 29.59334373 -75.05741882 -44.09540558 29.45756721 -75.1678009 -44.03551102 29.41914368 -75.19801331 -44.02225494 29.30937386 -75.23738098 -44.08716583 29.35194397 -75.2183075 -44.14909363 29.39167404 -75.18707275 -44.13616943 29.28012657 -75.22438049 -44.19825363 29.31995583 -75.19306183 -44.07109451 29.23744965 -75.24349976 -44.09070587 29.54808426 -75.09729004 -44.03881454 29.51563454 -75.13583374 -44.25574493 29.35590744 -75.15036011 -44.30715942 29.38705444 -75.09736633 -44.20644379 29.42753601 -75.14447021 -44.25772858 29.45860481 -75.09161377 -44.35116577 29.41259193 -75.0354538 -44.44950104 29.27023506 -74.95740509 -44.41706085 29.25260925 -75.02072906 -44.34725952 29.30982208 -75.09256744 -44.29727936 29.27954292 -75.14408112 -44.47328949 29.28166962 -74.88902283 -44.48781204 29.28662109 -74.81735229 -44.44979858 29.36553192 -74.89241028 -44.15086746 29.49225044 -75.12660217 -44.20046616 29.52229881 -75.0754776 -44.49384308 29.27821732 -74.75 -44.47552872 29.35450935 -74.75 -44.46523285 29.3707943 -74.8162384 -44.17683029 29.59924889 -74.99358368 -44.10537338 29.639431 -74.96400452 -44.03070831 29.66626167 -74.92792511 -44.13420868 29.65509796 -74.90771484 -44.0554924 29.67972755 -74.87954712 -44.20884323 29.61664009 -74.93109894 -44.08476257 29.69224739 -74.77254486 -44.15535355 29.66526222 -74.84693909 -44.07366943 29.68846321 -74.82730103 -44.24139023 29.24459267 -75.18559265 -44.24291992 29.54693413 -75.0157547 -44.27713394 29.56552315 -74.94897461 -44.39003754 29.33464622 -75.03237915 -44.3016243 29.48407936 -75.02986145 -44.38663101 29.43186188 -74.9662323 -44.42451477 29.3533783 -74.96508789 -44.3370018 29.50329971 -74.9608078 -44.41263962 29.44436455 -74.89147186 -44.36294556 29.51577187 -74.88623047 -44.30222321 29.57758331 -74.87685394 -44.23231506 29.62792397 -74.86361694 -44.4285202 29.4497776 -74.81311035 -44.37878418 29.52117157 -74.80806732 -44.31753922 29.58280563 -74.8012619 -44.24664688 29.63281059 -74.79289246 -44.16826248 29.66966438 -74.78322601 -44.44550323 29.42699432 -74.75 -44.40450668 29.49389267 -74.75 -44.35355377 29.55355263 -74.75 -44.29389191 29.60450935 -74.75 -44.22699356 29.645504 -74.75 -44.15450668 29.67552757 -74.75 -44.07821655 29.69384384 -74.75 44.37660217 29.49225044 73.40086365 44.39447403 29.42753601 73.45644379 44.43707275 29.39167404 73.39909363 44.13623047 29.51577187 73.61294556 44.12685394 29.57758331 73.55222321 44.0512619 29.58280563 73.56754303 44.21080399 29.50329971 73.58700562 44.21622849 29.43186188 73.63663483 44.28545761 29.41259193 73.60116577 44.32548141 29.52229881 73.45046234 44.24357986 29.59924889 73.42683411 44.26575851 29.54693413 73.49291992 44.27985764 29.48407936 73.55162811 44.34736633 29.38705444 73.55715942 44.14147186 29.44436455 73.66264343 44.44801331 29.41914368 73.28551483 44.4178009 29.45756721 73.34540558 44.46831131 29.35194397 73.33716583 44.44306564 29.31995583 73.44825745 44.47438049 29.28012657 73.38616943 44.49349976 29.23744965 73.32109833 44.4873848 29.30937386 73.27225494 44.19897461 29.56552315 73.52713013 44.18109512 29.61664009 73.45883942 44.09693527 29.66526222 73.40534973 44.11362076 29.62792397 73.48231506 44 29.60450935 73.54389191 44.04289627 29.63281059 73.4966507 44 29.49389267 73.6545105 44.05806732 29.52117157 73.62878418 44 29.55355263 73.60355377 44 29.645504 73.47699738 44.03322601 29.66966438 73.41825867 44 29.67552757 73.4045105 44.02254868 29.69224739 73.33476257 44.06311035 29.4497776 73.6785202 44 29.69384384 73.32821655 44 29.42699432 73.69550323 44.0662384 29.3707943 73.71523285 44.06735229 29.28662109 73.73780823 44 29.35450935 73.7255249 44 29.27821732 73.74384308 44.13902664 29.28166962 73.72328949 44.20740509 29.27023506 73.69950104 44.27072906 29.25260925 73.66706085 44.14241028 29.36553192 73.69979858 44.07730484 29.68846321 73.32366943 44.40035629 29.35590744 73.50574493 44.34161377 29.45860481 73.50772858 44.21508408 29.3533783 73.67451477 44.15771866 29.65509796 73.38420868 44.12954712 29.67972755 73.30549622 44.32735443 29.22924995 73.62680817 44.28238297 29.33464622 73.64003754 44.1779213 29.66626167 73.28070831 44.26433945 29.6186676 73.31958771 44.21400452 29.639431 73.35536957 44.34256363 29.30982208 73.59725952 44.29945755 29.57619858 73.38710785 44.3940773 29.27954292 73.54727936 44.34729004 29.54808426 73.34070587 44.30742264 29.59334373 73.27778625 44.43559265 29.24459267 73.49139404 44.38583374 29.51563454 73.28881836 -44.39083862 29.51182747 73.25 -44.42329788 29.46610832 73.25 -44.45046234 29.41698265 73.25 -44.47191238 29.36520576 73.25 -44.48742676 29.31137848 73.25 -44.49684525 29.25606537 73.25 -44.35355377 29.55355263 73.25 -44.31167603 29.59096718 73.25 -44.26590729 29.62342072 73.25 -44.21687317 29.65050888 73.25 -44.16509628 29.67195702 73.25 -44.11114883 29.68748283 73.25 -44.05606461 29.6968441 73.25 -44 29.55355263 73.60355377 -44 29.60450935 73.54389191 -44 29.645504 73.47699738 -44 29.67552757 73.4045105 -44 29.69384384 73.32821655 -44 29.49389267 73.6545105 -44 29.42699432 73.69550323 -44 29.35450935 73.7255249 -44 29.27821732 73.74384308 -44.32735443 29.22924995 73.62680817 -44.29945755 29.57619858 73.38710785 -44.26433945 29.6186676 73.31958771 -44.30742264 29.59334373 73.27779388 -44.4178009 29.45756721 73.34540558 -44.44801331 29.41914368 73.28551483 -44.4873848 29.30937386 73.27225494 -44.46831131 29.35194397 73.33716583 -44.43707275 29.39167404 73.39909363 -44.47438049 29.28012657 73.38616943 -44.44306564 29.31995583 73.44825745 -44.49349976 29.23744965 73.32109833 -44.34729004 29.54808426 73.34070587 -44.38583374 29.51563454 73.28881836 -44.40035629 29.35590744 73.50574493 -44.34736633 29.38705444 73.55715942 -44.39447403 29.42753601 73.45644379 -44.34161377 29.45860481 73.50772858 -44.28545761 29.41259193 73.60116577 -44.20740509 29.27023506 73.69950104 -44.27072906 29.25260925 73.66706085 -44.34256363 29.30982208 73.59725952 -44.3940773 29.27954292 73.54727936 -44.13902664 29.28166962 73.72328949 -44.06735229 29.28662109 73.73780823 -44.14241028 29.36553192 73.69979858 -44.37660217 29.49225044 73.40086365 -44.32548141 29.52229881 73.45046234 -44.0662384 29.3707943 73.71523285 -44.24357986 29.59924889 73.42683411 -44.21400452 29.639431 73.35536957 -44.1779213 29.66626167 73.28070831 -44.15771866 29.65509796 73.38420868 -44.12954712 29.67972755 73.30549622 -44.18109512 29.61664009 73.45883942 -44.02254868 29.69224739 73.33476257 -44.09693527 29.66526222 73.40534973 -44.07730484 29.68846321 73.32366943 -44.43559265 29.24459267 73.49139404 -44.26575851 29.54693413 73.49291992 -44.19897461 29.56552315 73.52713013 -44.28238297 29.33464622 73.64003754 -44.27985764 29.48407936 73.55162811 -44.21622849 29.43186188 73.63663483 -44.21508408 29.3533783 73.67451477 -44.21080399 29.50329971 73.58700562 -44.14147186 29.44436455 73.66264343 -44.13623047 29.51577187 73.61294556 -44.12685394 29.57758331 73.55222321 -44.11362076 29.62792397 73.48231506 -44.06311035 29.4497776 73.6785202 -44.05806732 29.52117157 73.62878418 -44.0512619 29.58280563 73.56754303 -44.04289627 29.63281059 73.4966507 -44.03322601 29.66966438 73.41825867</float_array>
          <technique_common>
            <accessor source="#pos_0-array" count="3300" stride="3">
              <param name="X" type="float"/>
              <param name="Y" type="float"/>
              <param name="Z" type="float"/>
            </accessor>
          </technique_common>
        </source>
        <source id="norm_0">
          <float_array id="norm_0-array" count="3405">1 0 0 -1 0 0 0 0 -1 0 0 1 0 1 -0 0 -1 0 0 -1 -0 -0 -1 -0 0.25198 -0 0.96773 0.0848 0 0.9964 0.69194 0 0.72196 0.55997 0 0.82851 0.95617 -0 0.29282 0.89293 0 0.4502 0.97756 0 -0.21068 0.9991 0 -0.04245 0.75066 0 -0.66069 0.85153 0 -0.5243 0.33314 0 -0.94288 0.48769 0 -0.87302 -0.169 -0 -0.98562 -0.62823 0 -0.77803 -0.48769 0 -0.87302 -0.92789 0 -0.37285 -0.85153 0 -0.5243 -0.9919 0 0.12703 -0.9991 -0 -0.04245 -0.95617 0 0.29282 -0.89293 0 0.4502 -0.80399 0 0.59464 -0.69194 0 0.72196 -0.55997 0 0.82851 -0.41191 0 0.91123 -0.25198 0 0.96773 -0.0848 0 0.9964 -0.97756 -0 -0.21068 -0.75066 0 -0.66069 -0.33314 -0 -0.94288 0.169 0 -0.98562 0.62823 0 -0.77803 0.92789 0 -0.37285 0.9919 -0 0.12703 0.80399 0 0.59464 0.41191 0 0.91123 -0.97975 -2E-05 0.20021 -0.99774 0 0.06714 -0.82272 -0.00011 0.56845 -0.89164 0.00012 0.45275 -0.53423 3E-05 0.84534 -0.64266 5E-05 0.76615 -0.41616 0 0.90929 -0.53418 0 0.84537 -0.73919 -0.00012 0.6735 -0.64238 -0.00011 0.76638 -0.82299 0.00011 0.56806 -0.73949 8E-05 0.67316 -0.9441 -5E-05 0.32966 -0.89143 -8E-05 0.45315 -0.97976 0 0.20015 -0.94422 0.00011 0.32932 -0.97975 2E-05 -0.20021 -0.99774 0 -0.06714 -0.82272 0.00011 -0.56845 -0.89164 -0.00012 -0.45275 -0.53423 -3E-05 -0.84534 -0.64266 -5E-05 -0.76615 -0.41616 0 -0.90929 -0.53418 -0 -0.84537 -0.73919 0.00012 -0.6735 -0.64238 0.00011 -0.76638 -0.82299 -0.00011 -0.56806 -0.73949 -8E-05 -0.67316 -0.9441 5E-05 -0.32966 -0.89143 8E-05 -0.45315 -0.97976 0 -0.20015 -0.94422 -0.00011 -0.32932 -0.82285 0 0.56825 -0.90825 0 0.41842 -0.96664 0 0.25614 -0.99628 0 0.08623 -0.71297 0 0.7012 -0.58189 0 0.81327 -0.43349 0 0.90116 -0.82285 -0 -0.56825 -0.71297 0 -0.7012 -0.58189 0 -0.81327 -0.43349 -0 -0.90116 -0.90825 0 -0.41842 -0.96664 0 -0.25614 -0.99628 0 -0.08623 0.97975 2E-05 0.20021 0.99774 -0 0.06714 0.82272 0.00011 0.56845 0.89164 -0.00012 0.45275 0.53423 -3E-05 0.84534 0.64266 -5E-05 0.76615 0.41616 -0 0.90929 0.53418 0 0.84537 0.73919 0.00012 0.6735 0.64238 0.00011 0.76638 0.82299 -0.00011 0.56806 0.73949 -8E-05 0.67316 0.9441 5E-05 0.32966 0.89143 8E-05 0.45315 0.97976 0 0.20015 0.94422 -0.00011 0.32932 0.97975 -2E-05 -0.20021 0.99774 0 -0.06714 0.82272 -0.00011 -0.56845 0.89164 0.00012 -0.45275 0.53423 3E-05 -0.84534 0.64266 5E-05 -0.76615 0.41616 0 -0.90929 0.53418 0 -0.84537 0.73919 -0.00012 -0.6735 0.64238 -0.00011 -0.76638 0.82299 0.00011 -0.56806 0.73949 8E-05 -0.67316 0.9441 -5E-05 -0.32966 0.89143 -8E-05 -0.45315 0.97976 0 -0.20015 0.94422 0.00011 -0.32932 0.82285 0 0.56825 0.71297 0 0.7012 0.58189 -0 0.81327 0.43349 0 0.90116 0.90825 -0 0.41842 0.96664 0 0.25614 0.99628 -0 0.08623 0.82285 0 -0.56825 0.90825 0 -0.41842 0.96664 0 -0.25614 0.99628 0 -0.08623 0.71297 0 -0.7012 0.58189 0 -0.81327 0.43349 0 -0.90116 0.99786 0 0.06545 0.89675 4E-05 0.44254 0.97238 -5E-05 0.23342 0.65928 -0 0.75189 0.83139 2E-05 0.5557 0.38265 -5E-05 0.92389 0.52247 -5E-05 0.85266 0.23348 -5E-05 0.97236 0.32116 4E-05 0.94703 0.07847 -3E-05 0.99692 0.19509 2E-05 0.98078 0.06551 0 0.99785 0.55545 2E-05 0.83155 0.44205 4E-05 0.89699 0.75185 -0 0.65934 0.64945 -3E-05 0.7604 0.85262 -5E-05 0.52253 0.76043 -3E-05 0.64942 0.94685 4E-05 0.32166 0.92388 -5E-05 0.38269 0.99692 -3E-05 0.07847 0.98074 2E-05 0.19532 -0.23348 0 -0.97236 -0.07847 -0 -0.99692 -0.64945 0 -0.7604 -0.52247 0 -0.85266 -0.92388 0 -0.38269 -0.85262 0 -0.52253 -0.97238 0 -0.23342 -0.99692 -0 -0.07847 -0.76043 -0 -0.64942 -0.38265 0 -0.92389 -0.06551 0 0.99785 -0.44249 4E-05 0.89677 -0.23348 -5E-05 0.97236 -0.75189 0 0.65929 -0.55572 2E-05 0.83137 -0.92388 -5E-05 0.38269 -0.85262 -5E-05 0.52253 -0.97238 -5E-05 0.23342 -0.94701 4E-05 0.32121 -0.99692 -3E-05 0.07847 -0.98078 2E-05 0.19514 -0.99786 0 0.06545 -0.83158 2E-05 0.5554 -0.89698 4E-05 0.44208 -0.65931 0 0.75187 -0.76043 -3E-05 0.64942 -0.52247 -5E-05 0.85266 -0.64945 -3E-05 0.7604 -0.32171 4E-05 0.94684 -0.38265 -5E-05 0.92389 -0.07847 -3E-05 0.99692 -0.19526 2E-05 0.98075 0.97238 0 -0.23342 0.99692 0 -0.07847 0.76043 0 -0.64942 0.85262 0 -0.52253 0.38265 0 -0.92389 0.52247 0 -0.85266 0.23348 0 -0.97236 0.07847 0 -0.99692 0.64945 0 -0.7604 0.92388 0 -0.38269 -0.99692 0 0.07847 -0.85262 0 0.52253 -0.97238 0 0.23342 -0.52247 0 0.85266 -0.76043 0 0.64942 -0.23348 0 0.97236 -0.38265 0 0.92389 -0.07847 0 0.99692 -0.64945 0 0.7604 -0.92388 0 0.38269 0.07847 0 0.99692 0.52247 0 0.85266 0.23348 -0 0.97236 0.85262 0 0.52253 0.64945 0 0.7604 0.97238 0 0.23342 0.92388 -0 0.38269 0.99692 0 0.07847 0.76043 0 0.64942 0.38265 0 0.92389 0.06046 0 -0.99817 0.38265 -4E-05 -0.92389 0.23348 -5E-05 -0.97236 0.64945 -5E-05 -0.7604 0.52247 -3E-05 -0.85266 0.8558 -1E-05 -0.51731 0.78729 2E-05 -0.61658 0.9548 3E-05 -0.29724 0.92388 -4E-05 -0.38269 0.98361 3E-05 -0.18033 0.97238 -5E-05 -0.23342 0.99817 0 -0.06045 0.99692 -4E-05 -0.07847 0.85262 -3E-05 -0.52253 0.91196 1E-05 -0.41029 0.70733 3E-05 -0.70689 0.76043 -5E-05 -0.64942 0.51739 -1E-05 -0.85575 0.61684 2E-05 -0.78709 0.29772 3E-05 -0.95465 0.41051 1E-05 -0.91186 0.07847 -4E-05 -0.99692 0.18055 3E-05 -0.98357 -0.99786 0 -0.06545 -0.89675 4E-05 -0.44254 -0.97238 -5E-05 -0.23342 -0.65928 0 -0.75189 -0.83139 2E-05 -0.5557 -0.38265 -5E-05 -0.92389 -0.52247 -5E-05 -0.85266 -0.23348 -5E-05 -0.97236 -0.32116 4E-05 -0.94703 -0.07847 -3E-05 -0.99692 -0.19509 2E-05 -0.98078 -0.06551 -0 -0.99785 -0.55545 2E-05 -0.83155 -0.44205 4E-05 -0.89699 -0.75185 0 -0.65934 -0.64945 -3E-05 -0.7604 -0.85262 -5E-05 -0.52253 -0.76043 -3E-05 -0.64942 -0.94685 4E-05 -0.32166 -0.92388 -5E-05 -0.38269 -0.99692 -3E-05 -0.07847 -0.98074 2E-05 -0.19532 0.58406 0.76697 -0.26578 0.63585 0.76659 -0.08959 0.99556 0.04188 -0.08427 0.69644 0.70975 -0.10596 0.61298 0.73905 -0.2794 0.53262 0.72699 -0.43337 0.89578 0.42404 -0.13333 0.79581 0.56898 -0.20724 0.98359 0.00517 -0.18033 0.79578 0.56907 -0.2071 0.99646 0.05855 -0.06035 0.68634 0.72066 -0.09787 0.68177 0.66089 -0.31371 0.63014 0.72314 -0.28285 0.76575 0.62063 -0.16869 0.79811 0.36137 -0.48211 0.82764 0.42914 -0.36172 0.53091 0.49498 -0.68784 0.76892 0.3382 -0.54257 0.45872 0.3769 -0.80469 0.26112 0.10787 -0.95926 0.02927 0.13077 -0.99098 0.51937 0.3496 -0.77977 0.08138 0.04364 -0.99573 0.73117 0.32321 -0.60077 0.45868 0.37694 -0.80469 0.68596 0.31678 -0.65507 0.57843 0.33025 -0.74589 0.65821 0.69246 -0.2954 0.39837 0.41133 -0.81983 0.7137 0.52091 -0.46828 0.68179 0.66085 -0.31375 0.2326 0.92428 -0.30265 0.31088 0.67806 -0.66602 0.335 0.91957 -0.20533 0.15737 0.89441 -0.41864 0.45304 0.88079 -0.13771 0.05225 0.99767 -0.04381 0.30922 0.82856 -0.46676 0.23262 0.92428 -0.30264 0.32978 0.84029 -0.43031 0.04093 0.99783 -0.05157 0.13281 0.86743 -0.47952 0.19096 0.91354 -0.35914 0.49029 0.82022 -0.29472 0.55251 0.82872 -0.08917 0.28573 0.73908 -0.61002 0.53092 0.49498 -0.68784 0.38795 0.58515 -0.71211 0.57747 0.68153 -0.44949 0.75721 0.65227 -0.03435 0.80886 0.58646 -0.04262 0.63012 0.72315 -0.28284 0.65821 0.69245 -0.29541 0.70529 0.70116 -0.10462 0.64829 0.75513 -0.09745 0.81445 0.57762 -0.05502 0.89602 0.44384 -0.01282 0.81645 0.51902 -0.25305 0.56003 0.70256 -0.43906 0.85384 0.51635 -0.06589 0.7273 0.67214 -0.13882 0.81645 0.51905 -0.25298 0.82717 0.47197 -0.30501 0.28598 0.49671 -0.81945 0.56949 0.69222 -0.44329 0.92968 0.3676 -0.02386 0.76576 0.62059 -0.16874 0.87629 0.47362 -0.08833 0.89578 0.42405 -0.1333 0.70011 0.6294 -0.3372 0.58361 0.67099 -0.45735 0.95577 0.28789 -0.0602 0.86271 0.49891 -0.08263 0.9331 0.35563 -0.05348 0.71278 0.59872 -0.36533 0.81786 0.39196 -0.42128 0.70012 0.62937 -0.33723 0.71278 0.59876 -0.36528 0.58785 0.66073 -0.46677 0.97607 0.20729 -0.06579 0.82765 0.42915 -0.36168 0.96649 0.23769 -0.09692 0.82717 0.47196 -0.30502 0.91036 0.3601 -0.20391 0.71936 0.5699 -0.39716 0.71935 0.56986 -0.39724 0.59009 0.65089 -0.47764 0.96599 0.23698 -0.1035 0.99141 0.12507 -0.03822 0.94629 0.09174 -0.31003 0.91035 0.36009 -0.20394 0.96729 0.16609 -0.19176 0.71964 0.54367 -0.4319 0.91101 0.302 -0.28082 0.63465 0.31909 -0.70385 0.71965 0.54369 -0.43186 0.59019 0.64213 -0.48923 0.9673 0.16609 -0.19169 0.9891 0.07181 -0.12854 0.89773 0.25146 -0.36171 0.91101 0.302 -0.28082 0.95256 0.09738 -0.28836 0.81788 0.39197 -0.42122 0.89776 0.25147 -0.36166 0.71366 0.52089 -0.46836 0.1945 0.59673 -0.77851 0.58818 0.63448 -0.50148 0.95092 0.09007 -0.29603 0.91029 0.06046 -0.40954 0.85525 0.03579 -0.51698 0.91365 0.07142 -0.40017 0.79812 0.36137 -0.4821 0.87094 0.20988 -0.44431 0.70159 0.50214 -0.50559 0.70161 0.50215 -0.50555 0.58411 0.62816 -0.51404 0.86201 0.05477 -0.50392 0.87093 0.20988 -0.44432 0.79953 0.04761 -0.59874 0.76891 0.33821 -0.54258 0.8313 0.17845 -0.52641 0.68371 0.48794 -0.54264 0.68358 0.48793 -0.54281 0.57798 0.62329 -0.52673 0.83132 0.17844 -0.52637 0.78717 0.01734 -0.61649 0.7073 0.00918 -0.70686 0.61678 0.01453 -0.787 0.78005 0.15811 -0.60541 0.66063 0.47881 -0.57819 0.66059 0.47882 -0.57823 0.57031 0.62025 -0.53856 0.72801 0.0486 -0.68384 0.78007 0.1581 -0.60539 0.64837 0.05341 -0.75945 0.73125 0.32319 -0.60069 0.51714 0.03134 -0.85533 0.63294 0.47491 -0.61143 0.63297 0.4749 -0.61141 0.56105 0.61894 -0.54968 0.71863 0.14949 -0.67914 0.7187 0.14943 -0.67907 0.55995 0.06009 -0.82634 0.68606 0.31673 -0.65498 0.51929 0.34966 -0.77979 0.60133 0.47636 -0.64147 0.60141 0.47633 -0.64142 0.55036 0.61943 -0.55984 0.64894 0.15266 -0.74536 0.6489 0.1527 -0.74539 0.40987 0.05611 -0.91042 0.63448 0.31919 -0.70395 0.57266 0.16773 -0.80245 0.49225 0.19415 -0.84853 0.567 0.48313 -0.66715 0.53875 0.62172 -0.56853 0.57846 0.33023 -0.74588 0.57269 0.1677 -0.80244 0.46201 0.07204 -0.88394 0.2966 0.08698 -0.95103 0.34028 0.45169 -0.82473 0.56707 0.4831 -0.66712 0.16018 0.64838 -0.74428 0.52669 0.62568 -0.57543 0.35502 0.09189 -0.93033 0.49234 0.19404 -0.8485 0.45678 0.53277 -0.71239 0.4101 0.23101 -0.8823 0.49372 0.51173 -0.70312 0.49369 0.51175 -0.70312 0.51405 0.63137 -0.58063 0.18044 0.03561 -0.98294 0.32826 0.27762 -0.90287 0.34034 0.4516 -0.82476 0.41005 0.23108 -0.88231 0.24849 0.13603 -0.95904 0.39843 0.41126 -0.81983 0.32824 0.27766 -0.90286 0.23675 0.54581 -0.80377 0.45679 0.53276 -0.7124 0.50166 0.63843 -0.58374 0.06028 0.07578 -0.9953 0.08859 0.25616 -0.96257 0.15114 0.2036 -0.96732 0.06848 0.30029 -0.95139 0.15113 0.20362 -0.96731 0.38802 0.58506 -0.71214 0.24935 0.33243 -0.90957 0.42118 0.55747 -0.71542 0.42122 0.55743 -0.71543 0.48968 0.64674 -0.58476 0.07585 0.10476 -0.9916 0.02117 0.21649 -0.97605 0.09585 0.45996 -0.88275 0.24935 0.33242 -0.90957 0.07581 0.29554 -0.95232 0.1754 0.39401 -0.90221 0.13475 0.69935 -0.70197 0.10456 0.74794 -0.65548 0.17543 0.39392 -0.90225 0.02892 0.38248 -0.92351 0.23681 0.54567 -0.80385 0.28584 0.49698 -0.81933 0.10102 0.4546 -0.88495 0.35783 0.61513 -0.70255 0.35796 0.61492 -0.70267 0.47846 0.65607 -0.58365 0.09308 0.47518 -0.87495 0.06989 0.53598 -0.84133 0.1945 0.59673 -0.77851 0.06751 0.53782 -0.84035 0.33193 0.6463 -0.68711 0.33197 0.64621 -0.68717 0.46846 0.66603 -0.58048 0.04987 0.60827 -0.79216 0.16018 0.6484 -0.74426 0.04136 0.61275 -0.7892 0.31092 0.6779 -0.66617 0.09975 0.79437 -0.59919 0.45967 0.67662 -0.57522 0.02352 0.67533 -0.73714 0.10251 0.72938 -0.67638 0.29539 0.70909 -0.64026 0.29538 0.70922 -0.64012 0.45251 0.68741 -0.56807 0.28573 0.73906 -0.61004 0.2942 0.81203 -0.50403 0.44727 0.6979 -0.55936 0.10099 0.73364 -0.67199 0.2823 0.76663 -0.57671 0.09952 0.83648 -0.53888 0.44401 0.70798 -0.5492 0.09725 0.78972 -0.60571 0.02889 0.88681 -0.46123 0.28515 0.7912 -0.54102 0.44286 0.71722 -0.53802 0.28229 0.76662 -0.57671 0.10187 0.83906 -0.53441 0.03579 0.92327 -0.38248 0.04506 0.92541 -0.37629 0.44381 0.72544 -0.52609 0.28511 0.79116 -0.54109 0.05783 0.95222 -0.29989 0.10482 0.85282 -0.51157 0.19092 0.91354 -0.35916 0.28102 0.92632 -0.25093 0.44687 0.73246 -0.51362 0.29417 0.81201 -0.50409 0.08485 0.97277 -0.21569 0.15736 0.89441 -0.41865 0.06817 0.95456 -0.29012 0.3929 0.90424 -0.16724 0.45193 0.73802 -0.50109 0.30917 0.82855 -0.46682 0.02753 0.99107 -0.13044 0.33499 0.91958 -0.20534 0.10313 0.97421 -0.2007 0.35531 0.84687 -0.39569 0.4589 0.74199 -0.48873 0.32978 0.84029 -0.4303 0.12155 0.99256 -0.00669 0.09425 0.97438 -0.20422 0.0983 0.99362 -0.05532 0.26491 0.96304 -0.04883 0.16894 0.97696 -0.13045 0.38493 0.8481 -0.36408 0.46756 0.74423 -0.47699 0.35534 0.84687 -0.39566 0.20135 0.9755 -0.08858 0.16893 0.97696 -0.13045 0.28013 0.95806 -0.06033 0.28108 0.9263 -0.25091 0.25178 0.96427 -0.08236 0.418 0.84397 -0.33615 0.4775 0.74464 -0.46638 0.385 0.84809 -0.36404 0.35779 0.93307 -0.03697 0.34058 0.93852 -0.05639 0.39285 0.90427 -0.16725 0.45345 0.8346 -0.31278 0.48842 0.74328 -0.45715 0.41784 0.84402 -0.33623 0.43197 0.90111 -0.03749 0.4902 0.82027 -0.29473 0.50074 0.74002 -0.44904 0.4536 0.83453 -0.31273 0.50167 0.85911 -0.10126 0.48554 0.86785 -0.10528 0.58268 0.76557 -0.27274 0.5273 0.80137 -0.28242 0.51283 0.7353 -0.4431 0.5697 0.81629 -0.09544 0.51171 0.85294 -0.10317 0.54571 0.79485 -0.26535 0.52735 0.80133 -0.28242 0.55641 0.70889 -0.43346 0.52537 0.72891 -0.43895 -1E-05 0.74573 -0.66625 0 0.67551 -0.73735 0 0.73741 -0.67544 0 0.60903 -0.79315 -1E-05 0.66632 -0.74567 1E-05 0.53729 -0.8434 -1E-05 0.57886 -0.81543 0 0.46209 -0.88683 -1E-05 0.48396 -0.87509 -0 0.38268 -0.92388 -0 0.38264 -0.9239 -1E-05 0.27701 -0.96087 0 0.301 -0.95362 -1E-05 0.16779 -0.98582 1E-05 0.21654 -0.97627 -1E-05 0.05625 -0.99842 0 0.13082 -0.99141 0 0.04379 -0.99904 0 0.79348 -0.6086 1E-05 0.84345 -0.53721 -1E-05 0.81574 -0.57842 0 0.88718 -0.46143 -1E-05 0.87531 -0.48355 -0 0.92386 -0.38273 -0 0.92388 -0.38268 -1E-05 0.96099 -0.27657 0 0.95382 -0.30039 -1E-05 0.98586 -0.16756 1E-05 0.97629 -0.21647 -1E-05 0.99842 -0.05621 0 0.99145 -0.13049 0 0.99904 -0.04387 0.75765 0.65266 -0 0.70039 0.71377 -0 0.74575 0.66623 0 0.63842 0.76969 -0 0.66632 0.74567 1E-05 0.57231 0.82004 0 0.57891 0.81539 0 0.48396 0.87509 0 0.50426 0.86355 -0 0.43227 0.90174 -0 0.35804 0.93371 -0 0.38268 0.92388 0 0.27697 0.96088 0 0.28064 0.95981 0 0.16783 0.98582 1E-05 0.20215 0.97935 -0 0.05621 0.99842 0 0.12155 0.99258 -0 0.04098 0.99916 0 0.8096 0.58699 0 0.8557 0.51747 -0 0.81573 0.57843 0 0.89609 0.44387 -0 0.87531 0.48355 1E-05 0.92994 0.3677 -0 0.92388 0.38269 0 0.96098 0.27663 0 0.9575 0.28842 0 0.98586 0.16754 1E-05 0.97818 0.20774 -0 0.99842 0.05618 0 0.99214 0.12517 -0 0.99912 0.04203 0 -0.75183 -0.00716 -0.65932 -0.16571 0.77151 -0.61426 -0.09538 0.51916 -0.84934 -0.08452 0.29725 -0.95105 -0.18558 0.41205 -0.89206 -0.28741 0.27373 -0.91786 -0.15951 0.19075 -0.96859 -0.15951 0.19071 -0.9686 -0.01714 0.16777 -0.98568 -0.09113 0.69797 -0.7103 -0.05987 0.04966 -0.99697 -0.19502 0.02783 -0.9804 -0.0654 0.05613 -0.99628 -0.51722 0.41743 -0.74715 -0.61323 0.47443 -0.63156 -0.40767 0.34988 -0.84344 -0.87795 0.07998 -0.47203 -0.60745 0.26893 -0.74745 -0.94384 0.25594 -0.20893 -0.93619 0.08779 -0.34036 -0.29305 0.67253 -0.67958 -0.993 0.08878 -0.07784 -0.19058 0.60942 -0.7696 -0.96201 0.25919 -0.08581 -0.99479 0.07831 -0.06525 -0.16571 0.7715 -0.61427 -0.30377 0.487 -0.81887 -0.24822 0.82052 -0.51491 -0.24822 0.82049 -0.51495 -0.16664 0.92454 -0.34272 -0.31696 0.85926 -0.40152 -0.07615 0.99552 -0.05605 -0.21349 0.94878 -0.23291 -0.32028 0.07395 -0.94443 -0.08313 0.14038 -0.9866 -0.4418 0.03355 -0.89648 -0.02692 0.27691 -0.96052 -0.2295 0.08444 -0.96964 -0.37827 0.11785 -0.91816 -0.55449 0.05886 -0.83011 -0.0404 0.38236 -0.92313 -0.09204 0.35205 -0.93145 -0.2874 0.27365 -0.91789 -0.03089 0.48373 -0.87467 -0.38057 0.12705 -0.91598 -0.56296 0.07713 -0.82288 -0.18559 0.41211 -0.89203 -0.49927 0.20228 -0.8425 -0.40769 0.34996 -0.8434 -0.04831 0.57818 -0.81447 -0.09705 0.55091 -0.82891 -0.30377 0.48697 -0.81889 -0.03078 0.666 -0.74532 -0.65701 0.08305 -0.7493 -0.94384 0.25595 -0.20893 -0.49927 0.20228 -0.8425 -0.83093 0.0331 -0.55539 -0.41136 0.55327 -0.72434 -0.60746 0.26896 -0.74743 -0.19058 0.60939 -0.76962 -0.51721 0.41739 -0.74718 -0.41137 0.55332 -0.7243 -0.03826 0.74518 -0.66576 -0.09084 0.72641 -0.68124 -0.29304 0.67249 -0.67962 -0.01885 0.81559 -0.57832 -0.67969 0.11148 -0.72498 -0.67813 0.11154 -0.72643 -0.79847 0.07277 -0.59762 -0.45755 0.76797 -0.44819 -0.7701 0.16621 -0.61589 -0.50564 0.60932 -0.61079 -0.70225 0.32523 -0.6333 -0.38281 0.72582 -0.57152 -0.61323 0.47438 -0.6316 -0.10567 0.89052 -0.44249 -0.50564 0.60933 -0.61078 -0.06916 0.82927 -0.55455 -0.38281 0.72582 -0.57152 -0.07053 0.87313 -0.48235 -0.77008 0.16612 -0.61594 -0.89526 0.05753 -0.44181 -0.69314 0.51945 -0.49973 -0.70226 0.32527 -0.63327 -0.84559 0.20871 -0.49134 -0.58417 0.6536 -0.4812 -0.78113 0.36971 -0.50313 -0.31696 0.85924 -0.40154 -0.69314 0.51948 -0.4997 -0.08799 0.99237 -0.08641 -0.58417 0.65358 -0.48123 -0.45754 0.76799 -0.44817 -0.01143 0.92382 -0.38266 -0.10565 0.89012 -0.44331 -0.16664 0.92455 -0.34269 -0.05436 0.95441 -0.29351 -0.8456 0.20877 -0.4913 -0.94425 0.0741 -0.32078 -0.8422 0.40127 -0.3601 -0.78113 0.36971 -0.50314 -0.8422 0.40128 -0.3601 -0.75497 0.55145 -0.35486 -0.75497 0.55144 -0.35487 -0.64494 0.68498 -0.3389 -0.64494 0.68498 -0.33891 -0.51536 0.7979 -0.31267 -0.51537 0.79788 -0.31271 -0.37014 0.88669 -0.27707 -0.37012 0.88672 -0.27701 -0.2135 0.94876 -0.23295 -0.07401 0.9791 -0.18945 -0.04255 0.96012 -0.27632 -0.90404 0.23893 -0.35444 -0.97722 0.08459 -0.19462 -0.88381 0.41905 -0.20806 -0.90404 0.23891 -0.35446 -0.8838 0.41907 -0.20803 -0.79709 0.56947 -0.20086 -0.7971 0.56946 -0.20088 -0.68631 0.70269 -0.1876 -0.68632 0.70269 -0.18762 -0.55476 0.81473 -0.16871 -0.55475 0.81474 -0.16869 -0.40634 0.9022 -0.14467 -0.40635 0.90219 -0.14468 -0.24542 0.96242 -0.11623 -0.24542 0.96243 -0.11622 -0.06373 0.98386 -0.16722 -0.97474 0.09134 -0.20382 -0.97075 0.23303 -0.05785 -0.92274 0.38223 -0.04946 -0.90177 0.42272 -0.09006 -0.85192 0.52207 -0.04078 -0.81408 0.57356 -0.09117 -0.76003 0.64911 -0.03174 -0.70155 0.70699 -0.08943 -0.64929 0.76021 -0.02234 -0.52245 0.85257 -0.01292 -0.56761 0.81891 -0.08488 -0.38266 0.92388 -0.00461 -0.41639 0.90589 -0.0773 -0.23345 0.97237 -0.00107 -0.25267 0.96532 -0.06574 -0.07838 0.99578 -0.04775 0.81889 0.487 0.30373 0.18764 0.70268 0.68631 0.49972 0.51948 0.69313 0.57152 0.72584 0.38278 0.63159 0.47441 0.61322 0.35488 0.55147 0.75494 0.89203 0.4121 0.1856 0.91788 0.2737 0.28737 0.96963 0.08439 0.22955 0.91787 0.27369 0.28742 0.99629 0.05606 0.06534 0.9686 0.1907 0.15955 0.4812 0.6536 0.58416 0.27705 0.88671 0.37011 0.3389 0.68498 0.64494 0.08483 0.81891 0.56762 0.03176 0.64914 0.76001 0.07731 0.90591 0.41635 0.0223 0.76021 0.64929 0.08941 0.70697 0.70157 0.00469 0.92388 0.38266 0.18762 0.70267 0.68633 0.06579 0.96531 0.25267 0.20084 0.56948 0.7971 0.04775 0.99578 0.07838 0.09122 0.57356 0.81407 0.0408 0.52204 0.85195 0.09006 0.42272 0.90177 0.08576 0.25915 0.96202 0.04942 0.38219 0.92276 0.19439 0.0846 0.97727 0.0579 0.23308 0.97073 0.0653 0.07831 0.99479 0.0779 0.08878 0.993 0.32028 0.07396 0.94443 0.44132 0.05749 0.89551 0.55515 0.03312 0.83109 0.20893 0.25595 0.94384 0.81888 0.487 0.30376 0.20802 0.41904 0.88382 0.16872 0.81472 0.55477 0.20086 0.56949 0.79708 0.14469 0.90221 0.4063 0.11624 0.96242 0.24544 0.01291 0.85256 0.52247 0.16874 0.81473 0.55474 0.00107 0.97237 0.23344 0.11623 0.96242 0.24544 0.05605 0.99552 0.07615 0.20887 0.25591 0.94387 0.20377 0.09145 0.97474 0.74718 0.41739 0.51721 0.20803 0.41905 0.88381 0.35448 0.23894 0.90402 0.40152 0.85924 0.317 0.36012 0.40124 0.84221 0.31273 0.79788 0.51535 0.35484 0.55144 0.75498 0.23292 0.94877 0.21351 0.33893 0.685 0.6449 0.31273 0.79788 0.51535 0.08641 0.99237 0.08798 0.14467 0.9022 0.40632 0.23292 0.94877 0.21352 0.16749 0.98382 0.06363 0.35446 0.23893 0.90403 0.34039 0.08796 0.93616 0.59765 0.07291 0.79843 0.36011 0.40124 0.84222 0.49131 0.20875 0.8456 0.44814 0.768 0.45754 0.50312 0.36971 0.78114 0.44292 0.89034 0.10542 0.4997 0.51947 0.69315 0.34274 0.92454 0.16661 0.48118 0.65359 0.5842 0.44812 0.768 0.45757 0.28648 0.95729 0.03903 0.27702 0.8867 0.37016 0.34272 0.92454 0.16663 0.18941 0.97912 0.07384 0.4913 0.20875 0.84561 0.47207 0.08022 0.8779 0.72644 0.11156 0.67811 0.50309 0.36969 0.78117 0.61593 0.16615 0.77008 0.61079 0.6093 0.50566 0.63332 0.32523 0.70223 0.67959 0.67253 0.29301 0.63159 0.47441 0.6132 0.51494 0.8205 0.24825 0.6108 0.60931 0.50564 0.51494 0.8205 0.24823 0.38265 0.92382 0.01153 0.40156 0.85924 0.31694 0.44267 0.89039 0.10604 0.27644 0.95903 0.06198 0.61595 0.16616 0.77006 0.65927 -0.00725 0.75187 0.74745 0.26892 0.60746 0.63332 0.32522 0.70223 0.72499 0.11151 0.67968 0.72431 0.55331 0.41137 0.74746 0.26893 0.60744 0.67958 0.67252 0.29306 0.74716 0.41738 0.51726 0.61428 0.77149 0.16573 0.55461 0.82922 0.06927 0.57154 0.72584 0.38275 0.61427 0.77149 0.16577 0.48276 0.87292 0.07035 0.74924 0.08314 0.65706 0.82994 0.05902 0.55473 0.89626 0.03313 0.4423 0.82281 0.07703 0.56307 0.84339 0.34991 0.40775 0.84244 0.20229 0.49937 0.76961 0.60941 0.19058 0.7103 0.69798 0.09113 0.72432 0.55331 0.41134 0.76961 0.6094 0.19061 0.66583 0.74512 0.03837 0.68126 0.72638 0.09084 0.57881 0.81526 0.01825 0.94425 0.07409 0.32078 0.84247 0.20231 0.49932 0.91601 0.12698 0.38054 0.84935 0.51914 0.0954 0.84342 0.34993 0.40766 0.89204 0.41211 0.18559 0.81476 0.57774 0.04879 0.82895 0.55085 0.09697 0.7454 0.66592 0.03063 0.91818 0.1178 0.37824 0.98036 0.02787 0.19524 0.95108 0.29715 0.08459 0.9686 0.1907 0.15952 0.92312 0.38238 0.04039 0.93142 0.3521 0.09206 0.87491 0.48333 0.03054 0.99696 0.04975 0.05994 0.98571 0.16752 0.01776 0.9866 0.14036 0.08318 0.96064 0.27654 0.02635 -0.81539 0.57891 1E-05 -0.87512 0.48391 0 -0.85263 0.52251 -1E-05 -0.92386 0.38273 -1E-05 -0.92387 0.3827 -1E-05 -0.97237 0.23342 -1E-05 -0.96088 0.27695 0 -0.99692 0.07847 -1E-05 -0.98581 0.16786 1E-05 -0.99842 0.05618 0 -0.76042 0.64944 -1E-05 -0.66625 0.74573 0 -0.74567 0.66632 0 -0.57842 0.81574 1E-05 -0.64945 0.7604 -1E-05 -0.48355 0.87531 0 -0.52249 0.85264 -1E-05 -0.38267 0.92389 -1E-05 -0.38271 0.92387 -1E-05 -0.23345 0.97237 -1E-05 -0.27657 0.96099 0 -0.07847 0.99692 -1E-05 -0.16754 0.98586 1E-05 -0.05621 0.99842 0 0 0.7604 0.64945 0 0.85263 0.52251 -0 0.92389 0.38267 0 0.97237 0.23344 0 0.99692 0.07847 0 0.64947 0.76039 0 0.52247 0.85266 0 0.38266 0.92389 -0 0.23347 0.97236 0 0.07847 0.99692 -0.65929 -0.00721 0.75185 -0.61427 0.77149 0.16576 -0.84935 0.51913 0.09541 -0.95105 0.29725 0.08452 -0.89204 0.4121 0.18559 -0.91789 0.27367 0.28739 -0.96859 0.19071 0.15954 -0.9686 0.19069 0.15953 -0.98567 0.16784 0.01698 -0.7103 0.69798 0.09113 -0.99696 0.04975 0.05994 -0.98039 0.0279 0.19506 -0.99629 0.05606 0.06534 -0.74718 0.41737 0.51723 -0.63159 0.47442 0.61321 -0.84338 0.34997 0.40771 -0.47203 0.07998 0.87795 -0.74745 0.26893 0.60745 -0.20887 0.25596 0.94385 -0.34037 0.08774 0.93619 -0.6796 0.67251 0.29303 -0.0779 0.08878 0.993 -0.7696 0.60942 0.1906 -0.08576 0.25915 0.96202 -0.0653 0.07831 0.99479 -0.61426 0.77149 0.16576 -0.81889 0.48698 0.30374 -0.51495 0.82049 0.24824 -0.51493 0.8205 0.24824 -0.34274 0.92453 0.16662 -0.40157 0.85922 0.31698 -0.05605 0.99552 0.07615 -0.23292 0.94877 0.21352 -0.94441 0.07395 0.32033 -0.9866 0.14036 0.08318 -0.89648 0.03344 0.44183 -0.96054 0.27685 0.02675 -0.96964 0.08445 0.22951 -0.91818 0.11781 0.37824 -0.83015 0.05873 0.55444 -0.9231 0.38242 0.04039 -0.93143 0.35209 0.09205 -0.91787 0.27372 0.2874 -0.8747 0.48367 0.03089 -0.91601 0.12698 0.38054 -0.82285 0.07718 0.563 -0.89203 0.41211 0.1856 -0.84246 0.20227 0.49934 -0.84343 0.34988 0.4077 -0.81444 0.57823 0.0483 -0.82889 0.55092 0.09708 -0.81887 0.48702 0.30375 -0.74532 0.666 0.03078 -0.74929 0.08309 0.65701 -0.20893 0.25591 0.94385 -0.84245 0.20233 0.49935 -0.55542 0.03308 0.83091 -0.72431 0.55332 0.41135 -0.74746 0.26892 0.60745 -0.76962 0.60939 0.19059 -0.74715 0.41741 0.51724 -0.72433 0.5533 0.41135 -0.66577 0.74518 0.03817 -0.68127 0.72637 0.09084 -0.67957 0.67255 0.29303 -0.57832 0.81559 0.01876 -0.72499 0.11151 0.67968 -0.72644 0.11156 0.67811 -0.59761 0.07271 0.79849 -0.44815 0.76799 0.45755 -0.61593 0.16617 0.77007 -0.61078 0.60932 0.50565 -0.63332 0.32522 0.70223 -0.57152 0.72585 0.38277 -0.6316 0.4744 0.61321 -0.44247 0.89054 0.10567 -0.6108 0.6093 0.50565 -0.55452 0.82929 0.06914 -0.57154 0.72583 0.38277 -0.48235 0.87314 0.07051 -0.61595 0.16614 0.77007 -0.44176 0.0575 0.89529 -0.49972 0.51946 0.69314 -0.63332 0.32523 0.70223 -0.49131 0.20875 0.8456 -0.48121 0.65358 0.58418 -0.50312 0.36969 0.78115 -0.40151 0.85926 0.31697 -0.4997 0.51948 0.69314 -0.08641 0.99237 0.08798 -0.48118 0.65361 0.58418 -0.44812 0.76801 0.45755 -0.38268 0.92381 0.01151 -0.44328 0.89014 0.10565 -0.34271 0.92455 0.16662 -0.29355 0.95439 0.05441 -0.4913 0.20875 0.8456 -0.32083 0.07408 0.94424 -0.36012 0.40124 0.84221 -0.50309 0.36972 0.78116 -0.36011 0.40124 0.84221 -0.35484 0.55148 0.75496 -0.35489 0.55144 0.75497 -0.33893 0.68498 0.64493 -0.33889 0.68501 0.64491 -0.31273 0.79788 0.51535 -0.31273 0.79788 0.51535 -0.27701 0.88672 0.37012 -0.27706 0.8867 0.37014 -0.23292 0.94877 0.21351 -0.18946 0.97909 0.07401 -0.27632 0.96012 0.04257 -0.35446 0.23894 0.90403 -0.19456 0.0846 0.97723 -0.20802 0.41905 0.88381 -0.35447 0.23893 0.90403 -0.20803 0.41903 0.88382 -0.20086 0.56947 0.79709 -0.20084 0.56949 0.79708 -0.18764 0.70267 0.68633 -0.18762 0.70269 0.68632 -0.16874 0.81472 0.55476 -0.16871 0.81473 0.55475 -0.14467 0.90221 0.4063 -0.1447 0.9022 0.40632 -0.11624 0.96242 0.24544 -0.11623 0.96242 0.24544 -0.1672 0.98386 0.06372 -0.20376 0.09133 0.97475 -0.0579 0.23308 0.97073 -0.04942 0.38219 0.92276 -0.09006 0.42272 0.90177 -0.0408 0.52204 0.85195 -0.09122 0.57356 0.81407 -0.03176 0.64914 0.76001 -0.08941 0.70697 0.70157 -0.0223 0.76021 0.64929 -0.01291 0.85256 0.52247 -0.08483 0.81891 0.56762 -0.00469 0.92388 0.38266 -0.07731 0.90591 0.41635 -0.00107 0.97237 0.23344 -0.06579 0.96531 0.25267 -0.04775 0.99578 0.07838 0.76041 -0.64945 0 0.85264 -0.5225 0 0.92388 -0.38269 0 0.97237 -0.23344 0 0.99692 -0.07846 0 0.64945 -0.76041 0 0.5225 -0.85264 0 0.38268 -0.92388 0 0.23345 -0.97237 0 0.07846 -0.99692 0 -0.64945 -0.76041 -0 -0.5225 -0.85264 0 -0.38268 -0.92388 0 -0.23345 -0.97237 -0 -0.07846 -0.99692 0 -0.07846 -0.99692 -0 -0.76041 -0.64945 0 -0.85264 -0.5225 0 -0.92388 -0.38268 0 -0.97237 -0.23344 -0 -0.99692 -0.07846 0 0.99692 -0.07846 0 0.85264 -0.5225 0 0.97237 -0.23344 0 0.5225 -0.85264 0 0.76041 -0.64944 0 0.23344 -0.97237 0 0.38268 -0.92388 0 0.07846 -0.99692 0 0.64944 -0.76041 0 0.92388 -0.38269 0 -0.99692 -0.07846 0 -0.85264 -0.5225 0 -0.97237 -0.23344 0 -0.5225 -0.85264 -0 -0.76041 -0.64945 0 -0.23344 -0.97237 -0 -0.38268 -0.92388 0 -0.07846 -0.99692 0 -0.64945 -0.76041 -0 -0.92388 -0.38268 0</float_array>
          <technique_common>
            <accessor source="#norm_0-array" count="3405" stride="3">
              <param name="X" type="float"/>
              <param name="Y" type="float"/>
              <param name="Z" type="float"/>
            </accessor>
          </technique_common>
        </source>
        <vertices id="vert_0">
          <input semantic="POSITION" source="#pos_0"/>
        </vertices>
        <triangles count="2212" material="mat_0">
          <input semantic="VERTEX" source="#vert_0" offset="0"/>
          <input semantic="NORMAL" source="#norm_0" offset="1"/>
          <p>0 0 1 0 2 0 0 0 2 0 3 0 4 0 5 0 6 0 3 0 6 0 0 0 6 0 3 0 7 0 6 0 7 0 4 0 8 1 9 1 10 1 8 1 10 1 11 1 12 1 13 1 14 1 11 1 14 1 8 1 14 1 11 1 15 1 14 1 15 1 12 1 16 0 17 0 18 0 16 0 18 0 19 0 20 2 21 2 22 2 22 2 23 2 20 2 24 3 25 3 26 3 26 3 25 3 27 3 24 3 26 3 28 3 29 3 28 3 26 3 30 3 26 3 31 3 30 3 29 3 26 3 26 3 32 3 33 3 33 3 31 3 26 3 32 3 34 3 35 3 33 3 32 3 35 3 36 3 37 3 38 3 34 3 32 3 39 3 40 3 39 3 41 3 32 3 41 3 39 3 42 3 43 3 41 3 41 3 43 3 40 3 44 3 45 3 41 3 41 3 45 3 42 3 46 3 47 3 41 3 41 3 47 3 44 3 48 3 49 3 41 3 41 3 49 3 46 3 41 3 50 3 48 3 41 3 36 3 50 3 50 3 36 3 51 3 52 3 53 3 36 3 36 3 53 3 51 3 54 3 55 3 36 3 36 3 55 3 52 3 56 3 57 3 36 3 36 3 57 3 54 3 58 3 59 3 36 3 36 3 59 3 56 3 36 3 38 3 58 3 36 3 60 3 37 3 60 3 61 3 37 3 62 3 63 3 60 3 60 3 63 3 61 3 64 3 65 3 60 3 60 3 65 3 62 3 66 3 67 3 68 3 64 3 68 3 69 3 70 3 68 3 67 3 66 3 68 3 71 3 68 3 70 3 69 3 68 3 64 3 60 3 72 4 73 4 74 4 73 4 72 4 75 4 76 5 77 5 2 5 78 5 79 5 10 5 80 5 10 5 81 5 82 5 83 5 10 5 83 5 81 5 10 5 10 5 80 5 84 5 60 5 85 5 10 5 10 5 86 5 87 5 88 5 10 5 79 5 89 5 10 5 88 5 90 5 91 5 12 5 92 5 93 5 94 5 90 5 12 5 95 5 96 5 97 5 68 5 98 5 23 5 99 5 100 5 101 5 12 5 99 5 23 5 102 5 23 5 103 5 104 5 102 5 23 5 104 5 23 5 105 5 106 5 103 5 23 5 106 5 23 5 107 5 108 5 105 5 23 5 108 5 109 5 76 5 2 5 107 5 23 5 22 5 110 5 32 5 111 5 2 5 112 5 113 5 112 5 2 5 77 5 114 5 115 5 2 5 114 5 2 5 116 5 2 5 113 5 116 5 117 5 2 5 115 5 2 5 22 5 109 5 118 5 119 5 2 5 120 5 2 5 119 5 121 5 122 5 123 5 124 5 125 5 4 5 126 5 4 5 127 5 126 5 124 5 4 5 128 5 4 5 129 5 127 5 4 5 130 5 131 5 32 5 132 5 131 5 111 5 32 5 133 5 134 5 32 5 135 5 132 5 32 5 135 5 32 5 134 5 26 6 133 6 32 6 87 5 82 5 10 5 133 7 26 7 136 7 4 5 137 5 129 5 125 5 137 5 4 5 32 5 4 5 138 5 138 5 4 5 128 5 110 5 139 5 4 5 110 5 4 5 32 5 4 5 140 5 141 5 139 5 140 5 4 5 4 5 141 5 142 5 4 5 142 5 5 5 143 5 144 5 145 5 146 5 147 5 148 5 149 5 150 5 151 5 152 5 153 5 154 5 154 5 153 5 155 5 156 5 157 5 154 5 154 5 158 5 159 5 160 5 161 5 123 5 162 5 163 5 164 5 123 5 165 5 166 5 123 5 166 5 121 5 167 5 123 5 122 5 161 5 168 5 123 5 123 5 167 5 160 5 169 5 162 5 156 5 123 5 170 5 171 5 172 5 154 5 155 5 2 5 1 5 118 5 158 5 154 5 157 5 159 5 152 5 154 5 173 5 174 5 154 5 163 5 162 5 169 5 175 5 173 5 171 5 176 5 177 5 162 5 178 5 179 5 180 5 181 5 182 5 183 5 184 5 185 5 186 5 180 5 179 5 187 5 147 5 146 5 188 5 189 5 190 5 149 5 188 5 146 5 191 5 192 5 193 5 194 5 118 5 1 5 142 5 5 5 142 5 1 5 195 5 22 5 120 5 2 5 120 5 22 5 196 5 22 5 195 5 22 5 197 5 198 5 196 5 197 5 22 5 199 5 22 5 200 5 22 5 198 5 200 5 201 5 202 5 22 5 201 5 22 5 199 5 202 5 107 5 22 5 101 5 203 5 12 5 12 5 91 5 100 5 204 5 205 5 12 5 204 5 12 5 203 5 12 5 206 5 23 5 205 5 206 5 12 5 12 5 23 5 98 5 207 5 208 5 209 5 210 5 18 5 12 5 210 5 12 5 98 5 12 5 18 5 13 5 18 5 17 5 13 5 211 5 212 5 213 5 214 5 215 5 209 5 209 5 215 5 216 5 209 5 217 5 218 5 94 5 219 5 220 5 221 5 222 5 223 5 224 5 94 5 93 5 224 5 225 5 94 5 94 5 226 5 219 5 225 5 226 5 94 5 227 5 94 5 220 5 228 5 209 5 229 5 230 5 94 5 231 5 232 5 209 5 216 5 10 5 9 5 17 5 217 5 209 5 208 5 218 5 214 5 209 5 233 5 234 5 222 5 221 5 235 5 236 5 236 5 237 5 221 5 238 5 239 5 240 5 241 5 242 5 243 5 244 5 245 5 227 5 246 5 243 5 242 5 239 5 247 5 248 5 248 5 249 5 250 5 251 5 212 5 252 5 17 5 9 5 13 5 252 5 253 5 254 5 10 5 17 5 78 5 10 5 85 5 255 5 255 5 86 5 10 5 256 5 60 5 89 5 89 5 60 5 10 5 257 5 258 5 60 5 257 5 60 5 256 5 60 5 259 5 260 5 258 5 259 5 60 5 60 5 260 5 96 5 96 5 68 5 60 5 261 5 262 5 263 5 147 5 264 5 148 5 265 5 266 5 267 5 156 5 268 5 269 5 169 5 156 5 269 5 270 5 268 5 154 5 156 5 154 5 268 5 271 5 272 5 154 5 154 5 272 5 270 5 273 5 274 5 154 5 154 5 274 5 271 5 154 5 174 5 273 5 180 5 262 5 178 5 263 5 184 5 261 5 262 5 261 5 178 5 275 5 276 5 277 5 185 5 184 5 263 5 278 5 279 5 280 5 281 5 282 5 283 5 284 5 123 5 285 5 286 5 168 5 287 5 194 5 190 5 189 5 287 5 144 5 288 5 194 5 193 5 190 5 1 5 188 5 191 5 289 5 290 5 291 5 292 5 290 5 289 5 293 5 294 5 295 5 296 5 295 5 294 5 5 5 1 5 192 5 264 5 297 5 298 5 298 5 148 5 264 5 182 5 181 5 297 5 298 5 297 5 181 5 183 5 182 5 299 5 300 5 299 5 177 5 182 5 177 5 299 5 162 5 164 5 176 5 177 5 176 5 300 5 301 5 123 5 302 5 123 5 303 5 304 5 303 5 123 5 305 5 187 5 265 5 267 5 265 5 187 5 179 5 306 5 267 5 266 5 175 5 171 5 306 5 306 5 266 5 175 5 173 5 154 5 171 5 123 5 171 5 154 5 123 5 284 5 170 5 285 5 123 5 304 5 123 5 168 5 302 5 123 5 301 5 305 5 286 5 307 5 168 5 168 5 307 5 302 5 287 5 308 5 286 5 144 5 143 5 288 5 287 5 288 5 308 5 144 5 289 5 145 5 289 5 291 5 145 5 309 5 310 5 292 5 292 5 310 5 290 5 309 5 296 5 294 5 296 5 309 5 292 5 193 5 192 5 191 5 311 5 192 5 293 5 293 5 295 5 311 5 1 5 191 5 192 5 311 5 5 5 192 5 278 5 151 5 150 5 151 5 189 5 149 5 280 5 279 5 281 5 278 5 150 5 279 5 283 5 282 5 277 5 280 5 281 5 283 5 275 5 186 5 276 5 282 5 275 5 277 5 185 5 276 5 186 5 237 5 236 5 312 5 238 5 247 5 239 5 313 5 314 5 315 5 316 5 250 5 249 5 212 5 317 5 318 5 250 5 316 5 246 5 212 5 251 5 317 5 243 5 246 5 9 5 252 5 254 5 251 5 9 5 246 5 13 5 319 5 320 5 321 5 241 5 237 5 312 5 242 5 241 5 312 5 223 5 235 5 221 5 234 5 223 5 222 5 314 5 233 5 315 5 315 5 233 5 222 5 313 5 322 5 323 5 322 5 313 5 315 5 322 5 207 5 324 5 324 5 323 5 322 5 207 5 325 5 326 5 324 5 207 5 326 5 327 5 325 5 209 5 207 5 209 5 325 5 328 5 209 5 329 5 209 5 228 5 327 5 330 5 331 5 209 5 209 5 331 5 229 5 209 5 328 5 330 5 332 5 333 5 334 5 329 5 209 5 332 5 335 5 336 5 337 5 338 5 339 5 340 5 341 5 342 5 343 5 342 5 344 5 345 5 346 5 347 5 341 5 341 5 343 5 346 5 347 5 346 5 348 5 248 5 247 5 249 5 212 5 318 5 213 5 345 5 343 5 342 5 246 5 316 5 349 5 350 5 253 5 351 5 252 5 351 5 253 5 350 5 319 5 321 5 319 5 350 5 351 5 352 5 321 5 320 5 353 5 349 5 352 5 352 5 320 5 353 5 246 5 349 5 13 5 353 5 13 5 349 5 240 5 347 5 348 5 238 5 240 5 348 5 344 5 336 5 345 5 354 5 335 5 337 5 337 5 336 5 344 5 94 5 333 5 209 5 354 5 355 5 356 5 356 5 335 5 354 5 338 5 340 5 355 5 356 5 355 5 340 5 338 5 357 5 339 5 358 5 357 5 359 5 357 5 358 5 339 5 359 5 360 5 361 5 361 5 358 5 359 5 332 5 334 5 360 5 361 5 360 5 334 5 333 5 332 5 209 5 362 5 363 5 94 5 94 5 363 5 333 5 230 5 364 5 94 5 94 5 364 5 362 5 231 5 94 5 365 5 227 5 366 5 94 5 365 5 94 5 366 5 227 5 211 5 244 5 227 5 245 5 366 5 213 5 367 5 211 5 211 5 367 5 244 5 368 1 142 1 369 1 142 1 368 1 118 1 370 3 202 3 371 3 202 3 370 3 107 3 368 5 372 5 373 5 16 5 374 5 375 5 376 5 368 5 377 5 376 5 372 5 368 5 377 5 368 5 378 5 368 5 379 5 380 5 378 5 368 5 380 5 368 5 381 5 382 5 379 5 368 5 382 5 381 5 368 5 371 5 19 5 370 5 16 5 383 5 19 5 384 5 385 5 384 5 19 5 386 5 387 5 19 5 386 5 19 5 383 5 19 5 388 5 389 5 387 5 388 5 19 5 19 5 389 5 390 5 391 5 370 5 19 5 391 5 19 5 390 5 16 5 392 5 393 5 394 5 374 5 16 5 395 5 16 5 396 5 397 5 16 5 395 5 397 5 394 5 16 5 392 5 16 5 398 5 396 5 16 5 393 5 370 5 399 5 16 5 398 5 16 5 399 5 399 5 371 5 400 5 371 5 399 5 370 5 400 5 371 5 368 5 369 5 401 5 402 5 401 5 369 5 403 5 404 5 369 5 405 5 369 5 402 5 405 5 406 5 407 5 369 5 406 5 369 5 404 5 369 5 408 5 409 5 407 5 408 5 369 5 369 5 409 5 400 5 400 5 368 5 369 5 61 0 410 0 411 0 61 0 411 0 37 0 412 2 400 2 413 2 414 2 399 2 415 2 411 2 399 2 414 2 399 2 411 2 96 2 416 2 399 2 417 2 416 2 415 2 399 2 418 2 399 2 419 2 418 2 417 2 399 2 420 2 399 2 421 2 420 2 419 2 399 2 421 2 399 2 422 2 422 2 399 2 423 2 424 2 423 2 399 2 424 2 399 2 400 2 400 2 425 2 426 2 424 2 400 2 426 2 425 2 400 2 412 2 427 2 400 2 428 2 427 2 413 2 400 2 429 2 430 2 400 2 431 2 428 2 400 2 133 2 432 2 433 2 400 2 434 2 429 2 136 2 435 2 133 2 136 2 436 2 437 2 97 2 438 2 439 2 136 2 440 2 441 2 437 2 440 2 136 2 442 2 136 2 443 2 136 2 441 2 443 2 444 2 133 2 435 2 435 2 136 2 442 2 133 2 444 2 432 2 433 2 434 2 133 2 400 2 133 2 434 2 430 2 431 2 400 2 445 2 97 2 446 2 445 2 438 2 97 2 97 2 96 2 447 2 447 2 446 2 97 2 96 2 448 2 449 2 447 2 96 2 449 2 96 2 450 2 451 2 448 2 96 2 451 2 411 2 410 2 96 2 450 2 96 2 410 2 51 5 423 5 424 5 51 5 424 5 50 5 39 1 433 1 34 1 433 1 39 1 434 1 452 1 209 1 453 1 209 1 452 1 94 1 454 4 453 4 455 4 456 4 457 4 458 4 459 4 460 4 453 4 459 4 453 4 454 4 461 4 462 4 463 4 463 4 453 4 460 4 464 4 465 4 466 4 466 4 461 4 464 4 467 4 468 4 469 4 470 4 458 4 457 4 471 4 472 4 473 4 474 4 475 4 476 4 477 4 478 4 479 4 480 4 481 4 477 4 481 4 480 4 482 4 483 4 484 4 485 4 463 4 462 4 453 4 486 4 487 4 488 4 489 4 490 4 491 4 492 4 470 4 493 4 494 4 495 4 472 4 496 4 497 4 498 4 471 4 469 4 468 4 486 4 488 4 499 4 464 4 461 4 463 4 500 4 452 4 462 4 453 4 462 4 452 4 501 4 452 4 502 4 452 4 500 4 502 4 452 4 501 4 503 4 485 4 504 4 505 4 506 4 507 4 508 4 509 4 476 4 510 4 474 4 476 4 509 4 511 4 491 4 490 4 512 4 489 4 491 4 509 4 510 4 513 4 477 4 481 4 478 4 458 4 8 4 456 4 456 4 513 4 510 4 514 4 492 4 493 4 515 4 481 4 482 4 8 4 14 4 456 4 516 4 517 4 518 4 457 4 493 4 470 4 492 4 519 4 512 4 514 4 519 4 492 4 492 4 512 4 491 4 494 4 472 4 511 4 491 4 511 4 472 4 495 4 473 4 472 4 471 4 468 4 472 4 520 4 521 4 522 4 523 4 524 4 468 4 523 4 468 4 467 4 486 4 524 4 525 4 524 4 486 4 468 4 526 4 527 4 488 4 525 4 487 4 486 4 499 4 488 4 465 4 526 4 528 4 527 4 529 4 530 4 531 4 521 4 531 4 530 4 530 4 529 4 532 4 531 4 521 4 520 4 533 4 534 4 506 4 534 4 533 4 532 4 535 4 536 4 537 4 538 4 507 4 505 4 539 4 540 4 541 4 542 4 543 4 544 4 504 4 538 4 505 4 545 4 481 4 515 4 485 4 484 4 504 4 513 4 456 4 546 4 547 4 548 4 545 4 547 4 545 4 515 4 543 4 542 4 483 4 545 4 517 4 516 4 517 4 545 4 548 4 474 4 544 4 475 4 546 4 516 4 518 4 14 4 549 4 546 4 546 4 549 4 516 4 456 4 14 4 546 4 543 4 475 4 544 4 484 4 483 4 542 4 508 4 507 4 538 4 533 4 506 4 508 4 534 4 532 4 529 4 541 4 540 4 550 4 520 4 522 4 551 4 537 4 536 4 527 4 552 4 496 4 551 4 551 4 522 4 552 4 528 4 498 4 497 4 497 4 496 4 552 4 553 4 540 4 554 4 555 4 554 4 535 4 527 4 466 4 465 4 528 4 526 4 498 4 527 4 465 4 488 4 536 4 466 4 527 4 535 4 537 4 555 4 535 4 554 4 540 4 540 4 553 4 550 4 539 4 556 4 540 4 557 4 478 4 556 4 540 4 556 4 478 4 479 4 478 4 557 4 355 8 534 8 529 8 506 9 354 9 337 9 520 10 551 10 359 10 357 11 338 11 531 11 329 12 498 12 526 12 332 13 360 13 496 13 525 14 331 14 487 14 488 15 330 15 328 15 523 16 467 16 327 16 229 17 524 17 228 17 324 18 471 18 473 18 326 19 325 19 469 19 511 20 314 20 494 20 495 2 313 2 323 2 489 21 512 21 223 21 233 22 490 22 234 22 312 23 514 23 493 23 236 24 235 24 519 24 250 25 246 25 456 25 457 26 246 26 242 26 250 27 510 27 248 27 510 25 250 25 456 25 476 28 239 28 248 28 248 27 510 27 476 27 240 29 239 29 475 29 476 28 475 28 239 28 240 30 543 30 347 30 543 29 240 29 475 29 483 31 341 31 347 31 347 30 543 30 483 30 342 32 341 32 485 32 483 31 485 31 341 31 342 33 505 33 344 33 505 32 342 32 485 32 507 34 337 34 344 34 344 33 505 33 507 33 457 35 242 35 493 35 507 34 506 34 337 34 246 26 457 26 456 26 236 23 514 23 312 23 312 35 493 35 242 35 512 36 519 36 235 36 519 24 514 24 236 24 489 21 223 21 234 21 512 36 235 36 223 36 490 37 233 37 511 37 489 22 234 22 490 22 314 20 313 20 494 20 233 37 314 37 511 37 323 38 473 38 495 38 313 2 495 2 494 2 326 18 471 18 324 18 324 38 473 38 323 38 467 39 469 39 325 39 469 19 471 19 326 19 523 16 327 16 228 16 467 39 325 39 327 39 524 40 229 40 525 40 523 17 228 17 524 17 331 14 330 14 487 14 229 40 331 40 525 40 328 41 526 41 488 41 330 15 488 15 487 15 332 12 498 12 329 12 329 41 526 41 328 41 551 42 496 42 360 42 496 13 498 13 332 13 520 10 359 10 357 10 551 42 360 42 359 42 531 43 338 43 529 43 520 11 357 11 531 11 355 8 354 8 534 8 338 43 355 43 529 43 506 9 534 9 354 9 244 8 557 8 556 8 479 9 367 9 213 9 541 10 550 10 365 10 366 11 245 11 539 11 364 12 554 12 555 12 230 13 231 13 553 13 528 14 333 14 527 14 537 15 363 15 362 15 552 16 522 16 358 16 334 17 497 17 361 17 356 18 530 18 532 18 340 19 339 19 521 19 538 20 345 20 508 20 533 2 336 2 335 2 484 21 542 21 348 21 343 22 504 22 346 22 249 23 474 23 509 23 247 24 238 24 544 24 352 25 349 25 546 25 513 26 349 26 316 26 352 27 518 27 321 27 518 25 352 25 546 25 517 28 350 28 321 28 321 27 518 27 517 27 253 29 350 29 548 29 517 28 548 28 350 28 253 30 547 30 254 30 547 29 253 29 548 29 515 31 251 31 254 31 254 30 547 30 515 30 317 32 251 32 482 32 515 31 482 31 251 31 317 33 480 33 318 33 480 32 317 32 482 32 477 34 213 34 318 34 318 33 480 33 477 33 513 35 316 35 509 35 477 34 479 34 213 34 349 26 513 26 546 26 247 23 474 23 249 23 249 35 509 35 316 35 542 36 544 36 238 36 544 24 474 24 247 24 484 21 348 21 346 21 542 36 238 36 348 36 504 37 343 37 538 37 484 22 346 22 504 22 345 20 336 20 508 20 343 37 345 37 538 37 335 38 532 38 533 38 336 2 533 2 508 2 340 18 530 18 356 18 356 38 532 38 335 38 522 39 521 39 339 39 521 19 530 19 340 19 552 16 358 16 361 16 522 39 339 39 358 39 497 40 334 40 528 40 552 17 361 17 497 17 333 14 363 14 527 14 334 40 333 40 528 40 362 41 555 41 537 41 363 15 537 15 527 15 230 12 554 12 364 12 364 41 555 41 362 41 550 42 553 42 231 42 553 13 554 13 230 13 541 10 365 10 366 10 550 42 231 42 365 42 539 43 245 43 556 43 541 11 366 11 539 11 244 8 367 8 557 8 245 43 244 43 556 43 479 9 557 9 367 9 241 44 458 44 470 44 8 45 243 45 9 45 491 46 472 46 222 46 221 47 237 47 492 47 322 48 486 48 207 48 322 49 315 49 468 49 499 50 208 50 207 50 207 51 486 51 499 51 468 52 315 52 472 52 499 50 465 50 208 50 468 53 486 53 322 53 491 54 222 54 221 54 472 55 315 55 222 55 492 56 237 56 470 56 491 57 221 57 492 57 241 58 243 58 458 58 237 59 241 59 470 59 8 45 458 45 243 45 516 60 353 60 320 60 13 61 549 61 14 61 351 62 252 62 478 62 481 63 545 63 319 63 535 64 211 64 536 64 535 65 540 65 212 65 227 66 466 66 536 66 536 67 211 67 227 67 212 68 540 68 252 68 227 66 220 66 466 66 212 69 211 69 535 69 351 70 478 70 481 70 252 71 540 71 478 71 319 72 545 72 320 72 351 73 481 73 319 73 516 74 549 74 353 74 545 75 516 75 320 75 13 61 353 61 549 61 214 76 459 76 215 76 216 77 215 77 454 77 459 77 454 77 215 77 455 78 232 78 216 78 216 78 454 78 455 78 453 79 232 79 455 79 453 79 209 79 232 79 459 76 214 76 460 76 218 80 463 80 460 80 460 80 214 80 218 80 463 81 217 81 464 81 217 81 463 81 218 81 217 82 208 82 464 82 464 82 208 82 465 82 500 83 225 83 224 83 225 84 462 84 226 84 462 84 225 84 500 84 219 85 226 85 461 85 462 85 461 85 226 85 466 86 220 86 219 86 219 86 461 86 466 86 500 83 224 83 502 83 93 87 501 87 502 87 502 87 224 87 93 87 501 88 92 88 503 88 92 88 501 88 93 88 92 89 94 89 503 89 503 89 94 89 452 89 558 4 559 4 560 4 561 4 562 4 563 4 564 4 565 4 566 4 567 4 566 4 568 4 565 4 568 4 566 4 569 4 570 4 571 4 568 4 572 4 567 4 572 4 573 4 569 4 574 4 575 4 573 4 575 4 576 4 573 4 577 4 573 4 572 4 577 4 574 4 573 4 569 4 578 4 579 4 572 4 569 4 567 4 569 4 571 4 578 4 569 4 579 4 567 4 580 4 581 4 582 4 583 4 584 4 585 4 586 4 583 4 585 4 584 4 587 4 588 4 587 4 584 4 583 4 589 4 590 4 591 4 592 4 591 4 593 4 594 4 588 4 587 4 595 4 596 4 563 4 597 4 598 4 599 4 600 4 601 4 602 4 603 4 604 4 605 4 606 4 607 4 608 4 609 4 610 4 611 4 612 4 613 4 614 4 615 4 616 4 617 4 615 4 617 4 593 4 618 4 619 4 583 4 618 4 583 4 586 4 583 4 620 4 582 4 620 4 583 4 619 4 581 4 621 4 582 4 620 4 580 4 582 4 622 4 623 4 611 4 621 4 622 4 564 4 581 4 622 4 621 4 617 4 592 4 593 4 624 4 616 4 625 4 615 4 625 4 616 4 560 4 624 4 558 4 624 4 625 4 558 4 626 4 627 4 628 4 629 4 595 4 563 4 630 4 631 4 602 4 598 4 597 4 632 4 607 4 632 4 608 4 632 4 607 4 598 4 633 4 631 4 634 4 561 4 635 4 562 4 595 4 629 4 0 4 636 4 637 4 633 4 633 4 634 4 636 4 638 4 639 4 640 4 641 4 640 4 639 4 6 4 606 4 0 4 596 4 561 4 563 4 562 4 642 4 643 4 635 4 642 4 562 4 644 4 614 4 643 4 562 4 643 4 614 4 614 4 613 4 587 4 614 4 644 4 612 4 594 4 587 4 613 4 645 4 646 4 647 4 648 4 649 4 650 4 600 4 602 4 651 4 611 4 652 4 565 4 590 4 589 4 653 4 591 4 592 4 589 4 647 4 651 4 645 4 645 4 654 4 646 4 653 4 655 4 656 4 656 4 590 4 653 4 657 4 655 4 623 4 655 4 657 4 656 4 610 4 609 4 658 4 565 4 564 4 611 4 611 4 564 4 622 4 657 4 623 4 622 4 610 4 652 4 611 4 645 4 610 4 659 4 658 4 659 4 610 4 645 4 659 4 654 4 645 4 651 4 602 4 601 4 630 4 602 4 602 4 631 4 633 4 641 4 633 4 637 4 660 4 661 4 641 4 660 4 641 4 637 4 608 4 595 4 606 4 640 4 641 4 661 4 662 4 638 4 606 4 638 4 662 4 639 4 0 4 606 4 595 4 662 4 606 4 6 4 599 4 605 4 604 4 604 4 597 4 599 4 663 4 603 4 605 4 626 4 663 4 627 4 663 4 626 4 603 4 627 4 648 4 628 4 650 4 649 4 559 4 628 4 648 4 650 4 560 4 559 4 649 4 569 0 573 0 123 0 123 0 154 0 569 0 277 8 649 8 648 8 560 9 276 9 185 9 663 10 605 10 278 10 280 11 283 11 627 11 194 12 598 12 607 12 189 13 151 13 599 13 640 14 294 14 638 14 606 15 293 15 192 15 660 16 637 16 290 16 309 17 661 17 310 17 143 18 634 18 631 18 145 19 291 19 636 19 600 20 286 20 601 20 630 2 308 2 288 2 647 21 646 21 301 21 307 22 651 22 302 22 304 23 659 23 658 23 303 24 305 24 654 24 170 25 284 25 611 25 609 26 284 26 285 26 170 27 623 27 171 27 623 25 170 25 611 25 655 28 306 28 171 28 171 27 623 27 655 27 267 29 306 29 653 29 655 28 653 28 306 28 267 30 589 30 187 30 589 29 267 29 653 29 592 31 180 31 187 31 187 30 589 30 592 30 262 32 180 32 617 32 592 31 617 31 180 31 262 33 616 33 263 33 616 32 262 32 617 32 624 34 185 34 263 34 263 33 616 33 624 33 609 35 285 35 658 35 624 34 560 34 185 34 284 26 609 26 611 26 303 23 659 23 304 23 304 35 658 35 285 35 646 36 654 36 305 36 654 24 659 24 303 24 647 21 301 21 302 21 646 36 305 36 301 36 651 37 307 37 600 37 647 22 302 22 651 22 286 20 308 20 601 20 307 37 286 37 600 37 288 38 631 38 630 38 308 2 630 2 601 2 145 18 634 18 143 18 143 38 631 38 288 38 637 39 636 39 291 39 636 19 634 19 145 19 660 16 290 16 310 16 637 39 291 39 290 39 661 40 309 40 640 40 660 17 310 17 661 17 294 14 293 14 638 14 309 40 294 40 640 40 192 41 607 41 606 41 293 15 606 15 638 15 189 12 598 12 194 12 194 41 607 41 192 41 605 42 599 42 151 42 599 13 598 13 189 13 663 10 278 10 280 10 605 42 151 42 278 42 627 43 283 43 648 43 663 11 280 11 627 11 277 8 276 8 649 8 283 43 277 43 648 43 560 9 649 9 276 9 300 8 613 8 612 8 594 9 176 9 164 9 643 10 642 10 181 10 183 11 299 11 644 11 146 12 561 12 596 12 148 13 298 13 635 13 632 14 190 14 608 14 595 15 193 15 191 15 604 16 603 16 279 16 149 17 597 17 150 17 275 18 628 18 650 18 282 19 281 19 626 19 625 20 261 20 558 20 559 2 184 2 186 2 593 21 591 21 265 21 178 22 615 22 179 22 173 23 656 23 657 23 175 24 266 24 590 24 274 25 273 25 581 25 622 26 273 26 174 26 274 27 580 27 271 27 580 25 274 25 581 25 620 28 272 28 271 28 271 27 580 27 620 27 270 29 272 29 619 29 620 28 619 28 272 28 270 30 618 30 268 30 618 29 270 29 619 29 586 31 269 31 268 31 268 30 618 30 586 30 169 32 269 32 585 32 586 31 585 31 269 31 169 33 584 33 163 33 584 32 169 32 585 32 588 34 164 34 163 34 163 33 584 33 588 33 622 35 174 35 657 35 588 34 594 34 164 34 273 26 622 26 581 26 175 23 656 23 173 23 173 35 657 35 174 35 591 36 590 36 266 36 590 24 656 24 175 24 593 21 265 21 179 21 591 36 266 36 265 36 615 37 178 37 625 37 593 22 179 22 615 22 261 20 184 20 558 20 178 37 261 37 625 37 186 38 650 38 559 38 184 2 559 2 558 2 282 18 628 18 275 18 275 38 650 38 186 38 603 39 626 39 281 39 626 19 628 19 282 19 604 16 279 16 150 16 603 39 281 39 279 39 597 40 149 40 632 40 604 17 150 17 597 17 190 14 193 14 608 14 149 40 190 40 632 40 191 41 596 41 595 41 193 15 595 15 608 15 148 12 561 12 146 12 146 41 596 41 191 41 642 42 635 42 298 42 635 13 561 13 148 13 643 10 181 10 183 10 642 42 298 42 181 42 644 43 299 43 612 43 643 11 183 11 644 11 300 8 176 8 613 8 299 43 300 43 612 43 594 9 613 9 176 9 639 90 311 90 295 90 5 91 662 91 6 91 292 92 289 92 602 92 633 93 641 93 296 93 610 94 287 94 652 94 610 95 645 95 144 95 168 96 565 96 652 96 652 97 287 97 168 97 144 98 645 98 289 98 168 96 161 96 565 96 144 99 287 99 610 99 292 100 602 100 633 100 289 101 645 101 602 101 296 102 641 102 295 102 292 103 633 103 296 103 639 104 662 104 311 104 641 105 639 105 295 105 5 91 311 91 662 91 147 106 629 106 563 106 0 107 188 107 1 107 614 108 587 108 182 108 297 109 264 109 562 109 162 110 582 110 156 110 162 111 177 111 583 111 621 112 157 112 156 112 156 113 582 113 621 113 583 114 177 114 587 114 621 112 564 112 157 112 583 115 582 115 162 115 614 116 182 116 297 116 587 117 177 117 182 117 562 118 264 118 563 118 614 119 297 119 562 119 147 120 188 120 629 120 264 121 147 121 563 121 0 107 629 107 188 107 577 122 122 122 121 122 122 123 572 123 167 123 572 123 122 123 577 123 160 124 167 124 568 124 572 124 568 124 167 124 565 125 161 125 160 125 160 125 568 125 565 125 577 122 121 122 574 122 166 126 575 126 574 126 574 126 121 126 166 126 575 127 165 127 576 127 165 127 575 127 166 127 165 128 123 128 576 128 576 128 123 128 573 128 152 129 578 129 153 129 155 130 153 130 571 130 578 130 571 130 153 130 570 131 172 131 155 131 155 131 571 131 570 131 569 132 172 132 570 132 569 132 154 132 172 132 578 129 152 129 579 129 159 133 567 133 579 133 579 133 152 133 159 133 567 134 158 134 566 134 158 134 567 134 159 134 158 135 157 135 566 135 566 135 157 135 564 135 664 136 4 136 7 136 665 137 126 137 666 137 667 138 127 138 130 138 125 139 668 139 669 139 124 140 665 140 670 140 129 141 671 141 128 141 672 142 129 142 137 142 138 143 128 143 673 143 671 144 673 144 128 144 674 145 32 145 138 145 138 146 673 146 674 146 41 147 32 147 674 147 672 148 137 148 669 148 672 149 671 149 129 149 125 150 670 150 668 150 125 151 669 151 137 151 124 152 126 152 665 152 125 153 124 153 670 153 666 154 127 154 667 154 126 155 127 155 666 155 664 156 130 156 4 156 667 157 130 157 664 157 135 158 409 158 408 158 400 159 134 159 133 159 406 160 404 160 111 160 131 161 132 161 407 161 140 162 402 162 401 162 139 163 110 163 405 163 401 164 403 164 141 164 141 164 140 164 401 164 369 165 142 165 403 165 141 165 403 165 142 165 405 163 402 163 139 163 139 162 402 162 140 162 404 166 110 166 111 166 404 166 405 166 110 166 406 161 131 161 407 161 406 160 111 160 131 160 132 167 135 167 408 167 407 167 132 167 408 167 134 159 400 159 409 159 135 158 134 158 409 158 675 168 60 168 36 168 676 169 86 169 677 169 678 170 255 170 85 170 82 171 679 171 680 171 87 172 676 172 681 172 81 173 682 173 80 173 683 174 81 174 83 174 84 175 80 175 684 175 682 176 684 176 80 176 685 177 10 177 84 177 84 178 684 178 685 178 11 179 10 179 685 179 683 180 83 180 680 180 683 181 682 181 81 181 82 182 681 182 679 182 82 183 680 183 83 183 87 184 86 184 676 184 82 185 87 185 681 185 677 186 255 186 678 186 86 187 255 187 677 187 675 188 85 188 60 188 678 189 85 189 675 189 79 190 375 190 374 190 16 191 78 191 17 191 397 192 395 192 256 192 89 193 88 193 394 193 259 194 393 194 392 194 258 195 257 195 396 195 392 196 398 196 260 196 260 196 259 196 392 196 399 197 96 197 398 197 260 197 398 197 96 197 396 195 393 195 258 195 258 194 393 194 259 194 395 198 257 198 256 198 395 198 396 198 257 198 397 193 89 193 394 193 397 192 256 192 89 192 88 199 79 199 374 199 394 199 88 199 374 199 78 191 16 191 375 191 79 190 78 190 375 190 119 200 118 200 368 200 196 201 195 201 376 201 120 202 373 202 372 202 380 203 200 203 198 203 377 204 378 204 197 204 382 205 201 205 199 205 199 206 379 206 382 206 202 207 201 207 381 207 382 205 381 205 201 205 371 207 202 207 381 207 379 203 200 203 380 203 200 206 379 206 199 206 378 208 198 208 197 208 378 208 380 208 198 208 377 201 196 201 376 201 377 204 197 204 196 204 195 209 120 209 372 209 376 209 195 209 372 209 119 200 368 200 373 200 120 202 119 202 373 202 108 210 107 210 370 210 103 211 106 211 389 211 105 212 391 212 390 212 386 213 99 213 102 213 388 214 387 214 104 214 384 215 210 215 98 215 98 216 383 216 384 216 18 217 210 217 385 217 384 215 385 215 210 215 19 217 18 217 385 217 383 213 99 213 386 213 99 216 383 216 98 216 387 218 102 218 104 218 387 218 386 218 102 218 388 211 103 211 389 211 388 214 104 214 103 214 106 219 105 219 390 219 389 219 106 219 390 219 108 210 370 210 391 210 105 212 108 212 391 212 686 220 22 220 21 220 687 221 77 221 76 221 688 222 76 222 109 222 113 223 112 223 689 223 77 224 690 224 112 224 114 225 691 225 692 225 693 226 691 226 116 226 115 227 694 227 695 227 694 228 115 228 114 228 696 229 117 229 695 229 115 230 695 230 117 230 696 231 3 231 2 231 2 232 117 232 696 232 691 233 114 233 116 233 692 234 694 234 114 234 113 235 689 235 693 235 113 236 693 236 116 236 697 237 690 237 77 237 112 238 690 238 689 238 687 239 76 239 688 239 697 240 77 240 687 240 686 241 109 241 22 241 688 242 109 242 686 242 698 243 12 243 15 243 699 244 91 244 700 244 701 245 90 245 95 245 101 246 702 246 703 246 100 247 699 247 704 247 204 248 705 248 205 248 706 249 204 249 203 249 206 250 205 250 707 250 705 251 707 251 205 251 708 252 23 252 206 252 206 253 707 253 708 253 20 254 23 254 708 254 706 255 203 255 703 255 706 256 705 256 204 256 101 257 704 257 702 257 101 258 703 258 203 258 100 259 91 259 699 259 101 260 100 260 704 260 700 261 90 261 701 261 91 262 90 262 700 262 698 263 95 263 12 263 701 264 95 264 698 264 709 265 710 265 711 265 710 266 712 266 713 266 714 267 3 267 715 267 716 268 711 268 713 268 711 269 717 269 709 269 717 270 718 270 709 270 719 271 720 271 721 271 720 272 722 272 723 272 695 273 724 273 696 273 722 274 720 274 725 274 696 275 715 275 3 275 726 276 711 276 716 276 727 277 728 277 722 277 729 278 717 278 726 278 728 279 730 279 723 279 731 280 732 280 733 280 734 281 735 281 736 281 737 282 738 282 739 282 740 283 741 283 732 283 742 284 743 284 737 284 744 285 688 285 745 285 746 286 747 286 748 286 739 287 742 287 737 287 21 288 746 288 745 288 740 289 749 289 741 289 743 290 750 290 737 290 749 291 751 291 752 291 753 292 754 292 755 292 727 293 729 293 728 293 756 294 750 294 757 294 758 295 759 295 733 295 760 296 727 296 722 296 761 297 762 297 763 297 764 298 765 298 766 298 767 299 768 299 769 299 770 300 771 300 772 300 773 301 774 301 775 301 776 302 777 302 72 302 778 303 779 303 772 303 780 304 763 304 762 304 778 305 762 305 781 305 72 306 782 306 776 306 772 307 783 307 770 307 778 308 780 308 762 308 773 309 784 309 774 309 710 310 785 310 712 310 786 311 787 311 788 311 789 312 738 312 737 312 790 313 791 313 792 313 760 314 718 314 727 314 793 315 730 315 716 315 730 316 793 316 794 316 711 317 726 317 717 317 729 318 726 318 728 318 726 319 716 319 730 319 711 320 710 320 713 320 723 321 730 321 794 321 721 322 795 322 796 322 797 323 798 323 725 323 718 324 717 324 729 324 794 325 795 325 723 325 726 326 730 326 728 326 725 327 720 327 797 327 798 328 799 328 734 328 800 329 792 329 801 329 718 330 729 330 727 330 721 331 796 331 802 331 728 332 723 332 722 332 721 333 720 333 795 333 719 334 797 334 720 334 725 335 803 335 760 335 760 336 803 336 718 336 804 337 719 337 802 337 720 338 723 338 795 338 802 339 719 339 721 339 803 340 725 340 798 340 736 341 805 341 733 341 722 342 725 342 760 342 798 343 806 343 803 343 803 344 806 344 718 344 715 345 804 345 807 345 799 346 735 346 734 346 719 347 715 347 808 347 798 348 797 348 799 348 797 349 808 349 799 349 734 350 806 350 798 350 734 351 809 351 806 351 806 352 809 352 718 352 804 353 715 353 719 353 714 354 715 354 807 354 695 355 810 355 724 355 719 356 808 356 797 356 808 357 724 357 810 357 734 358 736 358 809 358 799 359 810 359 735 359 754 360 811 360 751 360 736 361 759 361 809 361 809 362 759 362 718 362 808 363 715 363 724 363 696 364 724 364 715 364 810 365 812 365 735 365 808 366 810 366 799 366 695 367 812 367 810 367 736 368 735 368 805 368 735 369 812 369 805 369 733 370 759 370 736 370 813 371 814 371 815 371 759 372 758 372 718 372 695 373 694 373 812 373 692 374 816 374 694 374 691 375 817 375 692 375 812 376 694 376 816 376 733 377 805 377 731 377 805 378 816 378 731 378 732 379 758 379 733 379 758 380 732 380 818 380 758 381 818 381 718 381 817 382 816 382 692 382 812 383 816 383 805 383 691 384 819 384 817 384 732 385 731 385 740 385 731 386 817 386 740 386 741 387 818 387 732 387 818 388 741 388 820 388 818 389 820 389 718 389 816 390 817 390 731 390 693 391 819 391 691 391 689 392 821 392 693 392 822 393 689 393 690 393 740 394 819 394 749 394 752 395 820 395 741 395 820 396 752 396 823 396 820 397 823 397 718 397 821 398 819 398 693 398 817 399 819 399 740 399 821 400 689 400 822 400 741 401 749 401 752 401 824 402 690 402 697 402 823 403 752 403 811 403 823 404 811 404 825 404 823 405 825 405 718 405 749 406 821 406 751 406 819 407 821 407 749 407 822 408 690 408 824 408 752 409 751 409 811 409 755 410 742 410 739 410 753 411 825 411 811 411 826 412 825 412 753 412 825 413 826 413 718 413 751 414 822 414 754 414 821 415 822 415 751 415 827 416 697 416 687 416 811 417 754 417 753 417 754 418 824 418 755 418 827 419 755 419 824 419 738 420 826 420 739 420 826 421 738 421 718 421 739 422 753 422 755 422 822 423 824 423 754 423 827 424 824 424 697 424 688 425 744 425 687 425 756 426 828 426 801 426 753 427 739 427 826 427 829 428 764 428 814 428 738 429 789 429 718 429 827 430 687 430 744 430 755 431 827 431 742 431 750 432 756 432 830 432 744 433 743 433 742 433 750 434 789 434 737 434 830 435 789 435 750 435 789 436 830 436 718 436 745 437 688 437 686 437 743 438 744 438 831 438 757 439 828 439 756 439 827 440 744 440 742 440 744 441 745 441 831 441 750 442 743 442 757 442 831 443 757 443 743 443 792 444 832 444 815 444 833 445 830 445 756 445 830 446 833 446 718 446 745 447 686 447 21 447 834 448 835 448 748 448 748 449 831 449 745 449 834 450 836 450 837 450 831 451 748 451 835 451 801 452 792 452 791 452 757 453 835 453 828 453 801 454 833 454 756 454 801 455 791 455 833 455 833 456 791 456 718 456 746 457 748 457 745 457 834 458 748 458 747 458 838 459 839 459 832 459 757 460 831 460 835 460 835 461 834 461 837 461 828 462 837 462 800 462 840 463 764 463 829 463 788 464 840 464 841 464 835 465 837 465 828 465 836 466 838 466 837 466 800 467 832 467 792 467 828 468 800 468 801 468 838 469 832 469 800 469 815 470 790 470 792 470 815 471 842 471 790 471 718 472 791 472 790 472 838 473 800 473 837 473 843 474 813 474 839 474 813 475 815 475 832 475 832 476 839 476 813 476 814 477 842 477 815 477 842 478 814 478 766 478 718 479 790 479 842 479 844 480 829 480 843 480 829 481 814 481 813 481 813 482 843 482 829 482 764 483 766 483 814 483 788 484 845 484 846 484 718 485 842 485 766 485 844 486 847 486 829 486 829 487 847 487 840 487 840 488 765 488 764 488 765 489 840 489 787 489 718 490 766 490 765 490 788 491 787 491 840 491 783 492 772 492 848 492 718 493 765 493 787 493 840 494 847 494 841 494 846 495 786 495 788 495 846 496 849 496 783 496 718 497 787 497 786 497 788 498 841 498 845 498 849 499 850 499 770 499 783 500 851 500 846 500 718 501 786 501 851 501 786 502 846 502 851 502 846 503 845 503 849 503 850 504 852 504 770 504 770 505 852 505 771 505 718 506 851 506 848 506 851 507 783 507 848 507 853 508 771 508 852 508 770 509 783 509 849 509 771 510 780 510 778 510 761 511 854 511 768 511 718 512 848 512 779 512 848 513 772 513 779 513 855 514 780 514 853 514 772 515 771 515 778 515 780 516 771 516 853 516 774 517 767 517 775 517 718 518 779 518 781 518 779 519 778 519 781 519 776 520 855 520 777 520 854 521 769 521 768 521 780 522 776 522 763 522 761 523 856 523 762 523 718 524 781 524 856 524 781 525 762 525 856 525 857 526 782 526 858 526 855 527 776 527 780 527 782 528 857 528 776 528 858 529 854 529 857 529 854 530 763 530 857 530 768 531 859 531 761 531 718 532 856 532 859 532 856 533 761 533 859 533 854 534 858 534 860 534 763 535 776 535 857 535 769 536 860 536 861 536 761 537 763 537 854 537 854 538 860 538 769 538 862 539 768 539 767 539 718 540 859 540 862 540 859 541 768 541 862 541 863 542 775 542 861 542 775 543 769 543 861 543 775 544 767 544 769 544 774 545 864 545 767 545 718 546 862 546 864 546 862 547 767 547 864 547 865 548 775 548 863 548 773 549 866 549 784 549 718 550 864 550 784 550 864 551 774 551 784 551 867 552 773 552 865 552 773 553 775 553 865 553 868 554 785 554 710 554 868 555 866 555 785 555 718 556 784 556 866 556 785 557 867 557 712 557 785 558 773 558 867 558 868 559 710 559 709 559 866 560 773 560 785 560 709 561 718 561 868 561 718 562 866 562 868 562 869 563 870 563 841 563 844 564 869 564 847 564 869 565 841 565 847 565 844 566 843 566 871 566 871 567 869 567 844 567 872 568 843 568 839 568 843 569 872 569 871 569 838 570 873 570 839 570 872 571 839 571 873 571 836 572 874 572 873 572 873 573 838 573 836 573 874 574 834 574 875 574 834 575 874 575 836 575 876 576 875 576 747 576 834 577 747 577 875 577 746 578 20 578 876 578 876 579 747 579 746 579 21 580 20 580 746 580 841 581 870 581 845 581 849 582 845 582 877 582 870 583 877 583 845 583 878 584 850 584 849 584 849 585 877 585 878 585 850 586 879 586 852 586 879 587 850 587 878 587 880 588 853 588 879 588 852 589 879 589 853 589 880 590 881 590 855 590 855 591 853 591 880 591 777 592 881 592 75 592 881 593 777 593 855 593 777 594 75 594 72 594 716 595 882 595 793 595 716 596 713 596 883 596 883 597 882 597 716 597 884 598 713 598 712 598 713 599 884 599 883 599 867 600 885 600 712 600 884 601 712 601 885 601 865 602 886 602 885 602 885 603 867 603 865 603 863 604 886 604 865 604 887 605 863 605 861 605 863 606 887 606 886 606 888 607 887 607 860 607 861 608 860 608 887 608 858 609 889 609 888 609 888 610 860 610 858 610 889 611 782 611 74 611 782 612 889 612 858 612 782 613 72 613 74 613 882 614 794 614 793 614 795 615 794 615 890 615 882 616 890 616 794 616 891 617 796 617 795 617 795 618 890 618 891 618 796 619 892 619 802 619 892 620 796 620 891 620 893 621 804 621 892 621 802 622 892 622 804 622 893 623 894 623 807 623 807 624 804 624 893 624 714 625 894 625 7 625 894 626 714 626 807 626 714 627 7 627 3 627 702 628 704 628 895 628 896 629 897 629 898 629 899 630 872 630 900 630 874 631 901 631 902 631 903 632 900 632 902 632 902 633 904 633 905 633 904 634 902 634 901 634 904 635 901 635 906 635 901 636 875 636 876 636 907 637 869 637 908 637 876 638 708 638 906 638 708 639 707 639 906 639 20 640 708 640 876 640 909 641 910 641 911 641 912 642 910 642 913 642 905 643 909 643 903 643 914 644 915 644 699 644 916 645 909 645 917 645 918 646 919 646 920 646 700 647 918 647 914 647 921 648 922 648 907 648 919 649 698 649 923 649 921 650 908 650 899 650 919 651 924 651 925 651 698 652 15 652 923 652 898 653 907 653 896 653 899 654 903 654 911 654 926 655 897 655 896 655 926 656 927 656 897 656 928 657 929 657 930 657 929 658 927 658 931 658 881 659 932 659 75 659 930 660 933 660 934 660 707 661 705 661 904 661 906 662 901 662 876 662 705 663 706 663 935 663 874 664 875 664 901 664 707 665 904 665 906 665 904 666 705 666 935 666 706 667 703 667 935 667 873 668 874 668 900 668 902 669 900 669 874 669 905 670 903 670 902 670 872 671 873 671 900 671 904 672 935 672 905 672 935 673 703 673 917 673 899 674 900 674 903 674 917 675 905 675 935 675 903 676 909 676 911 676 871 677 872 677 908 677 908 678 872 678 899 678 911 679 921 679 899 679 869 680 871 680 908 680 703 681 702 681 917 681 920 682 919 682 925 682 905 683 917 683 909 683 699 684 915 684 704 684 911 685 912 685 921 685 909 686 916 686 910 686 907 687 908 687 921 687 912 688 911 688 910 688 921 689 912 689 922 689 870 690 869 690 898 690 898 691 869 691 907 691 907 692 922 692 896 692 877 693 870 693 898 693 702 694 916 694 917 694 895 695 916 695 702 695 895 696 704 696 915 696 926 697 936 697 937 697 938 698 916 698 915 698 912 699 939 699 922 699 938 700 913 700 910 700 936 701 896 701 922 701 939 702 912 702 913 702 878 703 897 703 927 703 936 704 922 704 939 704 898 705 897 705 877 705 936 706 926 706 896 706 878 707 877 707 897 707 895 708 915 708 916 708 700 709 914 709 699 709 939 710 913 710 940 710 916 711 938 711 910 711 938 712 914 712 941 712 936 713 939 713 942 713 941 714 940 714 913 714 931 715 927 715 926 715 940 716 942 716 939 716 932 717 881 717 934 717 942 718 937 718 936 718 931 719 926 719 937 719 879 720 878 720 928 720 928 721 878 721 927 721 929 722 928 722 927 722 879 723 928 723 930 723 915 724 914 724 938 724 701 725 918 725 700 725 920 726 943 726 940 726 938 727 941 727 913 727 940 728 941 728 920 728 943 729 944 729 942 729 942 730 940 730 943 730 944 731 945 731 937 731 937 732 942 732 944 732 945 733 946 733 931 733 931 734 937 734 945 734 946 735 933 735 929 735 931 736 946 736 929 736 933 737 930 737 929 737 880 738 930 738 934 738 930 739 880 739 879 739 914 740 918 740 941 740 919 741 701 741 698 741 947 742 943 742 925 742 941 743 918 743 920 743 943 744 920 744 925 744 948 745 944 745 947 745 944 746 943 746 947 746 949 747 945 747 948 747 945 748 944 748 948 748 950 749 946 749 949 749 946 750 945 750 949 750 951 751 933 751 950 751 933 752 946 752 950 752 932 753 934 753 951 753 933 754 951 754 934 754 880 755 934 755 881 755 919 756 918 756 701 756 923 757 924 757 919 757 924 758 952 758 925 758 925 759 952 759 947 759 952 760 953 760 947 760 947 761 953 761 948 761 953 762 954 762 948 762 948 763 954 763 949 763 954 764 955 764 949 764 955 765 956 765 950 765 955 766 950 766 949 766 956 767 957 767 951 767 956 768 951 768 950 768 957 769 958 769 932 769 957 770 932 770 951 770 932 771 958 771 75 771 959 772 960 772 961 772 962 773 963 773 964 773 965 774 966 774 967 774 968 775 969 775 970 775 971 776 967 776 972 776 966 777 962 777 973 777 974 778 975 778 976 778 961 779 977 779 978 779 667 780 979 780 978 780 976 781 961 781 978 781 664 782 7 782 894 782 979 783 980 783 976 783 971 784 981 784 965 784 982 785 983 785 984 785 963 786 962 786 965 786 985 787 964 787 986 787 987 788 988 788 989 788 990 789 986 789 991 789 989 790 964 790 985 790 964 791 989 791 988 791 991 792 992 792 990 792 988 793 962 793 964 793 992 794 991 794 993 794 988 795 994 795 973 795 993 796 74 796 995 796 988 797 987 797 994 797 987 798 996 798 994 798 997 799 994 799 996 799 998 800 997 800 999 800 996 801 999 801 997 801 673 802 998 802 674 802 998 803 999 803 1000 803 41 804 674 804 1000 804 998 805 1000 805 674 805 671 806 1001 806 673 806 1002 807 671 807 672 807 672 808 669 808 1003 808 997 809 1001 809 1004 809 959 810 961 810 975 810 994 811 1004 811 973 811 986 812 964 812 963 812 962 813 988 813 973 813 991 814 986 814 984 814 983 815 1005 815 993 815 985 816 986 816 990 816 963 817 984 817 986 817 992 818 993 818 995 818 993 819 991 819 983 819 74 820 993 820 889 820 997 821 998 821 1001 821 673 822 1001 822 998 822 972 823 1006 823 1007 823 997 824 1004 824 994 824 1008 825 1004 825 1002 825 1009 826 982 826 969 826 973 827 1008 827 966 827 984 828 963 828 981 828 962 829 966 829 965 829 1009 830 1010 830 1005 830 981 831 963 831 965 831 982 832 984 832 981 832 1005 833 889 833 993 833 991 834 984 834 983 834 1009 835 1005 835 983 835 888 836 889 836 1005 836 1004 837 1001 837 1002 837 671 838 1002 838 1001 838 1011 839 1003 839 669 839 1004 840 1008 840 973 840 1012 841 1008 841 1003 841 970 842 982 842 981 842 1012 843 967 843 966 843 1013 844 1014 844 886 844 965 845 967 845 971 845 1015 846 1013 846 1010 846 970 847 981 847 971 847 970 848 969 848 982 848 1013 849 888 849 1010 849 983 850 982 850 1009 850 1010 851 1009 851 1015 851 888 852 1005 852 1010 852 1008 853 1002 853 1003 853 672 854 1003 854 1002 854 668 855 1016 855 1011 855 1008 856 1012 856 966 856 1011 857 1016 857 1012 857 970 858 971 858 1007 858 967 859 1016 859 972 859 959 860 1017 860 968 860 1007 861 971 861 972 861 1014 862 1015 862 1017 862 968 863 970 863 1007 863 969 864 1017 864 1015 864 1013 865 886 865 887 865 1009 866 969 866 1015 866 1013 867 1015 867 1014 867 888 868 1013 868 887 868 1003 869 1011 869 1012 869 669 870 668 870 1011 870 1016 871 1018 871 972 871 1012 872 1016 872 967 872 1016 873 668 873 1018 873 968 874 1007 874 960 874 1006 875 972 875 1018 875 1019 876 1017 876 959 876 1006 877 960 877 1007 877 1020 878 1014 878 1019 878 1020 879 885 879 1014 879 969 880 968 880 1017 880 1014 881 1017 881 1019 881 886 882 1014 882 885 882 668 883 670 883 1018 883 665 884 1021 884 670 884 1021 885 665 885 666 885 1018 886 670 886 1021 886 1006 887 977 887 960 887 977 888 1006 888 1021 888 1022 889 1019 889 975 889 883 890 1019 890 1022 890 968 891 960 891 959 891 1019 892 959 892 975 892 1020 893 883 893 884 893 883 894 1020 894 1019 894 885 895 1020 895 884 895 978 896 666 896 667 896 1018 897 1021 897 1006 897 978 898 977 898 1021 898 890 899 975 899 974 899 960 900 977 900 961 900 975 901 961 901 976 901 1022 902 890 902 882 902 890 903 1022 903 975 903 883 904 1022 904 882 904 978 905 1021 905 666 905 979 906 667 906 664 906 892 907 976 907 980 907 976 908 978 908 979 908 974 909 892 909 891 909 892 910 974 910 976 910 890 911 974 911 891 911 664 912 894 912 979 912 980 913 894 913 893 913 894 914 980 914 979 914 892 915 980 915 893 915 1023 916 953 916 1024 916 1025 917 1024 917 952 917 953 918 952 918 1024 918 924 919 1026 919 1025 919 1025 920 952 920 924 920 1027 921 924 921 923 921 924 922 1027 922 1026 922 15 923 1028 923 923 923 1027 924 923 924 1028 924 11 925 1028 925 15 925 954 926 953 926 1023 926 1029 927 1030 927 954 927 1029 928 954 928 1023 928 955 929 1030 929 1031 929 1030 930 955 930 954 930 1032 931 956 931 1031 931 955 932 1031 932 956 932 1033 933 957 933 956 933 956 934 1032 934 1033 934 957 935 1034 935 958 935 1034 936 957 936 1033 936 75 937 958 937 1035 937 1034 938 1035 938 958 938 75 939 1035 939 73 939 985 940 1036 940 989 940 985 941 990 941 1037 941 1037 940 1036 940 985 940 1038 942 990 942 992 942 990 941 1038 941 1037 941 995 943 1039 943 992 943 1038 942 992 942 1039 942 995 944 74 944 1040 944 1040 943 1039 943 995 943 74 944 73 944 1040 944 1041 945 989 945 1036 945 987 946 1041 946 1042 946 1041 945 987 945 989 945 1043 947 996 947 1042 947 987 946 1042 946 996 946 1043 948 1044 948 999 948 999 947 996 947 1043 947 1000 949 1044 949 36 949 1044 948 1000 948 999 948 1000 949 36 949 41 949 679 950 681 950 1045 950 1046 951 1047 951 1048 951 1049 952 1024 952 1050 952 1026 953 1051 953 1052 953 1053 954 1050 954 1052 954 1052 955 1054 955 1055 955 1054 956 1052 956 1051 956 1054 957 1051 957 1056 957 1051 958 1027 958 1028 958 1057 959 1029 959 1058 959 1028 960 685 960 1056 960 685 961 684 961 1056 961 11 962 685 962 1028 962 1059 963 1060 963 1061 963 1062 964 1060 964 1063 964 1055 965 1059 965 1053 965 1064 966 1065 966 676 966 1066 967 1059 967 1067 967 1068 968 1069 968 1070 968 677 969 1068 969 1064 969 1071 970 1072 970 1057 970 1069 971 675 971 1044 971 1071 972 1058 972 1049 972 1069 973 1043 973 1073 973 675 974 36 974 1044 974 1048 975 1057 975 1046 975 1049 976 1053 976 1061 976 1074 977 1047 977 1046 977 1074 978 1075 978 1047 978 1076 979 1077 979 1078 979 1077 980 1075 980 1079 980 1035 981 1080 981 73 981 1078 982 1081 982 1082 982 684 983 682 983 1054 983 1056 984 1051 984 1028 984 682 985 683 985 1083 985 1026 986 1027 986 1051 986 684 987 1054 987 1056 987 1054 988 682 988 1083 988 683 989 680 989 1083 989 1025 990 1026 990 1050 990 1052 991 1050 991 1026 991 1055 992 1053 992 1052 992 1024 993 1025 993 1050 993 1054 994 1083 994 1055 994 1083 995 680 995 1067 995 1049 996 1050 996 1053 996 1067 997 1055 997 1083 997 1053 998 1059 998 1061 998 1023 999 1024 999 1058 999 1058 1000 1024 1000 1049 1000 1061 1001 1071 1001 1049 1001 1029 1002 1023 1002 1058 1002 680 1003 679 1003 1067 1003 1070 1004 1069 1004 1073 1004 1055 1005 1067 1005 1059 1005 676 1006 1065 1006 681 1006 1061 1007 1062 1007 1071 1007 1059 1008 1066 1008 1060 1008 1057 1009 1058 1009 1071 1009 1062 1010 1061 1010 1060 1010 1071 1011 1062 1011 1072 1011 1030 1012 1029 1012 1048 1012 1048 1013 1029 1013 1057 1013 1057 1014 1072 1014 1046 1014 1031 1015 1030 1015 1048 1015 679 1016 1066 1016 1067 1016 1045 1017 1066 1017 679 1017 1045 1018 681 1018 1065 1018 1074 1019 1084 1019 1085 1019 1086 1020 1066 1020 1065 1020 1062 1021 1087 1021 1072 1021 1086 1022 1063 1022 1060 1022 1084 1023 1046 1023 1072 1023 1087 1024 1062 1024 1063 1024 1032 1025 1047 1025 1075 1025 1084 1026 1072 1026 1087 1026 1048 1027 1047 1027 1031 1027 1084 1028 1074 1028 1046 1028 1032 1029 1031 1029 1047 1029 1045 1030 1065 1030 1066 1030 677 1031 1064 1031 676 1031 1087 1032 1063 1032 1088 1032 1066 1033 1086 1033 1060 1033 1086 1034 1064 1034 1089 1034 1084 1035 1087 1035 1090 1035 1089 1036 1088 1036 1063 1036 1079 1037 1075 1037 1074 1037 1088 1038 1090 1038 1087 1038 1080 1039 1035 1039 1082 1039 1090 1040 1085 1040 1084 1040 1079 1041 1074 1041 1085 1041 1033 1042 1032 1042 1076 1042 1076 1043 1032 1043 1075 1043 1077 1044 1076 1044 1075 1044 1033 1045 1076 1045 1078 1045 1065 1046 1064 1046 1086 1046 678 1047 1068 1047 677 1047 1070 1048 1091 1048 1088 1048 1086 1049 1089 1049 1063 1049 1088 1050 1089 1050 1070 1050 1091 1051 1092 1051 1090 1051 1090 1052 1088 1052 1091 1052 1092 1053 1093 1053 1085 1053 1085 1054 1090 1054 1092 1054 1093 1055 1094 1055 1079 1055 1079 1056 1085 1056 1093 1056 1094 1057 1081 1057 1077 1057 1079 1058 1094 1058 1077 1058 1081 1059 1078 1059 1077 1059 1034 1060 1078 1060 1082 1060 1078 1061 1034 1061 1033 1061 1064 1062 1068 1062 1089 1062 1069 1063 678 1063 675 1063 1095 1064 1091 1064 1073 1064 1089 1065 1068 1065 1070 1065 1091 1066 1070 1066 1073 1066 1096 1067 1092 1067 1095 1067 1092 1068 1091 1068 1095 1068 1097 1069 1093 1069 1096 1069 1093 1070 1092 1070 1096 1070 1098 1071 1094 1071 1097 1071 1094 1072 1093 1072 1097 1072 1099 1073 1081 1073 1098 1073 1081 1074 1094 1074 1098 1074 1080 1075 1082 1075 1099 1075 1081 1076 1099 1076 1082 1076 1034 1077 1082 1077 1035 1077 1069 1078 1068 1078 678 1078 1044 1079 1043 1079 1069 1079 1043 1080 1042 1080 1073 1080 1073 1081 1042 1081 1095 1081 1042 1082 1041 1082 1095 1082 1095 1083 1041 1083 1096 1083 1041 1084 1036 1084 1096 1084 1096 1085 1036 1085 1097 1085 1036 1086 1037 1086 1097 1086 1037 1087 1038 1087 1098 1087 1037 1088 1098 1088 1097 1088 1038 1089 1039 1089 1099 1089 1038 1090 1099 1090 1098 1090 1039 1091 1040 1091 1080 1091 1039 1092 1080 1092 1099 1092 1080 1093 1040 1093 73 1093 69 1094 447 1094 449 1094 448 1095 64 1095 449 1095 69 1094 449 1094 64 1094 448 1096 451 1096 65 1096 65 1095 64 1095 448 1095 62 1097 451 1097 450 1097 451 1096 62 1096 65 1096 410 1098 63 1098 450 1098 62 1097 450 1097 63 1097 61 1098 63 1098 410 1098 70 1099 447 1099 69 1099 446 1100 70 1100 67 1100 70 1099 446 1099 447 1099 66 1101 445 1101 67 1101 446 1100 67 1100 445 1100 66 1102 71 1102 438 1102 438 1101 445 1101 66 1101 439 1103 71 1103 68 1103 71 1102 439 1102 438 1102 439 1103 68 1103 97 1103 29 1104 443 1104 441 1104 440 1105 28 1105 441 1105 29 1104 441 1104 28 1104 440 1106 437 1106 24 1106 24 1105 28 1105 440 1105 25 1107 437 1107 436 1107 437 1106 25 1106 24 1106 136 1108 27 1108 436 1108 25 1107 436 1107 27 1107 26 1109 27 1109 136 1109 30 1110 443 1110 29 1110 442 1111 30 1111 31 1111 30 1110 442 1110 443 1110 33 1112 435 1112 31 1112 442 1111 31 1111 435 1111 33 1113 35 1113 444 1113 444 1112 435 1112 33 1112 432 1114 35 1114 34 1114 35 1113 432 1113 444 1113 432 1114 34 1114 433 1114 38 1115 37 1115 411 1115 56 1116 59 1116 416 1116 58 1117 414 1117 415 1117 419 1118 55 1118 54 1118 417 1119 418 1119 57 1119 421 1120 53 1120 52 1120 52 1121 420 1121 421 1121 51 1122 53 1122 422 1122 421 1120 422 1120 53 1120 423 1122 51 1122 422 1122 420 1118 55 1118 419 1118 55 1121 420 1121 52 1121 418 1123 54 1123 57 1123 418 1123 419 1123 54 1123 417 1116 56 1116 416 1116 417 1119 57 1119 56 1119 59 1124 58 1124 415 1124 416 1124 59 1124 415 1124 38 1115 411 1115 414 1115 58 1117 38 1117 414 1117 429 1125 434 1125 39 1125 428 1126 431 1126 42 1126 430 1127 40 1127 43 1127 47 1128 412 1128 413 1128 45 1129 44 1129 427 1129 49 1130 426 1130 425 1130 425 1131 46 1131 49 1131 424 1132 426 1132 48 1132 49 1130 48 1130 426 1130 50 1132 424 1132 48 1132 46 1128 412 1128 47 1128 412 1131 46 1131 425 1131 44 1133 413 1133 427 1133 44 1133 47 1133 413 1133 45 1126 428 1126 42 1126 45 1129 427 1129 428 1129 431 1134 430 1134 43 1134 42 1134 431 1134 43 1134 429 1125 39 1125 40 1125 430 1127 429 1127 40 1127</p>
        </triangles>
      </mesh>
    </geometry>
  </library_geometries>
  <library_visual_scenes>
    <visual_scene id="DefaultScene">
      <node id="node_ada88ddb_ff14_4efa_a456_698140d0d3b1" type="NODE">
        <matrix>1 0 0 0 0 1 0 0 0 0 1 0 0 0 0 1</matrix>
        <node id="node_42778480_6a4b_4914_a2d0_b0193ca3077b" type="NODE">
          <matrix>1 0 0 0 0 1 0 0 0 0 1 0 0 0 0 1</matrix>
          <node id="node_42778480_6a4b_4914_a2d0_b0193ca3077b_mesh0" type="NODE">
            <matrix>1 0 0 0 0 1 0 0 0 0 1 0 0 0 0 1</matrix>
            <instance_geometry url="#geometry_ce1c3878_3e54_4ad7_b7c0_2ec952ebec53">
              <bind_material>
                <technique_common>
                  <instance_material symbol="mat_0" target="#mat_0"/>
                </technique_common>
              </bind_material>
            </instance_geometry>
          </node>
        </node>
      </node>
    </visual_scene>
  </library_visual_scenes>
  <scene>
    <instance_visual_scene url="#DefaultScene"/>
  </scene>
</COLLADA>
