<?xml version="1.0" encoding="UTF-8"?>
<COLLADA xmlns="http://www.collada.org/2005/11/COLLADASchema" version="1.4.1">
<!--
# File generated by ImageToStl.com - Free Image and 3D model conversion tools
-->
  <asset>
    <contributor>
      <author>ImageToStl.com</author>
      <authoring_tool>ImageToStl.com</authoring_tool>
    </contributor>
    <created>2026-04-28T11:05:43</created>
    <modified>2026-04-28T11:05:43</modified>
    <up_axis>Z_UP</up_axis>
  </asset>
  <library_effects>
    <effect id="effect_0">
        <profile_COMMON>
          <technique sid="common">
            <phong>
              <diffuse>
                <color>0.79216 0.81961 0.93333 1</color>
              </diffuse>
              <specular>
                <color>0.05 0.05 0.05 1</color>
              </specular>
              <shininess>
                <float>64</float>
              </shininess>
              <transparency>
                <float>1</float>
              </transparency>
            </phong>
          </technique>
        </profile_COMMON>
    </effect>
  </library_effects>
  <library_materials>
    <material id="mat_0">
      <instance_effect url="#effect_0"/>
    </material>
  </library_materials>
  <library_geometries>
    <geometry id="geometry_300c4fda_1cc0_4935_878f_4d83d416c799">
      <mesh>
        <source id="pos_0">
          <float_array id="pos_0-array" count="11658">31.71053314 1.58260691 20 31.75 0 5 31.71053314 1.58260691 5 31.75 0 20 31.59222794 3.1612792 20 31.59222794 3.1612792 5 31.39537811 4.7320919 20 31.39537811 4.7320919 5 31.12047577 6.29114008 20 31.12047577 6.29114008 5 30.76820374 7.83454752 20 30.76820374 7.83454752 5 30.33943748 9.35847664 20 30.33943748 9.35847664 5 29.83524132 10.85913944 20 29.83524132 10.85913944 5 29.25687027 12.33280468 20 29.25687027 12.33280468 5 28.60576248 13.77580833 20 28.60576248 13.77580833 5 27.88353539 15.18456364 20 27.88353539 15.18456364 5 27.0919857 16.55556679 20 27.0919857 16.55556679 5 26.23308182 17.88541222 20 26.23308182 17.88541222 5 25.30895805 19.17078972 20 25.30895805 19.17078972 5 24.32191086 20.40850639 20 24.32191086 20.40850639 5 23.2743969 21.59548378 20 23.2743969 21.59548378 5 22.1690197 22.72877312 20 22.1690197 22.72877312 5 21.00852585 23.80555344 20 21.00852585 23.80555344 5 19.79580116 24.82314873 20 19.79580116 24.82314873 5 18.53386116 25.77903175 20 18.53386116 25.77903175 5 17.22584343 26.67082214 20 17.22584343 26.67082214 5 15.875 27.49630737 20 15.875 27.49630737 5 14.48468876 28.25342941 20 14.48468876 28.25342941 5 13.05836582 28.94031143 20 13.05836582 28.94031143 5 11.5995779 29.55524063 20 11.5995779 29.55524063 5 10.11195087 30.09669304 20 10.11195087 30.09669304 5 8.59918499 30.56332016 20 8.59918499 30.56332016 5 7.06503963 30.95396042 20 7.06503963 30.95396042 5 5.51332951 31.26764679 20 5.51332951 31.26764679 5 3.94791269 31.50359535 20 3.94791269 31.50359535 5 2.37268043 31.66122055 20 2.37268043 31.66122055 5 0.79154944 31.74013138 20 0.79154944 31.74013138 5 -0.79154944 31.74013138 20 -0.79154944 31.74013138 5 -2.37268043 31.66122055 20 -2.37268043 31.66122055 5 -3.94791269 31.50359535 20 -3.94791269 31.50359535 5 -5.51332951 31.26764679 20 -5.51332951 31.26764679 5 -7.06503963 30.95396042 20 -7.06503963 30.95396042 5 -8.59918499 30.56332016 20 -8.59918499 30.56332016 5 -10.11195087 30.09669304 20 -10.11195087 30.09669304 5 -11.5995779 29.55524063 20 -11.5995779 29.55524063 5 -13.05836582 28.94031143 20 -13.05836582 28.94031143 5 -14.48468876 28.25342941 20 -14.48468876 28.25342941 5 -15.875 27.49630737 20 -15.875 27.49630737 5 -17.22584343 26.67082214 20 -17.22584343 26.67082214 5 -18.53386116 25.77903175 20 -18.53386116 25.77903175 5 -19.79580116 24.82314873 20 -19.79580116 24.82314873 5 -21.00852585 23.80555344 20 -21.00852585 23.80555344 5 -22.1690197 22.72877312 20 -22.1690197 22.72877312 5 -23.2743969 21.59548378 20 -23.2743969 21.59548378 5 -24.32191086 20.40850639 20 -24.32191086 20.40850639 5 -25.30895805 19.17078972 20 -25.30895805 19.17078972 5 -26.23308182 17.88541222 20 -26.23308182 17.88541222 5 -27.0919857 16.55556679 20 -27.0919857 16.55556679 5 -27.88353539 15.18456364 20 -27.88353539 15.18456364 5 -28.60576248 13.77580833 5 -28.60576248 13.77580833 20 -29.25687027 12.33280468 20 -29.25687027 12.33280468 5 -29.83524132 10.85913944 20 -29.83524132 10.85913944 5 -30.33943748 9.35847664 20 -30.33943748 9.35847664 5 -30.76820374 7.83454752 20 -30.76820374 7.83454752 5 -31.12047577 6.29114008 20 -31.12047577 6.29114008 5 -31.39537811 4.7320919 20 -31.39537811 4.7320919 5 -31.59222794 3.1612792 20 -31.59222794 3.1612792 5 -31.71053314 1.58260691 20 -31.71053314 1.58260691 5 -31.75 0 20 -31.75 0 5 -33 0 0 -33 0 5 -32.95897675 1.64491427 5 -32.95897675 1.64491427 0 -32.83601379 3.28573895 5 -32.83601379 3.28573895 0 -32.63141632 4.91839457 5 -32.63141632 4.91839457 0 -32.34569168 6.53882265 5 -32.34569168 6.53882265 0 -31.97955132 8.14299393 5 -31.97955132 8.14299393 0 -31.53390312 9.72692108 5 -31.53390312 9.72692108 0 -31.00985718 11.28666496 5 -31.00985718 11.28666496 0 -30.40871429 12.81834793 5 -30.40871429 12.81834793 0 -29.73197174 14.31816292 5 -29.73197174 14.31816292 0 -28.9813118 15.78238106 5 -28.9813118 15.78238106 0 -28.15859985 17.20736122 5 -28.15859985 17.20736122 0 -27.26587868 18.58956146 5 -27.26587868 18.58956146 0 -26.30537224 19.92554474 5 -26.30537224 19.92554474 0 -25.27946663 21.21199036 5 -25.27946663 21.21199036 0 -24.19071198 22.44569969 5 -24.19071198 22.44569969 0 -23.0418148 23.62360573 5 -23.0418148 23.62360573 0 -21.83563232 24.74277878 5 -21.83563232 24.74277878 0 -20.57516289 25.80043983 5 -20.57516289 25.80043983 0 -19.26354027 26.79395485 5 -19.26354027 26.79395485 0 -17.90402603 27.72085571 5 -17.90402603 27.72085571 0 -16.5 28.57883835 5 -16.5 28.57883835 0 -15.05495167 29.36577034 5 -15.05495167 29.36577034 0 -13.57247448 30.07969284 5 -13.57247448 30.07969284 0 -12.05625343 30.71883392 5 -12.05625343 30.71883392 0 -10.51005936 31.28160286 5 -10.51005936 31.28160286 0 -8.93773556 31.76659966 5 -8.93773556 31.76659966 0 -7.34319067 32.17262268 5 -7.34319067 32.17262268 0 -5.73039007 32.49865723 5 -5.73039007 32.49865723 0 -4.10334206 32.74389267 5 -4.10334206 32.74389267 0 -2.46609306 32.90772629 5 -2.46609306 32.90772629 0 -0.82271284 32.98974228 5 -0.82271284 32.98974228 0 0.82271284 32.98974228 5 0.82271284 32.98974228 0 2.46609306 32.90772629 5 2.46609306 32.90772629 0 4.10334206 32.74389267 5 4.10334206 32.74389267 0 5.73039007 32.49865723 0 5.73039007 32.49865723 5 7.34319067 32.17262268 5 7.34319067 32.17262268 0 8.93773556 31.76659966 5 8.93773556 31.76659966 0 10.51005936 31.28160286 5 10.51005936 31.28160286 0 12.05625343 30.71883392 5 12.05625343 30.71883392 0 13.57247448 30.07969284 5 13.57247448 30.07969284 0 15.05495167 29.36577034 0 15.05495167 29.36577034 5 16.5 28.57883835 5 16.5 28.57883835 0 17.90402603 27.72085571 0 17.90402603 27.72085571 5 19.26354027 26.79395485 5 19.26354027 26.79395485 0 20.57516289 25.80043983 0 20.57516289 25.80043983 5 21.83563232 24.74277878 5 21.83563232 24.74277878 0 23.0418148 23.62360573 0 23.0418148 23.62360573 5 24.19071198 22.44569969 0 24.19071198 22.44569969 5 25.27946663 21.21199036 5 25.27946663 21.21199036 0 26.30537224 19.92554474 5 26.30537224 19.92554474 0 27.26587868 18.58956146 0 27.26587868 18.58956146 5 28.15859985 17.20736122 0 28.15859985 17.20736122 5 28.9813118 15.78238106 0 28.9813118 15.78238106 5 29.73197174 14.31816292 5 29.73197174 14.31816292 0 30.40871429 12.81834793 0 30.40871429 12.81834793 5 31.00985718 11.28666496 0 31.00985718 11.28666496 5 31.53390312 9.72692108 0 31.53390312 9.72692108 5 31.97955132 8.14299393 0 31.97955132 8.14299393 5 32.34569168 6.53882265 0 32.34569168 6.53882265 5 32.63141632 4.91839457 0 32.63141632 4.91839457 5 32.83601379 3.28573895 5 32.83601379 3.28573895 0 32.95897675 1.64491427 0 32.95897675 1.64491427 5 33 0 0 33 0 5 32.95897675 -1.64491427 0 32.95897675 -1.64491427 5 32.83601379 -3.28573895 0 32.83601379 -3.28573895 5 32.63141632 -4.91839457 0 32.63141632 -4.91839457 5 32.34569168 -6.53882265 0 32.34569168 -6.53882265 5 31.97955132 -8.14299393 0 31.97955132 -8.14299393 5 31.53390312 -9.72692108 0 31.53390312 -9.72692108 5 31.00985718 -11.28666496 0 31.00985718 -11.28666496 5 30.40871429 -12.81834793 0 30.40871429 -12.81834793 5 29.73197174 -14.31816292 0 29.73197174 -14.31816292 5 28.9813118 -15.78238106 0 28.9813118 -15.78238106 5 28.15859985 -17.20736122 0 28.15859985 -17.20736122 5 27.26587868 -18.58956146 0 27.26587868 -18.58956146 5 26.30537224 -19.92554474 0 26.30537224 -19.92554474 5 25.27946663 -21.21199036 0 25.27946663 -21.21199036 5 24.19071198 -22.44569969 0 24.19071198 -22.44569969 5 23.0418148 -23.62360573 0 23.0418148 -23.62360573 5 21.83563232 -24.74277878 0 21.83563232 -24.74277878 5 20.57516289 -25.80043983 0 20.57516289 -25.80043983 5 19.26354027 -26.79395485 0 19.26354027 -26.79395485 5 17.90402603 -27.72085571 0 17.90402603 -27.72085571 5 16.5 -28.57883835 0 16.5 -28.57883835 5 15.05495167 -29.36577034 0 15.05495167 -29.36577034 5 13.57247448 -30.07969284 0 13.57247448 -30.07969284 5 12.05625343 -30.71883392 0 12.05625343 -30.71883392 5 10.51005936 -31.28160286 0 10.51005936 -31.28160286 5 8.93773556 -31.76659966 0 8.93773556 -31.76659966 5 7.34319067 -32.17262268 0 7.34319067 -32.17262268 5 5.73039007 -32.49865723 0 5.73039007 -32.49865723 5 4.10334206 -32.74389267 0 4.10334206 -32.74389267 5 2.46609306 -32.90772629 0 2.46609306 -32.90772629 5 0.82271284 -32.98974228 0 0.82271284 -32.98974228 5 -0.82271284 -32.98974228 0 -0.82271284 -32.98974228 5 -2.46609306 -32.90772629 0 -2.46609306 -32.90772629 5 -4.10334206 -32.74389267 0 -4.10334206 -32.74389267 5 -5.73039007 -32.49865723 0 -5.73039007 -32.49865723 5 -7.34319067 -32.17262268 0 -7.34319067 -32.17262268 5 -8.93773556 -31.76659966 0 -8.93773556 -31.76659966 5 -10.51005936 -31.28160286 0 -10.51005936 -31.28160286 5 -12.05625343 -30.71883392 0 -12.05625343 -30.71883392 5 -13.57247448 -30.07969284 0 -13.57247448 -30.07969284 5 -15.05495167 -29.36577034 0 -15.05495167 -29.36577034 5 -16.5 -28.57883835 0 -16.5 -28.57883835 5 -17.90402603 -27.72085571 0 -17.90402603 -27.72085571 5 -19.26354027 -26.79395485 0 -19.26354027 -26.79395485 5 -20.57516289 -25.80043983 0 -20.57516289 -25.80043983 5 -21.83563232 -24.74277878 0 -21.83563232 -24.74277878 5 -23.0418148 -23.62360573 0 -23.0418148 -23.62360573 5 -24.19071198 -22.44569969 5 -24.19071198 -22.44569969 0 -25.27946663 -21.21199036 0 -25.27946663 -21.21199036 5 -26.30537224 -19.92554474 0 -26.30537224 -19.92554474 5 -27.26587868 -18.58956146 0 -27.26587868 -18.58956146 5 -28.15859985 -17.20736122 0 -28.15859985 -17.20736122 5 -28.9813118 -15.78238106 5 -28.9813118 -15.78238106 0 -29.73197174 -14.31816292 0 -29.73197174 -14.31816292 5 -30.40871429 -12.81834793 0 -30.40871429 -12.81834793 5 -31.00985718 -11.28666496 0 -31.00985718 -11.28666496 5 -31.53390312 -9.72692108 0 -31.53390312 -9.72692108 5 -31.97955132 -8.14299393 5 -31.97955132 -8.14299393 0 -32.34569168 -6.53882265 5 -32.34569168 -6.53882265 0 -32.63141632 -4.91839457 0 -32.63141632 -4.91839457 5 -32.83601379 -3.28573895 0 -32.83601379 -3.28573895 5 -32.95897675 -1.64491427 0 -32.95897675 -1.64491427 5 -31.71053314 -1.58260691 5 -31.71053314 -1.58260691 20 -31.59222794 -3.1612792 5 -31.59222794 -3.1612792 20 -31.39537811 -4.7320919 5 -31.39537811 -4.7320919 20 -31.12047577 -6.29114008 5 -31.12047577 -6.29114008 20 -30.76820374 -7.83454752 5 -30.76820374 -7.83454752 20 -30.33943748 -9.35847664 5 -30.33943748 -9.35847664 20 -29.83524132 -10.85913944 5 -29.83524132 -10.85913944 20 -29.25687027 -12.33280468 5 -29.25687027 -12.33280468 20 -28.60576248 -13.77580833 5 -28.60576248 -13.77580833 20 -27.88353539 -15.18456364 5 -27.88353539 -15.18456364 20 -27.0919857 -16.55556679 5 -27.0919857 -16.55556679 20 -26.23308182 -17.88541222 5 -26.23308182 -17.88541222 20 -25.30895805 -19.17078972 5 -25.30895805 -19.17078972 20 -24.32191086 -20.40850639 5 -24.32191086 -20.40850639 20 -23.2743969 -21.59548378 5 -23.2743969 -21.59548378 20 -22.1690197 -22.72877312 5 -22.1690197 -22.72877312 20 -21.00852585 -23.80555344 5 -21.00852585 -23.80555344 20 -19.79580116 -24.82314873 20 -19.79580116 -24.82314873 5 -18.53386116 -25.77903175 5 -18.53386116 -25.77903175 20 -17.22584343 -26.67082214 5 -17.22584343 -26.67082214 20 -15.875 -27.49630737 5 -15.875 -27.49630737 20 -14.48468876 -28.25342941 5 -14.48468876 -28.25342941 20 -13.05836582 -28.94031143 5 -13.05836582 -28.94031143 20 -11.5995779 -29.55524063 5 -11.5995779 -29.55524063 20 -10.11195087 -30.09669304 5 -10.11195087 -30.09669304 20 -8.59918499 -30.56332016 5 -8.59918499 -30.56332016 20 -7.06503963 -30.95396042 20 -7.06503963 -30.95396042 5 -5.51332951 -31.26764679 5 -5.51332951 -31.26764679 20 -3.94791269 -31.50359535 5 -3.94791269 -31.50359535 20 -2.37268043 -31.66122055 5 -2.37268043 -31.66122055 20 -0.79154944 -31.74013138 5 -0.79154944 -31.74013138 20 0.79154944 -31.74013138 5 0.79154944 -31.74013138 20 2.37268043 -31.66122055 5 2.37268043 -31.66122055 20 3.94791269 -31.50359535 5 3.94791269 -31.50359535 20 5.51332951 -31.26764679 5 5.51332951 -31.26764679 20 7.06503963 -30.95396042 20 7.06503963 -30.95396042 5 8.59918499 -30.56332016 5 8.59918499 -30.56332016 20 10.11195087 -30.09669304 5 10.11195087 -30.09669304 20 11.5995779 -29.55524063 20 11.5995779 -29.55524063 5 13.05836582 -28.94031143 5 13.05836582 -28.94031143 20 14.48468876 -28.25342941 20 14.48468876 -28.25342941 5 15.875 -27.49630737 5 15.875 -27.49630737 20 17.22584343 -26.67082214 5 17.22584343 -26.67082214 20 18.53386116 -25.77903175 5 18.53386116 -25.77903175 20 19.79580116 -24.82314873 20 19.79580116 -24.82314873 5 21.00852585 -23.80555344 5 21.00852585 -23.80555344 20 22.1690197 -22.72877312 20 22.1690197 -22.72877312 5 23.2743969 -21.59548378 5 23.2743969 -21.59548378 20 24.32191086 -20.40850639 20 24.32191086 -20.40850639 5 25.30895805 -19.17078972 20 25.30895805 -19.17078972 5 26.23308182 -17.88541222 5 26.23308182 -17.88541222 20 27.0919857 -16.55556679 5 27.0919857 -16.55556679 20 27.88353539 -15.18456364 20 27.88353539 -15.18456364 5 28.60576248 -13.77580833 20 28.60576248 -13.77580833 5 29.25687027 -12.33280468 20 29.25687027 -12.33280468 5 29.83524132 -10.85913944 20 29.83524132 -10.85913944 5 30.33943748 -9.35847664 5 30.33943748 -9.35847664 20 30.76820374 -7.83454752 20 30.76820374 -7.83454752 5 31.12047577 -6.29114008 5 31.12047577 -6.29114008 20 31.39537811 -4.7320919 5 31.39537811 -4.7320919 20 31.59222794 -3.1612792 5 31.59222794 -3.1612792 20 31.71053314 -1.58260691 20 31.71053314 -1.58260691 5 -26.08819199 -29.92092896 -7 -26.08819199 -29.92092896 0 -26.09066772 -29.82146454 -7 -26.09066772 -29.82146454 0 -26.0980854 -29.72224617 -7 -26.0980854 -29.72224617 0 -26.11042976 -29.6235199 -7 -26.11042976 -29.6235199 0 -26.12766838 -29.52552986 -7 -26.12766838 -29.52552986 0 -26.14975739 -29.4285183 -7 -26.14975739 -29.4285183 0 -26.17664528 -29.33272552 -7 -26.17664528 -29.33272552 0 -26.2082634 -29.23838806 -7 -26.2082634 -29.23838806 0 -26.24453354 -29.1457386 -7 -26.24453354 -29.1457386 0 -26.28536606 -29.05500984 -7 -26.28536606 -29.05500984 0 -26.33066177 -28.96642303 -7 -26.33066177 -28.96642303 0 -26.38030624 -28.88019753 -7 -26.38030624 -28.88019753 0 -26.4341774 -28.79654884 -7 -26.4341774 -28.79654884 0 -26.49214172 -28.71568298 -7 -26.49214172 -28.71568298 0 -26.55405617 -28.63779831 -7 -26.55405617 -28.63779831 0 -26.61976624 -28.56309128 -7 -26.61976624 -28.56309128 0 -26.68911171 -28.49174309 -7 -26.68911171 -28.49174309 0 -26.76191902 -28.42393303 -7 -26.76191902 -28.42393303 0 -26.83800888 -28.35982704 -7 -26.83800888 -28.35982704 0 -26.91719437 -28.29958344 -7 -26.91719437 -28.29958344 0 -26.99927521 -28.24335289 -7 -26.99927521 -28.24335289 0 -27.08405304 -28.19127464 -7 -27.08405304 -28.19127464 0 -27.17131424 -28.14347839 -7 -27.17131424 -28.14347839 0 -27.26084518 -28.10007858 0 -27.26084518 -28.10007858 -7 -26.09905243 29.98651505 -7 -26.09905243 29.98651505 0 -26.10063171 30.06594849 -7 -26.10063171 30.06594849 0 -26.10536194 30.14525604 -7 -26.10536194 30.14525604 0 -26.1132412 30.22431374 -7 -26.1132412 30.22431374 0 -26.12425232 30.30299568 -7 -26.12425232 30.30299568 0 30.87564087 25.89163017 -5.5 30.87564087 25.89163017 0 30.87327194 25.98896217 -5.5 30.87327194 25.98896217 0 30.86616707 26.08606529 -5.5 30.86616707 26.08606529 0 30.85434723 26.18270683 -5.5 30.85434723 26.18270683 0 30.83783722 26.27865982 -5.5 30.83783722 26.27865982 0 30.81667519 26.37369347 -5.5 30.81667519 26.37369347 0 30.79091644 26.46758652 -5.5 30.79091644 26.46758652 0 30.7606163 26.56011391 -5.5 30.7606163 26.56011391 0 30.72584915 26.65105629 -5.5 30.72584915 26.65105629 0 30.68669891 26.74020004 -5.5 30.68669891 26.74020004 0 30.64325523 26.82733345 -5.5 30.64325523 26.82733345 0 30.59562302 26.9122467 -5.5 30.59562302 26.9122467 0 30.5439167 26.99474335 -5.5 30.5439167 26.99474335 0 30.48825455 27.07462692 -5.5 30.48825455 27.07462692 0 30.42877007 27.15170479 -5.5 30.42877007 27.15170479 0 30.36560631 27.22579765 -5.5 30.36560631 27.22579765 0 30.29891205 27.29672813 -5.5 30.29891205 27.29672813 0 30.22884369 27.36432838 -5.5 30.22884369 27.36432838 0 30.15556908 27.42844009 -5.5 30.15556908 27.42844009 0 30.07926178 27.48890877 -5.5 30.07926178 27.48890877 0 30.00010109 27.54559135 0 30.00010109 27.54559135 -5.5 29.91827583 27.59835434 -5.5 29.91827583 27.59835434 0 29.83398056 27.64707375 0 29.83398056 27.64707375 -5.5 29.74741364 27.69163322 -5.5 29.74741364 27.69163322 0 29.65878105 27.73192596 -5.5 29.65878105 27.73192596 0 29.56829071 27.76785851 0 29.56829071 27.76785851 -5.5 29.47616005 27.79934502 -5.5 29.47616005 27.79934502 0 30.87564087 -25.89163017 -5.5 30.87564087 -25.89163017 0 30.87347984 -25.79865265 -5.5 30.87347984 -25.79865265 0 30.86699677 -25.7058754 -5.5 30.86699677 -25.7058754 0 30.8562088 -25.6135006 -5.5 30.8562088 -25.6135006 0 38.75909805 22.35946465 -5.5 38.88664627 22.53939247 0 38.75909805 22.35946465 0 38.88664627 22.53939247 -5.5 38.62271118 22.18613815 -5.5 38.62271118 22.18613815 0 38.47783661 22.01984406 -5.5 38.47783661 22.01984406 0 38.32483292 21.86099815 -5.5 38.32483292 21.86099815 0 38.16407776 21.70999718 -5.5 38.16407776 21.70999718 0 37.99597931 21.56722069 -5.5 37.99597931 21.56722069 0 37.82095337 21.43302155 -5.5 37.82095337 21.43302155 0 37.63944244 21.30773926 -5.5 37.63944244 21.30773926 0 37.45189667 21.19168282 -5.5 37.45189667 21.19168282 0 37.25878143 21.08514595 -5.5 37.25878143 21.08514595 0 37.06058502 20.98839378 -5.5 37.06058502 20.98839378 0 36.85780334 20.90166664 -5.5 36.85780334 20.90166664 0 36.65093613 20.82518387 -5.5 36.65093613 20.82518387 0 36.4405098 20.75913429 -5.5 36.4405098 20.75913429 0 36.22704315 20.70368576 -5.5 36.22704315 20.70368576 0 36.01107025 20.65897369 -5.5 36.01107025 20.65897369 0 35.79313278 20.62511063 -5.5 35.79313278 20.62511063 0 35.57378006 20.60218239 -5.5 35.57378006 20.60218239 0 35.35354996 20.5902462 -5.5 35.35354996 20.5902462 0 35.13299942 20.58933067 -5.5 35.13299942 20.58933067 0 34.91268158 20.59943771 -5.5 34.91268158 20.59943771 0 34.69314194 20.62054443 -5.5 34.69314194 20.62054443 0 34.47493362 20.65259743 -5.5 34.47493362 20.65259743 0 34.25859833 20.69551468 -5.5 34.25859833 20.69551468 0 34.04467773 20.74919128 -5.5 34.04467773 20.74919128 0 33.83370972 20.81349182 -5.5 33.83370972 20.81349182 0 33.62621689 20.88825417 -5.5 33.62621689 20.88825417 0 33.42271805 20.97329521 -5.5 33.42271805 20.97329521 0 33.22372818 21.06839752 -5.5 33.22372818 21.06839752 0 33.02973557 21.1733284 -5.5 33.02973557 21.1733284 0 32.8412323 21.28782272 -5.5 32.8412323 21.28782272 0 32.65868759 21.41159439 -5.5 32.65868759 21.41159439 0 32.48255539 21.54433632 -5.5 32.48255539 21.54433632 0 32.31327438 21.68571281 -5.5 32.31327438 21.68571281 0 32.15127563 21.83537483 -5.5 32.15127563 21.83537483 0 31.99695587 21.99294472 -5.5 31.99695587 21.99294472 0 31.85070419 22.15802956 -5.5 31.85070419 22.15802956 0 31.71288681 22.33021927 -5.5 31.71288681 22.33021927 0 31.58384514 22.50908089 -5.5 31.58384514 22.50908089 0 31.46390724 22.69416809 -5.5 31.46390724 22.69416809 0 31.35336685 22.8850174 -5.5 31.35336685 22.8850174 0 31.25250244 23.08115387 -5.5 31.25250244 23.08115387 0 31.16156769 23.28208542 -5.5 31.16156769 23.28208542 0 31.08078957 23.48731041 -5.5 31.08078957 23.48731041 0 31.01036835 23.69631767 -5.5 31.01036835 23.69631767 0 30.95047951 23.90858078 -5.5 30.95047951 23.90858078 0 30.90127563 24.1235733 -5.5 30.90127563 24.1235733 0 30.86287689 24.34075737 -5.5 30.86287689 24.34075737 0 30.83538055 24.55958748 -5.5 30.83538055 24.55958748 0 30.81885529 24.77951813 -5.5 30.81885529 24.77951813 0 30.81334114 25 -5.5 30.81334114 25 0 30.83241081 -25.40973854 -5.5 30.83241081 -25.40973854 0 30.81811142 -25.20509148 -5.5 30.81811142 -25.20509148 0 30.81334114 -25 -5.5 30.81334114 -25 0 59.2085228 0.62307358 -7 59.22406006 0 -7 59.22406006 0 -20.5 59.2085228 0.62307358 -20.5 59.16194534 1.24459803 -7 59.16194534 1.24459803 -20.5 59.08444595 1.86302829 -20.5 59.08444595 1.86302829 -7 58.97621536 2.47682691 -7 58.97621536 2.47682691 -20.5 58.83752823 3.08446741 -7 58.83752823 3.08446741 -20.5 58.66872025 3.68443966 -7 58.66872025 3.68443966 -20.5 58.47021866 4.27525187 -20.5 58.47021866 4.27525187 -7 58.24251175 4.85543489 -7 58.24251175 4.85543489 -20.5 57.98617172 5.42354679 -20.5 57.98617172 5.42354679 -7 57.70183182 5.97817469 -7 57.70183182 5.97817469 -20.5 57.39019775 6.51794004 -20.5 57.39019775 6.51794004 -7 57.05204391 7.04150057 -7 57.05204391 7.04150057 -20.5 56.68821716 7.54755497 -7 56.68821716 7.54755497 -20.5 56.29961777 8.03484535 -20.5 56.29961777 8.03484535 -7 55.88720703 8.50215912 -7 55.88720703 8.50215912 -20.5 55.45201874 8.94833565 -7 55.45201874 8.94833565 -20.5 54.99513245 9.37226486 -20.5 54.99513245 9.37226486 -7 54.51768112 9.77289391 -7 54.51768112 9.77289391 -20.5 54.02085495 10.14922523 -7 54.02085495 10.14922523 -20.5 53.50588989 10.50032425 -7 53.50588989 10.50032425 -20.5 52.97406006 10.82531738 -7 52.97406006 10.82531738 -20.5 52.42669296 11.12339783 -7 52.42669296 11.12339783 -20.5 51.86515045 11.39382362 -20.5 51.86515045 11.39382362 -7 51.29082489 11.63592148 -7 51.29082489 11.63592148 -20.5 50.70514297 11.84909153 -7 50.70514297 11.84909153 -20.5 50.10956573 12.03280354 -7 50.10956573 12.03280354 -20.5 49.50557327 12.18659878 -20.5 49.50557327 12.18659878 -7 48.89466095 12.31009674 -7 48.89466095 12.31009674 -20.5 48.27835846 12.40299034 -20.5 48.27835846 12.40299034 -7 47.65818787 12.46504784 -7 47.65818787 12.46504784 -20.5 47.03569412 12.49611473 -7 47.03569412 12.49611473 -20.5 46.41242599 12.49611473 -20.5 46.41242599 12.49611473 -7 45.78993607 12.46504784 -20.5 45.78993607 12.46504784 -7 45.16976547 12.40299034 -20.5 45.16976547 12.40299034 -7 44.55345917 12.31009674 -7 44.55345917 12.31009674 -20.5 43.94254684 12.18659878 -7 43.94254684 12.18659878 -20.5 43.33855438 12.03280354 -20.5 43.33855438 12.03280354 -7 42.74297714 11.84909153 -7 42.74297714 11.84909153 -20.5 42.15729904 11.63592148 -7 42.15729904 11.63592148 -20.5 41.58297348 11.39382362 -20.5 41.58297348 11.39382362 -7 41.02142715 11.12339783 -7 41.02142715 11.12339783 -20.5 40.47406006 10.82531738 -7 40.47406006 10.82531738 -20.5 39.94223022 10.50032425 -20.5 39.94223022 10.50032425 -7 39.42726517 10.14922523 -7 39.42726517 10.14922523 -20.5 38.930439 9.77289391 -20.5 38.930439 9.77289391 -7 38.45298767 9.37226486 -7 38.45298767 9.37226486 -20.5 37.99610138 8.94833565 -20.5 37.99610138 8.94833565 -7 37.56091309 8.50215912 -7 37.56091309 8.50215912 -20.5 37.14850616 8.03484535 -20.5 37.14850616 8.03484535 -7 36.75990295 7.54755497 -7 36.75990295 7.54755497 -20.5 36.3960762 7.04150057 -20.5 36.3960762 7.04150057 -7 36.05792618 6.51794004 -7 36.05792618 6.51794004 -20.5 35.74629211 5.97817469 -20.5 35.74629211 5.97817469 -7 35.46194839 5.42354679 -7 35.46194839 5.42354679 -20.5 35.20560837 4.85543489 -7 35.20560837 4.85543489 -20.5 34.97790146 4.27525187 -7 34.97790146 4.27525187 -20.5 34.77939987 3.68443966 -20.5 34.77939987 3.68443966 -7 34.6105957 3.08446741 -20.5 34.6105957 3.08446741 -7 34.47190475 2.47682691 -20.5 34.47190475 2.47682691 -7 34.36367416 1.86302829 -7 34.36367416 1.86302829 -20.5 34.28617477 1.24459803 -20.5 34.28617477 1.24459803 -7 34.23959732 0.62307358 -7 34.23959732 0.62307358 -20.5 34.22406006 0 -7 34.22406006 0 -20.5 -20.27503014 -31 -7 -20.27689362 -31.07476807 -7 -20.27503014 -31 0 -20.27689362 -31.07476807 0 -20.28248405 -31.14935112 -7 -20.28248405 -31.14935112 0 -20.29178238 -31.22356415 -7 -20.29178238 -31.22356415 0 -20.30477142 -31.29721832 0 -20.30477142 -31.29721832 -7 -20.32141304 -31.37013626 0 -20.32141304 -31.37013626 -7 -20.34167099 -31.44213295 -7 -20.34167099 -31.44213295 0 -20.36548996 -31.51303101 -7 -20.36548996 -31.51303101 0 -20.39281464 -31.58265305 0 -20.39281464 -31.58265305 -7 -20.42357635 -31.6508255 -7 -20.42357635 -31.6508255 0 -20.45769691 -31.71738052 -7 -20.45769691 -31.71738052 0 -20.49509239 -31.78215218 -7 -20.49509239 -31.78215218 0 -20.53567123 -31.84498024 -7 -20.53567123 -31.84498024 0 -20.57933044 -31.90570641 -7 -20.57933044 -31.90570641 0 -20.62596321 -31.9641819 -7 -20.62596321 -31.9641819 0 -20.67545128 -32.02025986 -7 -20.67545128 -32.02025986 0 -20.72767448 -32.07379913 -7 -20.72767448 -32.07379913 0 -20.78250122 -32.12467194 -7 -20.78250122 -32.12467194 0 -20.83979416 -32.17274857 -7 -20.83979416 -32.17274857 0 -20.89941406 -32.21790695 -7 -20.89941406 -32.21790695 0 -20.96121025 -32.26004028 0 -20.96121025 -32.26004028 -7 -21.02503014 -32.29903793 0 -21.02503014 -32.29903793 -7 -21.0907135 -32.33480835 -7 -21.0907135 -32.33480835 0 -21.15809822 -32.36725998 0 -21.15809822 -32.36725998 -7 -21.22701836 -32.3963089 -7 -21.22701836 -32.3963089 0 -21.29730034 -32.42189026 0 -21.29730034 -32.42189026 -7 -21.36876869 -32.44393539 -7 -21.36876869 -32.44393539 0 -21.44124794 -32.4623909 -7 -21.44124794 -32.4623909 0 -21.51455688 -32.477211 -7 -21.51455688 -32.477211 0 -21.58851433 -32.48835754 -7 -21.58851433 -32.48835754 0 -21.66293335 -32.49580383 -7 -21.66293335 -32.49580383 0 -21.73763275 -32.49953461 -7 -21.73763275 -32.49953461 0 -21.81242561 -32.49953461 -7 -21.81242561 -32.49953461 0 -21.88712502 -32.49580383 -7 -21.88712502 -32.49580383 0 -21.96154404 -32.48835754 -7 -21.96154404 -32.48835754 0 -22.03550148 -32.477211 -7 -22.03550148 -32.477211 0 -22.10881042 -32.4623909 -7 -22.10881042 -32.4623909 0 -22.18128967 -32.44393539 -7 -22.18128967 -32.44393539 0 -22.25275993 -32.42189026 -7 -22.25275993 -32.42189026 0 -22.32304001 -32.3963089 0 -22.32304001 -32.3963089 -7 -22.39196014 -32.36725998 -7 -22.39196014 -32.36725998 0 -22.45934486 -32.33480835 -7 -22.45934486 -32.33480835 0 -22.52503014 -32.29903793 0 -22.52503014 -32.29903793 -7 -22.58884811 -32.26004028 0 -22.58884811 -32.26004028 -7 -22.6506443 -32.21790695 -7 -22.6506443 -32.21790695 0 -22.71026421 -32.17274857 -7 -22.71026421 -32.17274857 0 -22.76755905 -32.12467194 -7 -22.76755905 -32.12467194 0 -22.82238388 -32.07379913 -7 -22.82238388 -32.07379913 0 -22.87460709 -32.02025986 -7 -22.87460709 -32.02025986 0 -22.92409515 -31.9641819 -7 -22.92409515 -31.9641819 0 -22.97072792 -31.90570641 0 -22.97072792 -31.90570641 -7 -23.01438713 -31.84498024 -7 -23.01438713 -31.84498024 0 -23.05496597 -31.78215218 -7 -23.05496597 -31.78215218 0 -23.09236145 -31.71738052 -7 -23.09236145 -31.71738052 0 -23.12648201 -31.6508255 -7 -23.12648201 -31.6508255 0 -23.15724373 -31.58265305 -7 -23.15724373 -31.58265305 0 -23.18456841 -31.51303101 -7 -23.18456841 -31.51303101 0 -23.20838928 -31.44213295 0 -23.20838928 -31.44213295 -7 -23.22864532 -31.37013626 -7 -23.22864532 -31.37013626 0 -23.24528885 -31.29721832 0 -23.24528885 -31.29721832 -7 -23.25827599 -31.22356415 -7 -23.25827599 -31.22356415 0 -23.26757622 -31.14935112 0 -23.26757622 -31.14935112 -7 -23.27316475 -31.07476807 0 -23.27316475 -31.07476807 -7 -23.27503014 -31 -7 -23.27503014 -31 0 36.72497177 -25 -7 36.72310638 -25.07476807 -7 36.72497177 -25 0 36.72310638 -25.07476807 0 36.71751785 -25.14935112 -7 36.71751785 -25.14935112 0 36.70821762 -25.22356415 -7 36.70821762 -25.22356415 0 36.69522858 -25.29721832 0 36.69522858 -25.29721832 -7 36.67858505 -25.37013626 0 36.67858505 -25.37013626 -7 36.65832901 -25.44213295 -7 36.65832901 -25.44213295 0 36.63451004 -25.51303101 -7 36.63451004 -25.51303101 0 36.60718536 -25.58265305 0 36.60718536 -25.58265305 -7 36.57642365 -25.6508255 -7 36.57642365 -25.6508255 0 36.54230118 -25.71738052 -7 36.54230118 -25.71738052 0 36.5049057 -25.78215218 -7 36.5049057 -25.78215218 0 36.46432877 -25.84498024 -7 36.46432877 -25.84498024 0 36.42066956 -25.90570641 -7 36.42066956 -25.90570641 0 36.3740387 -25.9641819 -7 36.3740387 -25.9641819 0 36.32454681 -26.02025986 -7 36.32454681 -26.02025986 0 36.27232742 -26.07380104 -7 36.27232742 -26.07380104 0 36.21749878 -26.12467194 -7 36.21749878 -26.12467194 0 36.16020584 -26.17274666 -7 36.16020584 -26.17274666 0 36.10058594 -26.21790695 -7 36.10058594 -26.21790695 0 36.03879166 -26.26003838 0 36.03879166 -26.26003838 -7 35.97497177 -26.29903793 0 35.97497177 -26.29903793 -7 35.9092865 -26.33480835 -7 35.9092865 -26.33480835 0 35.84189987 -26.36725807 0 35.84189987 -26.36725807 -7 35.77298355 -26.39631081 -7 35.77298355 -26.39631081 0 35.70270157 -26.42189026 0 35.70270157 -26.42189026 -7 35.63123322 -26.4439373 -7 35.63123322 -26.4439373 0 35.55875015 -26.46239281 -7 35.55875015 -26.46239281 0 35.48544312 -26.477211 -7 35.48544312 -26.477211 0 35.41148758 -26.48835945 -7 35.41148758 -26.48835945 0 35.33706665 -26.49580574 -7 35.33706665 -26.49580574 0 35.26236725 -26.49953461 -7 35.26236725 -26.49953461 0 35.18757629 -26.49953461 -7 35.18757629 -26.49953461 0 35.11287689 -26.49580574 -7 35.11287689 -26.49580574 0 35.03845596 -26.48835945 -7 35.03845596 -26.48835945 0 34.96449661 -26.477211 -7 34.96449661 -26.477211 0 34.89118958 -26.46239281 -7 34.89118958 -26.46239281 0 34.81871033 -26.4439373 -7 34.81871033 -26.4439373 0 34.74724197 -26.42189026 -7 34.74724197 -26.42189026 0 34.67695999 -26.39631081 0 34.67695999 -26.39631081 -7 34.60803986 -26.36725807 -7 34.60803986 -26.36725807 0 34.54065323 -26.33480835 -7 34.54065323 -26.33480835 0 34.47497177 -26.29903793 0 34.47497177 -26.29903793 -7 34.41115189 -26.26003838 0 34.41115189 -26.26003838 -7 34.34935379 -26.21790695 -7 34.34935379 -26.21790695 0 34.2897377 -26.17274666 -7 34.2897377 -26.17274666 0 34.23244095 -26.12467194 -7 34.23244095 -26.12467194 0 34.17761612 -26.07380104 -7 34.17761612 -26.07380104 0 34.12539291 -26.02025986 -7 34.12539291 -26.02025986 0 34.07590485 -25.9641819 -7 34.07590485 -25.9641819 0 34.02927017 -25.90570641 0 34.02927017 -25.90570641 -7 33.98561096 -25.84498024 -7 33.98561096 -25.84498024 0 33.94503403 -25.78215218 -7 33.94503403 -25.78215218 0 33.90763855 -25.71738052 -7 33.90763855 -25.71738052 0 33.87351608 -25.6508255 -7 33.87351608 -25.6508255 0 33.84275818 -25.58265305 -7 33.84275818 -25.58265305 0 33.8154335 -25.51303101 -7 33.8154335 -25.51303101 0 33.79161072 -25.44213295 0 33.79161072 -25.44213295 -7 33.77135468 -25.37013626 -7 33.77135468 -25.37013626 0 33.75471115 -25.29721832 0 33.75471115 -25.29721832 -7 33.74172592 -25.22356415 -7 33.74172592 -25.22356415 0 33.73242569 -25.14935112 0 33.73242569 -25.14935112 -7 33.72683334 -25.07476807 0 33.72683334 -25.07476807 -7 33.72497177 -25 -7 33.72497177 -25 0 36.72497177 25 -7 36.72310638 24.92523193 -7 36.72497177 25 0 36.72310638 24.92523193 0 36.71751785 24.85064888 -7 36.71751785 24.85064888 0 36.70821762 24.77643585 -7 36.70821762 24.77643585 0 36.69522858 24.70278168 0 36.69522858 24.70278168 -7 36.67858505 24.62986374 0 36.67858505 24.62986374 -7 36.65832901 24.55786705 -7 36.65832901 24.55786705 0 36.63451004 24.48696899 -7 36.63451004 24.48696899 0 36.60718536 24.41734695 0 36.60718536 24.41734695 -7 36.57642365 24.3491745 -7 36.57642365 24.3491745 0 36.54230118 24.28261948 -7 36.54230118 24.28261948 0 36.5049057 24.21784782 -7 36.5049057 24.21784782 0 36.46432877 24.15501976 -7 36.46432877 24.15501976 0 36.42066956 24.09429359 -7 36.42066956 24.09429359 0 36.3740387 24.0358181 -7 36.3740387 24.0358181 0 36.32454681 23.97974014 -7 36.32454681 23.97974014 0 36.27232742 23.92619896 -7 36.27232742 23.92619896 0 36.21749878 23.87532806 -7 36.21749878 23.87532806 0 36.16020584 23.82725334 -7 36.16020584 23.82725334 0 36.10058594 23.78209305 -7 36.10058594 23.78209305 0 36.03879166 23.73996162 0 36.03879166 23.73996162 -7 35.97497177 23.70096207 0 35.97497177 23.70096207 -7 35.9092865 23.66519165 -7 35.9092865 23.66519165 0 35.84189987 23.63274193 0 35.84189987 23.63274193 -7 35.77298355 23.60368919 -7 35.77298355 23.60368919 0 35.70270157 23.57810974 0 35.70270157 23.57810974 -7 35.63123322 23.5560627 -7 35.63123322 23.5560627 0 35.55875015 23.53760719 -7 35.55875015 23.53760719 0 35.48544312 23.522789 -7 35.48544312 23.522789 0 35.41148758 23.51164055 -7 35.41148758 23.51164055 0 35.33706665 23.50419426 -7 35.33706665 23.50419426 0 35.26236725 23.50046539 -7 35.26236725 23.50046539 0 35.18757629 23.50046539 -7 35.18757629 23.50046539 0 35.11287689 23.50419426 -7 35.11287689 23.50419426 0 35.03845596 23.51164055 -7 35.03845596 23.51164055 0 34.96449661 23.522789 -7 34.96449661 23.522789 0 34.89118958 23.53760719 -7 34.89118958 23.53760719 0 34.81871033 23.5560627 -7 34.81871033 23.5560627 0 34.74724197 23.57810974 -7 34.74724197 23.57810974 0 34.67695999 23.60368919 0 34.67695999 23.60368919 -7 34.60803986 23.63274193 -7 34.60803986 23.63274193 0 34.54065323 23.66519165 -7 34.54065323 23.66519165 0 34.47497177 23.70096207 0 34.47497177 23.70096207 -7 34.41115189 23.73996162 0 34.41115189 23.73996162 -7 34.34935379 23.78209305 -7 34.34935379 23.78209305 0 34.2897377 23.82725334 -7 34.2897377 23.82725334 0 34.23244095 23.87532806 -7 34.23244095 23.87532806 0 34.17761612 23.92619896 -7 34.17761612 23.92619896 0 34.12539291 23.97974014 -7 34.12539291 23.97974014 0 34.07590485 24.0358181 -7 34.07590485 24.0358181 0 34.02927017 24.09429359 0 34.02927017 24.09429359 -7 33.98561096 24.15501976 -7 33.98561096 24.15501976 0 33.94503403 24.21784782 -7 33.94503403 24.21784782 0 33.90763855 24.28261948 -7 33.90763855 24.28261948 0 33.87351608 24.3491745 -7 33.87351608 24.3491745 0 33.84275818 24.41734695 -7 33.84275818 24.41734695 0 33.8154335 24.48696899 -7 33.8154335 24.48696899 0 33.79161072 24.55786705 0 33.79161072 24.55786705 -7 33.77135468 24.62986374 -7 33.77135468 24.62986374 0 33.75471115 24.70278168 0 33.75471115 24.70278168 -7 33.74172592 24.77643585 -7 33.74172592 24.77643585 0 33.73242569 24.85064888 0 33.73242569 24.85064888 -7 33.72683334 24.92523193 0 33.72683334 24.92523193 -7 33.72497177 25 -7 33.72497177 25 0 -20.27503014 31 -7 -20.27689362 30.92523193 -7 -20.27503014 31 0 -20.27689362 30.92523193 0 -20.28248405 30.85064888 -7 -20.28248405 30.85064888 0 -20.29178238 30.77643585 -7 -20.29178238 30.77643585 0 -20.30477142 30.70278168 0 -20.30477142 30.70278168 -7 -20.32141304 30.62986374 0 -20.32141304 30.62986374 -7 -20.34167099 30.55786705 -7 -20.34167099 30.55786705 0 -20.36548996 30.48696899 -7 -20.36548996 30.48696899 0 -20.39281464 30.41734695 0 -20.39281464 30.41734695 -7 -20.42357635 30.3491745 -7 -20.42357635 30.3491745 0 -20.45769691 30.28261948 -7 -20.45769691 30.28261948 0 -20.49509239 30.21784782 -7 -20.49509239 30.21784782 0 -20.53567123 30.15501976 -7 -20.53567123 30.15501976 0 -20.57933044 30.09429359 -7 -20.57933044 30.09429359 0 -20.62596321 30.0358181 -7 -20.62596321 30.0358181 0 -20.67545128 29.97974014 -7 -20.67545128 29.97974014 0 -20.72767448 29.92619896 -7 -20.72767448 29.92619896 0 -20.78250122 29.87532806 -7 -20.78250122 29.87532806 0 -20.83979416 29.82725334 -7 -20.83979416 29.82725334 0 -20.89941406 29.78209305 -7 -20.89941406 29.78209305 0 -20.96121025 29.73996162 0 -20.96121025 29.73996162 -7 -21.02503014 29.70096207 0 -21.02503014 29.70096207 -7 -21.0907135 29.66519165 -7 -21.0907135 29.66519165 0 -21.15809822 29.63274193 0 -21.15809822 29.63274193 -7 -21.22701836 29.60368919 -7 -21.22701836 29.60368919 0 -21.29730034 29.57810974 0 -21.29730034 29.57810974 -7 -21.36876869 29.5560627 -7 -21.36876869 29.5560627 0 -21.44124794 29.53760719 -7 -21.44124794 29.53760719 0 -21.51455688 29.522789 -7 -21.51455688 29.522789 0 -21.58851433 29.51164055 -7 -21.58851433 29.51164055 0 -21.66293335 29.50419426 -7 -21.66293335 29.50419426 0 -21.73763275 29.50046539 -7 -21.73763275 29.50046539 0 -21.81242561 29.50046539 -7 -21.81242561 29.50046539 0 -21.88712502 29.50419426 -7 -21.88712502 29.50419426 0 -21.96154404 29.51164055 -7 -21.96154404 29.51164055 0 -22.03550148 29.522789 -7 -22.03550148 29.522789 0 -22.10881042 29.53760719 -7 -22.10881042 29.53760719 0 -22.18128967 29.5560627 -7 -22.18128967 29.5560627 0 -22.25275993 29.57810974 -7 -22.25275993 29.57810974 0 -22.32304001 29.60368919 0 -22.32304001 29.60368919 -7 -22.39196014 29.63274193 -7 -22.39196014 29.63274193 0 -22.45934486 29.66519165 -7 -22.45934486 29.66519165 0 -22.52503014 29.70096207 0 -22.52503014 29.70096207 -7 -22.58884811 29.73996162 0 -22.58884811 29.73996162 -7 -22.6506443 29.78209305 -7 -22.6506443 29.78209305 0 -22.71026421 29.82725334 -7 -22.71026421 29.82725334 0 -22.76755905 29.87532806 -7 -22.76755905 29.87532806 0 -22.82238388 29.92619896 -7 -22.82238388 29.92619896 0 -22.87460709 29.97974014 -7 -22.87460709 29.97974014 0 -22.92409515 30.0358181 -7 -22.92409515 30.0358181 0 -22.97072792 30.09429359 0 -22.97072792 30.09429359 -7 -23.01438713 30.15501976 -7 -23.01438713 30.15501976 0 -23.05496597 30.21784782 -7 -23.05496597 30.21784782 0 -23.09236145 30.28261948 -7 -23.09236145 30.28261948 0 -23.12648201 30.3491745 -7 -23.12648201 30.3491745 0 -23.15724373 30.41734695 -7 -23.15724373 30.41734695 0 -23.18456841 30.48696899 -7 -23.18456841 30.48696899 0 -23.20838928 30.55786705 0 -23.20838928 30.55786705 -7 -23.22864532 30.62986374 -7 -23.22864532 30.62986374 0 -23.24528885 30.70278168 0 -23.24528885 30.70278168 -7 -23.25827599 30.77643585 -7 -23.25827599 30.77643585 0 -23.26757622 30.85064888 0 -23.26757622 30.85064888 -7 -23.27316475 30.92523193 0 -23.27316475 30.92523193 -7 -23.27503014 31 -7 -23.27503014 31 0 -28.39636993 -26.48573875 0 -26.16605186 -27.49913597 0 -28.39636993 -26.48573875 -5.5 -26.16605186 -27.49913597 -5.5 -16.19499779 -30.75232124 -5.5 -16.19499779 -30.75232124 0 -13.38276386 -31.32195854 -5.5 -13.38276386 -31.32195854 0 -10.54064941 -31.77083778 -5.5 -10.54064941 -31.77083778 0 -7.670403 -32.09618378 -5.5 -7.670403 -32.09618378 0 7.68706322 -32.09219742 -5.5 7.68706322 -32.09219742 0 11.26930618 -31.72340012 -5.5 11.51014042 -31.693964 0 14.82086563 -31.23059464 -5.5 15.29781914 -31.15480995 0 18.67404938 -30.55210114 -5.5 18.77305412 -30.53265381 0 22.20890236 -29.79380798 0 22.43125153 -29.74162102 -5.5 25.57330894 -28.94503403 0 25.9623642 -28.83856201 -5.5 27.52787018 -28.39245987 0 29.47616005 -27.79934502 -5.5 29.47616005 -27.79934502 0 41.36940765 -23.24681473 -5.5 41.36940765 -23.24681473 0 44.521698 -21.76540947 -5.5 44.8328743 -21.61257744 0 47.66998672 -20.16224861 -5.5 48.28718948 -19.83195496 0 49.71294022 -19.0415535 -5.5 50.76645279 -18.42683792 0 51.20847702 -18.15947914 -5.5 52.0973587 -17.60206604 0 52.49790573 -17.34126282 -5.5 53.43418121 -16.70471001 -5.5 53.69439316 -16.52033997 0 54.33960724 -16.04726028 -5.5 54.90602493 -15.61106586 0 55.21017838 -15.36776924 -5.5 55.87479019 -14.81102276 0 55.95143127 -14.74438858 -5.5 56.48532867 -14.2644434 -5.5 56.69895172 -14.06401443 0 56.99889755 -13.77354336 -5.5 57.39788818 -13.36894417 0 57.49084091 -13.27140045 -5.5 57.98923492 -12.72427368 0 57.95986938 -12.75773144 -5.5 58.40472794 -12.23223019 -5.5 58.54236221 -12.06084728 0 58.82483673 -11.69431114 -5.5 59.00673676 -11.44668388 0 59.2201767 -11.14315224 -5.5 59.39757538 -10.87907791 0 59.59074402 -10.57792473 -5.5 59.76273346 -10.29648685 0 59.93653488 -9.99780083 -5.5 60.10221481 -9.69803619 0 60.25754547 -9.40194893 -5.5 60.416008 -9.08285141 0 60.55377197 -8.7895422 -5.5 60.70415497 -8.45005322 0 60.82533646 -8.15973759 -5.5 60.96687317 -7.79874182 0 61.07247543 -7.51167727 -5.5 61.204422 -7.12801266 0 61.29544067 -6.84450293 -5.5 61.41703415 -6.43692732 0 61.49438477 -6.15726757 -5.5 61.60477066 -5.72439623 0 61.66933441 -5.44890642 -5.5 61.76764297 -4.98928547 0 61.82328415 -4.70238161 -5.5 61.90567017 -4.2306428 0 61.98660278 -3.69214487 -5.5 62.01887131 -3.44835377 0 62.10737991 -2.64150405 -5.5 62.10728073 -2.64255095 0 62.17092896 -1.81191647 0 62.19175339 -1.42232788 -5.5 62.20982361 -0.94877428 0 62.22406006 0 -5.5 62.22050095 -0.4746199 0 62.22406006 0 0 62.22050095 0.47461993 -5.5 62.20982361 0.94877434 -5.5 62.19175339 1.42232788 0 62.17092896 1.81191659 -5.5 62.10728073 2.64255118 -5.5 62.10737991 2.64150405 0 62.01887131 3.44835377 -5.5 61.98660278 3.69214487 0 61.90567017 4.2306428 -5.5 61.82328415 4.70238161 0 61.76764297 4.98928595 -5.5 61.66933441 5.44890642 0 61.60477066 5.72439623 -5.5 61.49438477 6.15726757 0 61.41703415 6.43692732 -5.5 61.29544067 6.84450293 0 61.204422 7.12801266 -5.5 61.07247543 7.51167727 0 60.96687317 7.79874182 -5.5 60.82533646 8.15973759 0 60.70415497 8.45005322 -5.5 60.55377197 8.7895422 0 60.416008 9.08285141 -5.5 60.25754547 9.40194893 0 60.10221481 9.69803619 -5.5 59.93653488 9.99780083 0 59.76273346 10.29648685 -5.5 59.59074402 10.57792473 0 59.39757538 10.87907791 -5.5 59.2201767 11.14315224 0 59.00673676 11.44668388 -5.5 58.82483673 11.69431114 0 58.54236221 12.06084728 -5.5 58.40472794 12.23223019 0 57.98923874 12.72427368 -5.5 57.95986938 12.75773144 0 57.49084091 13.27140045 0 57.39788818 13.36894417 -5.5 56.99889755 13.77354336 0 56.69895172 14.06401443 -5.5 56.48532867 14.2644434 0 55.87479019 14.81102276 -5.5 55.95143127 14.74438858 0 55.21017838 15.36776924 0 54.90602493 15.61106586 -5.5 54.33960724 16.04726028 0 53.69439316 16.52033997 -5.5 53.43418121 16.70471001 0 52.49790573 17.34126282 0 52.0973587 17.60206604 -5.5 51.20847702 18.15947914 0 50.76645279 18.42683792 -5.5 49.71294022 19.0415535 0 48.28718948 19.83195496 -5.5 47.66998672 20.16224861 0 44.8328743 21.61257744 -5.5 44.521698 21.76540947 0 41.36940765 23.24681473 -5.5 41.36940765 23.24681473 0 27.52787018 28.39245987 -5.5 25.9623642 28.83856201 0 25.57330894 28.94503403 -5.5 22.43125153 29.74162102 0 22.20890236 29.79380798 -5.5 18.77305412 30.53265381 -5.5 18.67404938 30.55210114 0 15.29781914 31.15480995 -5.5 14.82086563 31.23059464 0 11.51014042 31.693964 -5.5 11.26930618 31.72340012 0 7.68706322 32.09219742 -5.5 7.68706322 32.09219742 0 -7.670403 32.09618378 -5.5 -7.670403 32.09618378 0 -10.54064941 31.77083778 -5.5 -10.54064941 31.77083778 0 -13.38276386 31.32195854 -5.5 -13.38276386 31.32195854 0 -16.19499779 30.75232124 -5.5 -16.19499779 30.75232124 0 -26.18952942 27.55046082 0 -28.43165207 26.51538658 0 -26.18952942 27.55046082 -5.5 -28.43165207 26.51538658 -5.5 -29.36138344 -25.55226517 -5.5 -29.31586647 -25.63881683 -5.5 -29.2661705 -25.72303963 -5.5 -29.21241951 -25.80473137 -5.5 -29.15473938 -25.88369942 -5.5 -29.09326744 -25.95975304 -5.5 -29.02815247 -26.03271103 -5.5 -28.95954704 -26.10239792 -5.5 -28.88761902 -26.16864967 -5.5 -28.81253815 -26.23130608 -5.5 -28.73448372 -26.29021835 -5.5 -28.65364456 -26.34524345 -5.5 -28.57021141 -26.39625168 -5.5 -28.48438454 -26.44312096 -5.5 -29.4026165 -25.46359444 -5.5 -29.43946648 -25.37301254 -5.5 -29.47184372 -25.28073692 -5.5 -25.98616982 -27.57058334 -5.5 -26.07697678 -27.5370369 -5.5 -25.8002224 -27.62430763 -5.5 -25.89384651 -27.59969711 -5.5 -25.70551682 -27.64435959 -5.5 -25.60995293 -27.65980721 -5.5 -25.32034874 -27.67820168 -5.5 -25.51375198 -27.67061043 -5.5 -25.41714287 -27.67674637 -5.5 -25.12711716 -27.66706276 -5.5 -25.22359848 -27.67497063 -5.5 -25.03113174 -27.65449333 -5.5 -24.8415451 -27.61550903 -5.5 -24.9358654 -27.63729668 -5.5 -24.65661621 -27.55838013 -5.5 -24.74838829 -27.5891819 -5.5 -24.56644058 -27.52317238 -5.5 -24.47807312 -27.48364258 -5.5 -24.30759239 -27.39199829 -5.5 -24.39172363 -27.43988419 -5.5 -24.22587776 -27.34009552 -5.5 -24.04395103 -27.22461319 -5.5 -23.85659599 -27.11816597 -5.5 -23.66425896 -27.02100945 -5.5 -30.1716404 -22.92588425 -5.5 -23.4673996 -26.93337631 -5.5 -23.26649094 -26.85547447 -5.5 -23.06201172 -26.78749275 -5.5 -22.85445404 -26.72959137 -5.5 -22.6443119 -26.68190956 -5.5 -30.75608253 -20.5610218 -5.5 -22.43208885 -26.64456367 -5.5 -22.21829414 -26.61764145 -5.5 -22.00343895 -26.60120773 -5.5 -31.23547363 -18.18388176 -5.5 -21.78803635 -26.59530067 -5.5 -21.57260323 -26.59993553 -5.5 -21.35765457 -26.61510086 -5.5 -31.62074661 -15.79121113 -5.5 -20.93126488 -26.67685127 -5.5 -20.72084427 -26.72328949 -5.5 -21.14370346 -26.64075851 -5.5 -16.96751213 -30.39450264 -5.5 -17.11377525 -30.27232742 -5.5 -17.04210091 -30.33515739 -5.5 -16.81028557 -30.50220299 -5.5 -17.24774551 -30.13678551 -5.5 -17.18237495 -30.20615196 -5.5 -16.8901825 -30.45022583 -5.5 -17.47406387 -29.83063316 -5.5 -17.42302322 -29.91113091 -5.5 -17.36820602 -29.98910713 -5.5 -17.30973625 -30.06438065 -5.5 -17.63826561 -29.48714066 -5.5 -17.603405 -29.57585335 -5.5 -17.56435585 -29.66280365 -5.5 -17.52120972 -29.7477951 -5.5 -16.72800255 -30.55031395 -5.5 -16.64352226 -30.59444809 -5.5 -16.55703354 -30.63450813 -5.5 -16.46873474 -30.67040253 -5.5 -16.28751183 -30.72937584 -5.5 -16.37882614 -30.70204926 -5.5 -17.71720505 -29.28663826 -5.5 -17.8058548 -29.09023476 -5.5 -17.90400505 -28.89840126 -5.5 -31.92142487 -13.38449383 -5.5 -20.51294708 -26.77996445 -5.5 -20.30807114 -26.84673882 -5.5 -18.01141739 -28.71159935 -5.5 -18.12784004 -28.53027344 -5.5 -18.25298882 -28.35485649 -5.5 -18.38656807 -28.18577194 -5.5 -18.52825546 -28.02342224 -5.5 -32.14707947 -10.96447754 -5.5 -20.10670662 -26.92345238 -5.5 -18.6777153 -27.86819649 -5.5 -18.8345871 -27.72046471 -5.5 -32.30351639 -8.60349846 -5.5 -19.90933228 -27.00992203 -5.5 -19.71642494 -27.10593987 -5.5 -18.9984951 -27.58058357 -5.5 -19.16905022 -27.44888496 -5.5 -19.34584045 -27.3256855 -5.5 -32.40782547 -6.22357368 -5.5 -19.52844429 -27.21127892 -5.5 -32.66646576 -4.67997074 -5.5 -32.40782547 6.22357655 -5.5 -32.66646194 4.6799736 -5.5 -32.85162354 3.12584352 -5.5 -32.962883 1.56468225 -5.5 -33 1.32E-06 -5.5 -32.962883 -1.56467962 -5.5 -32.85162354 -3.1258409 -5.5 -6.15499449 -32.42092133 -5.5 -4.62601089 -32.67414856 -5.5 -3.08682394 -32.85531235 -5.5 -1.54082859 -32.96400833 -5.5 0.00856518 -33 -5.5 1.55794013 -32.96320343 -5.5 3.10387874 -32.85370636 -5.5 4.64297152 -32.67174149 -5.5 6.1718235 -32.41772079 -5.5 -29.30392075 25.68304062 -5.5 -29.34734344 25.59944344 -5.5 -29.38678169 25.51389694 -5.5 -29.42214775 25.42658615 -5.5 -29.25660896 25.76449776 -5.5 -29.15075111 25.92028427 -5.5 -29.20551491 25.84363747 -5.5 -29.09243774 25.99426651 -5.5 -28.89754105 26.19862175 -5.5 -28.96569252 26.1335907 -5.5 -29.03070641 26.06542206 -5.5 -28.82640457 26.26037407 -5.5 -28.75243759 26.31870651 -5.5 -28.67580605 26.37349129 -5.5 -28.59667969 26.42460823 -5.5 -28.5152359 26.47194099 -5.5 -29.45336533 25.33770943 -5.5 -29.81897354 24.16412163 -5.5 -26.00968742 27.61838341 -5.5 -26.10042572 27.58658409 -5.5 -25.72979164 27.68715286 -5.5 -25.82415771 27.66872597 -5.5 -25.91752815 27.64578438 -5.5 -25.63464928 27.7010231 -5.5 -25.53895187 27.71030617 -5.5 29.83398056 -27.64707375 -5.5 29.65878105 -27.73192596 -5.5 29.74741364 -27.69163322 -5.5 29.91827583 -27.59835434 -5.5 29.56829071 -27.76785851 -5.5 -25.34676933 27.71502876 -5.5 -25.44291687 27.71497726 -5.5 30.00010109 -27.54559135 -5.5 -25.15502167 27.70127869 -5.5 -25.25073051 27.71045876 -5.5 30.07926178 -27.48890877 -5.5 -25.05986404 27.68750954 -5.5 -24.9654789 27.66918373 -5.5 -24.77989578 27.61903763 -5.5 -24.87208366 27.64634132 -5.5 30.22884369 -27.36432838 -5.5 30.15556908 -27.42844009 -5.5 -24.68912506 27.58733559 -5.5 -24.51267433 27.51103592 -5.5 -24.59998131 27.55130577 -5.5 30.29891205 -27.29672813 -5.5 -24.34436607 27.41814804 -5.5 -24.4274025 27.46661568 -5.5 -24.26375198 27.36574554 -5.5 -24.08198357 27.24773216 -5.5 -23.89462852 27.13880157 -5.5 30.42877007 -27.15170479 -5.5 30.36560631 -27.22579765 -5.5 -23.70214462 27.0392189 -5.5 -23.50499344 26.94922447 -5.5 30.5439167 -26.99474335 -5.5 30.48825455 -27.07462692 -5.5 -23.30365562 26.86903763 -5.5 -30.15553474 22.985075 -5.5 30.59562302 -26.9122467 -5.5 -23.09861565 26.79884911 -5.5 -22.89037323 26.73883057 -5.5 30.68669891 -26.74020004 -5.5 30.64325523 -26.82733345 -5.5 -22.67943001 26.68912888 -5.5 -30.65435791 21.00735855 -5.5 -22.46629906 26.64986229 -5.5 30.7606163 -26.56011391 -5.5 30.72584915 -26.65105629 -5.5 30.79091644 -26.46758652 -5.5 -22.25149155 26.62112617 -5.5 30.83783722 -26.27865982 -5.5 30.81667519 -26.37369347 -5.5 -22.03553391 26.6029911 -5.5 -31.10789871 18.86797142 -5.5 30.85434723 -26.18270683 -5.5 -21.81894302 26.59549904 -5.5 30.87327194 -25.98896217 -5.5 30.86616707 -26.08606529 -5.5 -21.60224724 26.59867096 -5.5 -31.48268318 16.71584129 -5.5 -21.38596916 26.61249733 -5.5 -21.17063332 26.63694382 -5.5 -20.95676041 26.6719532 -5.5 -31.88627625 13.70263767 -5.5 -20.74486923 26.71743965 -5.5 30.81885529 -24.77951813 -5.5 -20.53547096 26.77329445 -5.5 30.83538055 -24.55958748 -5.5 -20.32907295 26.83938026 -5.5 -32.20547485 10.18083858 -5.5 30.86287689 -24.34075737 -5.5 30.90127563 -24.1235733 -5.5 -20.12617683 26.91553688 -5.5 30.95047951 -23.90858078 -5.5 -19.92727089 27.0015831 -5.5 31.01036835 -23.69631767 -5.5 -19.73283768 27.09730721 -5.5 31.08078957 -23.48731041 -5.5 -19.54334831 27.20248032 -5.5 31.16156769 -23.28208542 -5.5 -19.35926247 27.31684685 -5.5 31.25250244 -23.08115387 -5.5 31.35336685 -22.8850174 -5.5 31.46390724 -22.69416809 -5.5 31.58384514 -22.50908089 -5.5 31.71288681 -22.33021927 -5.5 31.85070419 -22.15802956 -5.5 31.99695587 -21.99294472 -5.5 -17.56435585 29.66280365 -5.5 -17.603405 29.57585335 -5.5 -17.63826561 29.48714066 -5.5 -17.52120972 29.7477951 -5.5 -17.42302322 29.91113091 -5.5 -17.47406387 29.83063316 -5.5 -17.36820602 29.98910713 -5.5 -17.24774551 30.13678551 -5.5 -17.30973625 30.06438065 -5.5 -17.18237495 30.20615196 -5.5 -17.11377525 30.27232742 -5.5 -16.8901825 30.45022583 -5.5 -16.96751213 30.39450264 -5.5 -17.04210091 30.33515739 -5.5 -16.72800255 30.55031395 -5.5 -16.81028557 30.50220299 -5.5 -16.64352226 30.59444809 -5.5 -16.55703354 30.63450813 -5.5 -16.46873474 30.67040253 -5.5 -16.37882614 30.70204926 -5.5 -16.28751183 30.72937584 -5.5 -17.80692673 29.08800697 -5.5 -17.90577507 28.89514351 -5.5 -17.7176857 29.28549957 -5.5 39.06544495 -22.76776123 -5.5 39.13217545 -22.83782578 -5.5 39.20221329 -22.90457916 -5.5 38.88664627 -22.53939247 -5.5 38.94253922 -22.61837006 -5.5 39.00218582 -22.69455338 -5.5 39.86058044 -23.30252457 -5.5 39.59607315 -23.18353653 -5.5 39.68228531 -23.22745132 -5.5 39.77052307 -23.26714516 -5.5 40.0452919 -23.36001968 -5.5 39.95223999 -23.33350563 -5.5 -18.3921032 28.17912102 -5.5 -18.53494835 28.01613998 -5.5 -18.2574482 28.34893036 -5.5 -18.13130951 28.52515602 -5.5 -18.0139904 28.70737457 -5.5 39.27539825 -22.9678688 -5.5 39.35155487 -23.02754402 -5.5 39.43051147 -23.08346558 -5.5 39.51208115 -23.13550377 -5.5 40.13951492 -23.38200188 -5.5 40.23469162 -23.39940071 -5.5 40.33060074 -23.41217804 -5.5 40.4270134 -23.42029953 -5.5 40.52370453 -23.42374992 -5.5 40.62045288 -23.42251968 -5.5 40.71702576 -23.41661263 -5.5 40.8132019 -23.40604019 -5.5 40.90875244 -23.39083099 -5.5 41.00345612 -23.37101746 -5.5 41.09709167 -23.34664536 -5.5 41.18944168 -23.31777573 -5.5 41.28028107 -23.28447151 -5.5 38.75909805 -22.35946465 -5.5 38.62271118 -22.18613815 -5.5 38.47783661 -22.01984406 -5.5 -18.68563652 27.86038208 -5.5 -18.84380341 27.71222496 -5.5 38.32483292 -21.86099815 -5.5 38.16407776 -21.70999718 -5.5 37.99597931 -21.56722069 -5.5 37.82095337 -21.43302155 -5.5 37.63944244 -21.30773926 -5.5 37.45189667 -21.19168282 -5.5 37.25878143 -21.08514595 -5.5 -19.18102455 27.44012833 -5.5 -19.00906563 27.57202721 -5.5 -6.15499449 32.42092133 -5.5 36.85780334 -20.90166664 -5.5 37.06058502 -20.98839378 -5.5 36.65093613 -20.82518387 -5.5 -4.62601089 32.67414856 -5.5 -3.08682394 32.85531235 -5.5 36.4405098 -20.75913429 -5.5 36.22704315 -20.70368576 -5.5 -1.54082859 32.96400833 -5.5 1.55794013 32.96320343 -5.5 0.00856518 33 -5.5 3.10387874 32.85370636 -5.5 6.1718235 32.41772079 -5.5 4.64297152 32.67174149 -5.5 32.15127563 -21.83537483 -5.5 32.31327438 -21.68571281 -5.5 32.48255539 -21.54433632 -5.5 32.65868759 -21.41159439 -5.5 32.8412323 -21.28782272 -5.5 33.02973557 -21.1733284 -5.5 33.22372818 -21.06839752 -5.5 33.42271805 -20.97329521 -5.5 33.62621689 -20.88825417 -5.5 33.83370972 -20.81349182 -5.5 34.04467773 -20.74919128 -5.5 34.25859833 -20.69551468 -5.5 34.47493362 -20.65259743 -5.5 34.69314194 -20.62054443 -5.5 34.91268158 -20.59943771 -5.5 35.13299942 -20.58933067 -5.5 35.35354996 -20.5902462 -5.5 35.57378006 -20.60218239 -5.5 30.81811142 25.20509148 -5.5 35.79313278 -20.62511063 -5.5 36.01107025 -20.65897369 -5.5 30.87347984 25.79865265 -5.5 30.83241081 25.40973854 -5.5 30.8562088 25.6135006 -5.5 30.86699677 25.7058754 -5.5 39.06544495 22.76776123 -5.5 39.00218582 22.69455338 -5.5 38.94253922 22.61837006 -5.5 39.13217545 22.83782578 -5.5 39.27539825 22.9678688 -5.5 39.20221329 22.90457916 -5.5 39.43051147 23.08346558 -5.5 39.35155487 23.02754402 -5.5 39.51208115 23.13550377 -5.5 39.68228531 23.22745132 -5.5 39.59607315 23.18353653 -5.5 39.77052307 23.26714516 -5.5 39.86058044 23.30252457 -5.5 40.0452919 23.36001968 -5.5 39.95223999 23.33350563 -5.5 40.13951492 23.38200188 -5.5 40.23469162 23.39940071 -5.5 40.52370453 23.42374992 -5.5 40.4270134 23.42029953 -5.5 40.33060074 23.41217804 -5.5 40.71702576 23.41661263 -5.5 40.62045288 23.42251968 -5.5 40.8132019 23.40604019 -5.5 41.00345612 23.37101746 -5.5 40.90875244 23.39083099 -5.5 41.28028107 23.28447151 -5.5 41.18944168 23.31777573 -5.5 41.09709167 23.34664536 -5.5 -32.40782547 6.22357655 0 -32.66646194 4.6799736 0 -32.85162354 3.12584352 0 -32.962883 1.56468225 0 -33 1.32E-06 0 -32.962883 -1.56467962 0 -32.85162354 -3.1258409 0 -32.66646576 -4.67997074 0 -32.40782547 -6.22357368 0 -32.20547867 -10.18079376 0 -31.88628197 -13.70257282 0 -31.48269081 -16.71579742 0 -31.10812569 -18.86680031 0 -30.65488815 -21.00507545 0 -30.15671158 -22.98075867 0 -29.8281517 -24.13331604 0 -29.47184372 -25.28073692 0 -6.15499449 -32.42092133 0 -4.62601089 -32.67414856 0 -3.08682394 -32.85531235 0 -1.54082859 -32.96400833 0 0.00856518 -33 0 1.55794013 -32.96320343 0 3.10387874 -32.85370636 0 4.64297152 -32.67174149 0 6.1718235 -32.41772079 0 6.1718235 32.41772079 0 4.64297152 32.67174149 0 3.10387874 32.85370636 0 1.55794013 32.96320343 0 0.00856518 33 0 -1.54082859 32.96400833 0 -3.08682394 32.85531235 0 -4.62601089 32.67414856 0 -6.15499449 32.42092133 0 -33.5 0 0 -33.5 0 -7 -33.45721817 -4.44115782 -7 -33.45721817 -4.44115782 0 -33.31483459 -8.41794682 -7 -33.31483459 -8.41794682 0 -33.05968857 -12.04132938 0 -33.05968857 -12.04132938 -7 -32.82611847 -14.27977657 0 -32.82611847 -14.27977657 -7 -32.46096802 -16.92970467 -7 -32.46096802 -16.92970467 0 -31.98921967 -19.56685257 0 -31.98921967 -19.56685257 -7 -31.50046349 -21.77494049 0 -31.50046349 -21.77494049 -7 -30.98415375 -23.73756599 -7 -30.98415375 -23.73756599 0 -30.64380836 -24.88406372 -7 -30.64380836 -24.88406372 0 -30.27754974 -26.02573967 -7 -30.27754974 -26.02573967 0 -30.26494026 26.06402016 0 -30.26494026 26.06402016 -7 -31.04431534 23.52418518 -7 -31.04431534 23.52418518 0 -31.68831635 20.97413254 -7 -31.68831635 20.97413254 0 -32.20980835 18.41322899 -7 -32.20980835 18.41322899 0 -32.62366486 15.83925724 0 -32.62366486 15.83925724 -7 -32.90304565 13.60750294 -7 -32.90304565 13.60750294 0 -33.1464653 11.01269531 0 -33.1464653 11.01269531 -7 -33.33206558 8.07719994 0 -33.33206558 8.07719994 -7 -33.46517181 4.04738045 -7 -33.46517181 4.04738045 0 -29.26301575 27.2201252 0 -27.27902603 28.16235542 0 -27.27902603 28.16235542 -7 -29.26301575 27.2201252 -7 -17.93844032 33.16382599 0 -17.83554649 32.97028732 0 -17.83554649 32.97028732 -7 -17.93844032 33.16382599 -7 -18.05083466 33.352005 0 -18.05083466 33.352005 -7 -18.17245102 33.53435898 0 -18.17245102 33.53435898 -7 -18.30298805 33.71043777 0 -18.30298805 33.71043777 -7 -18.44212151 33.87980652 0 -18.44212151 33.87980652 -7 -18.58950996 34.04204178 0 -18.58950996 34.04204178 -7 -18.74478531 34.19674301 -7 -18.74478531 34.19674301 0 -18.90756607 34.34353256 0 -18.90756607 34.34353256 -7 -19.07744598 34.48204041 0 -19.07744598 34.48204041 -7 -19.25400734 34.61192322 0 -19.25400734 34.61192322 -7 -19.43680954 34.73286438 -7 -19.43680954 34.73286438 0 -19.62540436 34.84456253 -7 -19.62540436 34.84456253 0 -19.81932068 34.9467392 0 -19.81932068 34.9467392 -7 -20.01807976 35.03914261 0 -20.01807976 35.03914261 -7 -20.2211895 35.12154388 -7 -20.2211895 35.12154388 0 -20.42814827 35.19374084 -7 -20.42814827 35.19374084 0 -20.63844109 35.25555038 0 -20.63844109 35.25555038 -7 -20.85154724 35.30682373 0 -20.85154724 35.30682373 -7 -21.06694221 35.34743118 -7 -21.06694221 35.34743118 0 -21.28409004 35.37727356 0 -21.28409004 35.37727356 -7 -21.50245476 35.39627838 0 -21.50245476 35.39627838 -7 -21.72149277 35.40439224 0 -21.72149277 35.40439224 -7 -21.94066429 35.4016037 0 -21.94066429 35.4016037 -7 -22.15942383 35.38791275 0 -22.15942383 35.38791275 -7 -22.37723351 35.36335754 0 -22.37723351 35.36335754 -7 -22.59355164 35.32799911 -7 -22.59355164 35.32799911 0 -22.80784225 35.28192139 0 -22.80784225 35.28192139 -7 -23.01957512 35.2252388 0 -23.01957512 35.2252388 -7 -23.22822762 35.15809631 0 -23.22822762 35.15809631 -7 -23.43328094 35.08065796 -7 -23.43328094 35.08065796 0 -23.63422775 34.99311066 0 -23.63422775 34.99311066 -7 -23.83057022 34.89567947 -7 -23.83057022 34.89567947 0 -24.02182198 34.78859711 -7 -24.02182198 34.78859711 0 -24.2075119 34.6721344 0 -24.2075119 34.6721344 -7 -24.38717651 34.54658127 -7 -24.38717651 34.54658127 0 -24.56037331 34.41224289 0 -24.56037331 34.41224289 -7 -24.72667313 34.26945496 -7 -24.72667313 34.26945496 0 -24.88566399 34.11857224 0 -24.88566399 34.11857224 -7 -25.03695297 33.95996857 0 -25.03695297 33.95996857 -7 -25.18016243 33.79403305 -7 -25.18016243 33.79403305 0 -25.31494141 33.62117767 -7 -25.31494141 33.62117767 0 -25.44095421 33.4418335 0 -25.44095421 33.4418335 -7 -25.55788803 33.25644302 -7 -25.55788803 33.25644302 0 -25.66545486 33.06546402 0 -25.66545486 33.06546402 -7 -25.76338959 32.86936951 0 -25.76338959 32.86936951 -7 -25.85144615 32.66864395 0 -25.85144615 32.66864395 -7 -25.92940903 32.46379089 -7 -25.92940903 32.46379089 0 -25.99708366 32.25531006 0 -25.99708366 32.25531006 -7 -26.05430412 32.04372406 0 -26.05430412 32.04372406 -7 -26.10092735 31.82954979 -7 -26.10092735 31.82954979 0 -26.13683891 31.61332321 0 -26.13683891 31.61332321 -7 -26.16194916 31.39557648 -7 -26.16194916 31.39557648 0 -26.17619705 31.17685127 -7 -26.17619705 31.17685127 0 -26.17954445 30.95768929 0 -26.17954445 30.95768929 -7 -26.17198753 30.73863029 -7 -26.17198753 30.73863029 0 -26.15353966 30.5202179 -7 -26.15353966 30.5202179 0 27.57943153 29.42062759 0 30.960783 28.37664986 0 30.960783 28.37664986 -7 27.57943153 29.42062759 -7 24.17584801 30.34362984 0 24.17584801 30.34362984 -7 20.38995171 31.22280312 0 20.38995171 31.22280312 -7 16.91816711 31.89744949 0 16.91816711 31.89744949 -7 13.42928123 32.45127487 -7 13.42928123 32.45127487 0 9.92993736 32.88321686 0 9.92993736 32.88321686 -7 6.4194665 33.19351578 0 6.4194665 33.19351578 -7 2.937783 33.37787247 -7 2.937783 33.37787247 0 -0.43653426 33.43278885 0 -0.43653426 33.43278885 -7 -3.69710732 33.3624115 -7 -3.69710732 33.3624115 0 -6.84023094 33.1712532 0 -6.84023094 33.1712532 -7 -9.86839771 32.86367416 0 -9.86839771 32.86367416 -7 -12.78946018 32.44325256 -7 -12.78946018 32.44325256 0 -14.21463203 32.19118881 0 -14.21463203 32.19118881 -7 -15.63364601 31.90805054 -7 -15.63364601 31.90805054 0 39.45901871 26.23906898 0 39.51538849 26.02702332 0 39.51538849 26.02702332 -7 39.45901871 26.23906898 -7 39.39217758 26.44804955 0 39.39217758 26.44804955 -7 39.31502914 26.6534481 0 39.31502914 26.6534481 -7 39.22776413 26.85475731 0 39.22776413 26.85475731 -7 39.13059616 27.05147743 0 39.13059616 27.05147743 -7 39.02376938 27.24312401 0 39.02376938 27.24312401 -7 38.90754318 27.42922401 0 38.90754318 27.42922401 -7 38.7822113 27.60931206 0 38.7822113 27.60931206 -7 38.64807892 27.78294754 0 38.64807892 27.78294754 -7 38.50547791 27.9496994 0 38.50547791 27.9496994 -7 38.35476685 28.10915565 0 38.35476685 28.10915565 -7 38.19631195 28.26092148 0 38.19631195 28.26092148 -7 38.03050613 28.40461922 -7 38.03050613 28.40461922 0 37.85776138 28.53989792 0 37.85776138 28.53989792 -7 37.67850494 28.66641998 -7 37.67850494 28.66641998 0 37.49317932 28.7838726 0 37.49317932 28.7838726 -7 37.30224609 28.89196587 0 37.30224609 28.89196587 -7 37.10617065 28.99043274 0 37.10617065 28.99043274 -7 36.9054451 29.07902908 0 36.9054451 29.07902908 -7 36.70056152 29.15753555 0 36.70056152 29.15753555 -7 36.49202728 29.22575951 0 36.49202728 29.22575951 -7 36.28035736 29.28352928 0 36.28035736 29.28352928 -7 36.066082 29.33070374 -7 36.066082 29.33070374 0 35.84972 29.36716843 0 35.84972 29.36716843 -7 35.63181686 29.39282799 0 35.63181686 29.39282799 -7 35.41290665 29.40762329 0 35.41290665 29.40762329 -7 35.19353104 29.41151619 0 35.19353104 29.41151619 -7 34.97423553 29.40449715 0 34.97423553 29.40449715 -7 34.75555801 29.38658333 0 34.75555801 29.38658333 -7 34.53804016 29.35782051 0 34.53804016 29.35782051 -7 34.32222366 29.31827736 0 34.32222366 29.31827736 -7 34.10863876 29.26805305 0 34.10863876 29.26805305 -7 33.8978157 29.20727158 0 33.8978157 29.20727158 -7 33.6902771 29.1360836 0 33.6902771 29.1360836 -7 33.48653412 29.05466461 0 33.48653412 29.05466461 -7 33.2870903 28.96321678 0 33.2870903 28.96321678 -7 33.09243774 28.86196518 0 33.09243774 28.86196518 -7 32.90306091 28.75116158 0 32.90306091 28.75116158 -7 32.71942902 28.63107872 -7 32.71942902 28.63107872 0 63.19165421 1.4476198 0 63.22406006 0 -7 63.19165421 1.4476198 -7 63.22406006 0 0 63.10667419 2.69508076 0 63.10667419 2.69508076 -7 62.98452377 3.77552843 0 62.98452377 3.77552843 -7 62.81866455 4.81910563 0 62.81866455 4.81910563 -7 62.66249466 5.59015608 0 62.66249466 5.59015608 -7 62.48377991 6.32755518 -7 62.48377991 6.32755518 0 62.28001785 7.04520607 0 62.28001785 7.04520607 -7 62.05110931 7.74386311 0 62.05110931 7.74386311 -7 61.7968483 8.42413521 0 61.7968483 8.42413521 -7 61.51698303 9.08653831 -7 61.51698303 9.08653831 0 61.21126556 9.73158169 0 61.21126556 9.73158169 -7 60.87976074 10.35974407 -7 60.87976074 10.35974407 0 60.52276611 10.97147942 -7 60.52276611 10.97147942 0 60.14058304 11.56724072 0 60.14058304 11.56724072 -7 59.73350906 12.14748001 -7 59.73350906 12.14748001 0 59.30184937 12.71265221 0 59.30184937 12.71265221 -7 58.84592438 13.26320839 0 58.84592438 13.26320839 -7 58.36656952 13.79959869 0 58.36656952 13.79959869 -7 57.86513138 14.32226753 0 57.86513138 14.32226753 -7 57.34297562 14.83165836 -7 57.34297562 14.83165836 0 56.80147171 15.32821751 -7 56.80147171 15.32821751 0 56.24198532 15.81238937 0 56.24198532 15.81238937 -7 55.47037888 16.43944931 -7 55.47037888 16.43944931 0 54.57063293 17.12081337 0 54.57063293 17.12081337 -7 53.64101028 17.7781086 -7 53.64101028 17.7781086 0 52.68531799 18.41281319 0 52.68531799 18.41281319 -7 51.37711334 19.22650909 0 51.37711334 19.22650909 -7 49.87002182 20.10163879 -7 49.87002182 20.10163879 0 47.8260994 21.2111721 0 47.8260994 21.2111721 -7 44.73855972 22.77165222 0 44.73855972 22.77165222 -7 42.69888306 23.73959732 0 42.69888306 23.73959732 -7 40.65592575 24.66156769 0 40.65592575 24.66156769 -7 44.37259293 -22.94877052 0 40.65592575 -24.66156769 0 40.65592575 -24.66156769 -7 44.37259293 -22.94877052 -7 47.71778107 -21.26807213 0 47.71778107 -21.26807213 -7 50.49443817 -19.74604034 0 50.49443817 -19.74604034 -7 51.84607315 -18.94134903 0 51.84607315 -18.94134903 -7 53.16307068 -18.10026169 -7 53.16307068 -18.10026169 0 54.54376984 -17.14043045 -7 54.54376984 -17.14043045 0 55.73146057 -16.2320919 0 55.73146057 -16.2320919 -7 56.74812317 -15.37557983 -7 56.74812317 -15.37557983 0 57.61439896 -14.57094288 0 57.61439896 -14.57094288 -7 58.34967041 -13.81781292 0 58.34967041 -13.81781292 -7 58.97188568 -13.11537743 -7 58.97188568 -13.11537743 0 59.49740982 -12.46239281 0 59.49740982 -12.46239281 -7 59.98921585 -11.78895283 0 59.98921585 -11.78895283 -7 60.44682312 -11.0943222 -7 60.44682312 -11.0943222 0 60.86973572 -10.37776661 -7 60.86973572 -10.37776661 0 61.22029495 -9.71351337 0 61.22029495 -9.71351337 -7 61.51114655 -9.09954929 0 61.51114655 -9.09954929 -7 61.77857971 -8.46987057 0 61.77857971 -8.46987057 -7 62.02280045 -7.82403851 -7 62.02280045 -7.82403851 0 62.24403381 -7.16160965 0 62.24403381 -7.16160965 -7 62.44247055 -6.48208237 0 62.44247055 -6.48208237 -7 62.61820221 -5.78481579 0 62.61820221 -5.78481579 -7 62.7713089 -5.06915045 0 62.7713089 -5.06915045 -7 62.90188217 -4.3345561 0 62.90188217 -4.3345561 -7 63.01006699 -3.58105278 0 63.01006699 -3.58105278 -7 63.09602356 -2.8088069 0 63.09602356 -2.8088069 -7 63.15991211 -2.01736712 -7 63.15991211 -2.01736712 0 63.20187378 -1.20135891 0 63.20187378 -1.20135891 -7 63.21852112 -0.60207719 0 63.21852112 -0.60207719 -7 32.90306091 -28.75116158 0 32.71942902 -28.63107872 0 32.71942902 -28.63107872 -7 32.90306091 -28.75116158 -7 33.09243774 -28.86196518 0 33.09243774 -28.86196518 -7 33.2870903 -28.96321678 -7 33.2870903 -28.96321678 0 33.48653412 -29.05466461 0 33.48653412 -29.05466461 -7 33.6902771 -29.1360836 0 33.6902771 -29.1360836 -7 33.8978157 -29.20727158 -7 33.8978157 -29.20727158 0 34.10863876 -29.26805305 0 34.10863876 -29.26805305 -7 34.32222366 -29.31827736 0 34.32222366 -29.31827736 -7 34.53804016 -29.35782051 0 34.53804016 -29.35782051 -7 34.75555801 -29.38658333 0 34.75555801 -29.38658333 -7 34.97423553 -29.40449715 0 34.97423553 -29.40449715 -7 35.19353104 -29.41151619 -7 35.19353104 -29.41151619 0 35.41290665 -29.40762329 0 35.41290665 -29.40762329 -7 35.63181686 -29.39282799 0 35.63181686 -29.39282799 -7 35.84972 -29.36716843 0 35.84972 -29.36716843 -7 36.066082 -29.33070374 -7 36.066082 -29.33070374 0 36.28035736 -29.28352928 0 36.28035736 -29.28352928 -7 36.49202728 -29.22575951 0 36.49202728 -29.22575951 -7 36.70056152 -29.15753555 0 36.70056152 -29.15753555 -7 36.9054451 -29.07902908 0 36.9054451 -29.07902908 -7 37.10617065 -28.99043274 -7 37.10617065 -28.99043274 0 37.30224609 -28.89196587 0 37.30224609 -28.89196587 -7 37.49317932 -28.7838726 -7 37.49317932 -28.7838726 0 37.67850494 -28.66641998 0 37.67850494 -28.66641998 -7 37.85776138 -28.53989792 0 37.85776138 -28.53989792 -7 38.03050613 -28.40461922 0 38.03050613 -28.40461922 -7 38.19631195 -28.26092148 0 38.19631195 -28.26092148 -7 38.35476685 -28.10915565 -7 38.35476685 -28.10915565 0 38.50547791 -27.9496994 0 38.50547791 -27.9496994 -7 38.64807892 -27.78294754 0 38.64807892 -27.78294754 -7 38.7822113 -27.60931206 0 38.7822113 -27.60931206 -7 38.90754318 -27.42922401 -7 38.90754318 -27.42922401 0 39.02376938 -27.24312401 0 39.02376938 -27.24312401 -7 39.13059616 -27.05147743 -7 39.13059616 -27.05147743 0 39.22776413 -26.85475731 0 39.22776413 -26.85475731 -7 39.31502914 -26.6534481 0 39.31502914 -26.6534481 -7 39.39217758 -26.44804955 0 39.39217758 -26.44804955 -7 39.45901871 -26.23906898 0 39.45901871 -26.23906898 -7 39.51538849 -26.02702332 0 39.51538849 -26.02702332 -7 -12.57590008 -32.47830963 0 -15.63364601 -31.90805054 -7 -12.57590008 -32.47830963 -7 -15.63364601 -31.90805054 0 -9.49198532 -32.90881729 0 -9.49198532 -32.90881729 -7 -6.20868874 -33.21982956 0 -6.20868874 -33.21982956 -7 -2.79957795 -33.39437866 0 -2.79957795 -33.39437866 -7 0.74003756 -33.42795563 0 0.74003756 -33.42795563 -7 4.4058609 -33.3155098 0 4.4058609 -33.3155098 -7 8.18926907 -33.05241776 0 8.18926907 -33.05241776 -7 12.06371117 -32.63447952 0 12.06371117 -32.63447952 -7 15.92290688 -32.06805801 -7 15.92290688 -32.06805801 0 19.76786423 -31.35281944 0 19.76786423 -31.35281944 -7 23.21962357 -30.58014297 0 23.21962357 -30.58014297 -7 26.61954308 -29.69386101 -7 26.61954308 -29.69386101 0 28.79618263 -29.05962944 0 28.79618263 -29.05962944 -7 30.960783 -28.37664986 0 30.960783 -28.37664986 -7 -26.14842033 -30.47559357 0 -26.11678314 -30.2578907 0 -26.11678314 -30.2578907 -7 -26.14842033 -30.47559357 -7 -26.1691494 -30.69460678 0 -26.1691494 -30.69460678 -7 -26.17891693 -30.91437912 0 -26.17891693 -30.91437912 -7 -26.17769814 -31.13436699 -7 -26.17769814 -31.13436699 0 -26.16549873 -31.35401917 0 -26.16549873 -31.35401917 -7 -26.14234734 -31.57278824 -7 -26.14234734 -31.57278824 0 -26.10830116 -31.79012871 0 -26.10830116 -31.79012871 -7 -26.06344604 -32.00549698 0 -26.06344604 -32.00549698 -7 -26.00789452 -32.2183609 0 -26.00789452 -32.2183609 -7 -25.94178391 -32.42818069 -7 -25.94178391 -32.42818069 0 -25.86528015 -32.63444138 0 -25.86528015 -32.63444138 -7 -25.77857399 -32.83662415 0 -25.77857399 -32.83662415 -7 -25.68187904 -33.03422546 0 -25.68187904 -33.03422546 -7 -25.57544136 -33.22675323 0 -25.57544136 -33.22675323 -7 -25.45952225 -33.41372299 0 -25.45952225 -33.41372299 -7 -25.33441162 -33.59467697 0 -25.33441162 -33.59467697 -7 -25.20042419 -33.76915359 0 -25.20042419 -33.76915359 -7 -25.05789185 -33.93672562 0 -25.05789185 -33.93672562 -7 -24.90716934 -34.09697342 0 -24.90716934 -34.09697342 -7 -24.74863625 -34.24949646 0 -24.74863625 -34.24949646 -7 -24.58268356 -34.39390945 -7 -24.58268356 -34.39390945 0 -24.4097271 -34.52986145 0 -24.4097271 -34.52986145 -7 -24.23019981 -34.65700531 0 -24.23019981 -34.65700531 -7 -24.04454803 -34.77502823 0 -24.04454803 -34.77502823 -7 -23.85323524 -34.88363266 -7 -23.85323524 -34.88363266 0 -23.65673828 -34.98255157 0 -23.65673828 -34.98255157 -7 -23.45554733 -35.07153702 0 -23.45554733 -35.07153702 -7 -23.25016594 -35.15036392 0 -23.25016594 -35.15036392 -7 -23.04110336 -35.21883774 0 -23.04110336 -35.21883774 -7 -22.82888222 -35.27679062 0 -22.82888222 -35.27679062 -7 -22.61403275 -35.32407379 0 -22.61403275 -35.32407379 -7 -22.39709091 -35.36057281 0 -22.39709091 -35.36057281 -7 -22.1785984 -35.38619232 0 -22.1785984 -35.38619232 -7 -21.95909691 -35.40087128 0 -21.95909691 -35.40087128 -7 -21.73913765 -35.40457153 0 -21.73913765 -35.40457153 -7 -21.51926804 -35.39728546 0 -21.51926804 -35.39728546 -7 -21.30003548 -35.37903214 0 -21.30003548 -35.37903214 -7 -21.08198929 -35.34985733 0 -21.08198929 -35.34985733 -7 -20.86566925 -35.30982971 0 -20.86566925 -35.30982971 -7 -20.65162086 -35.25904846 0 -20.65162086 -35.25904846 -7 -20.44037247 -35.19764709 0 -20.44037247 -35.19764709 -7 -20.2324543 -35.12577438 0 -20.2324543 -35.12577438 -7 -20.02838326 -35.04360962 -7 -20.02838326 -35.04360962 0 -19.82866859 -34.9513588 0 -19.82866859 -34.9513588 -7 -19.63381004 -34.84925079 -7 -19.63381004 -34.84925079 0 -19.44429207 -34.7375412 0 -19.44429207 -34.7375412 -7 -19.26058769 -34.61650848 0 -19.26058769 -34.61650848 -7 -19.08315659 -34.48645401 0 -19.08315659 -34.48645401 -7 -18.91243935 -34.34770584 -7 -18.91243935 -34.34770584 0 -18.74886322 -34.20060349 0 -18.74886322 -34.20060349 -7 -18.59283638 -34.04552078 -7 -18.59283638 -34.04552078 0 -18.44474602 -33.8828392 0 -18.44474602 -33.8828392 -7 -18.30496216 -33.71296692 -7 -18.30496216 -33.71296692 0 -18.17383575 -33.53632736 0 -18.17383575 -33.53632736 -7 -18.05169106 -33.35335922 0 -18.05169106 -33.35335922 -7 -17.93883514 -33.16452408 -7 -17.93883514 -33.16452408 0 -17.83554649 -32.97028732 0 -17.83554649 -32.97028732 -7 -29.20697403 -27.21580696 0 -29.20697403 -27.21580696 -7 -29.45336533 25.33770943 0 -30.15546417 22.9853344 0 -30.74225235 20.62270355 0 -31.22385979 18.24799728 0 -31.6112442 15.85776901 0 -31.91391754 13.45347977 0 -32.14141464 11.03594017 0 -32.30155182 8.63949585 0 55.45201874 -8.94833565 -7 55.88720703 -8.50215912 -7 54.99513245 -9.37226486 -7 56.29961777 -8.03484535 -7 54.51768112 -9.77289391 -7 56.68821716 -7.54755497 -7 54.02085495 -10.14922523 -7 57.05204391 -7.04150057 -7 53.50588989 -10.50032425 -7 57.39019775 -6.51794004 -7 52.97406006 -10.82531738 -7 57.70183182 -5.97817469 -7 52.42669296 -11.12339783 -7 57.98617172 -5.42354679 -7 51.86515045 -11.39382362 -7 58.24251175 -4.85543489 -7 51.29082489 -11.63592148 -7 58.47021866 -4.27525187 -7 50.70514297 -11.84909153 -7 58.66872025 -3.68443966 -7 50.10956573 -12.03280354 -7 39.54026031 -25.93323708 -7 39.56964874 -25.84076691 -7 58.83752823 -3.08446741 -7 39.60348892 -25.74983025 -7 39.64170074 -25.66064262 -7 39.68419266 -25.57341194 -7 49.50557327 -12.18659878 -7 36.72310638 -24.92523193 -7 36.71751785 -24.85064888 -7 39.73086166 -25.4883461 -7 36.70821762 -24.77643585 -7 39.78160477 -25.40564346 -7 58.97621536 -2.47682691 -7 36.69522858 -24.70278168 -7 39.8362999 -25.32549858 -7 36.67858505 -24.62986374 -7 39.89481735 -25.24810219 -7 36.65832901 -24.55786705 -7 39.95701981 -25.17363358 -7 48.89466095 -12.31009674 -7 36.63451004 -24.48696899 -7 40.02275848 -25.10227013 -7 36.60718536 -24.41734695 -7 40.09188461 -25.03417969 -7 59.08444595 -1.86302829 -7 36.57642365 -24.3491745 -7 40.16422653 -24.96952057 -7 36.54230118 -24.28261948 -7 40.23962402 -24.90844727 -7 36.5049057 -24.21784782 -7 48.27835846 -12.40299034 -7 36.46432877 -24.15501976 -7 40.31789398 -24.85110092 -7 32.63836288 -28.57799339 -7 36.42066956 -24.09429359 -7 40.3988533 -24.79762077 -7 32.55482101 -28.52889633 -7 36.3740387 -24.0358181 -7 40.48230743 -24.74812698 -7 59.16194534 -1.24459803 -7 32.46899796 -28.48390388 -7 36.32454681 -23.97974014 -7 40.56806946 -24.70274162 -7 36.27232742 -23.92619896 -7 32.3810997 -28.44312096 -7 47.65818787 -12.46504784 -7 36.21749878 -23.87532806 -7 32.29132462 -28.40664291 -7 36.16020584 -23.82725334 -7 32.19989014 -28.37455559 -7 36.10058594 -23.78209305 -7 59.2085228 -0.62307358 -7 32.10700989 -28.34693718 -7 36.03879166 -23.73996162 -7 32.01290131 -28.32384682 -7 31.91778183 -28.30534363 -7 47.03569412 -12.49611473 -7 31.82187843 -28.29146957 -7 31.72541618 -28.28225708 -7 31.62862206 -28.27772713 -7 31.53172112 -28.27789116 -7 31.43494225 -28.28274727 -7 31.33851051 -28.29228592 -7 46.41242599 -12.49611473 -7 31.24265671 -28.30648422 -7 31.14760017 -28.32530975 -7 31.05356979 -28.34871674 -7 33.72683334 -24.92523193 -7 33.73242569 -24.85064888 -7 33.74172592 -24.77643585 -7 33.75471115 -24.70278168 -7 33.77135468 -24.62986374 -7 45.78993607 -12.46504784 -7 33.79161072 -24.55786705 -7 33.8154335 -24.48696899 -7 33.84275818 -24.41734695 -7 33.87351608 -24.3491745 -7 45.16976547 -12.40299034 -7 44.55345917 -12.31009674 -7 33.90763855 -24.28261948 -7 33.94503403 -24.21784782 -7 33.98561096 -24.15501976 -7 34.02927017 -24.09429359 -7 43.94254684 -12.18659878 -7 43.33855438 -12.03280354 -7 42.74297714 -11.84909153 -7 42.15729904 -11.63592148 -7 35.97497177 -23.70096207 -7 41.58297348 -11.39382362 -7 35.84189987 -23.63274193 -7 35.77298355 -23.60368919 -7 35.9092865 -23.66519165 -7 41.02142715 -11.12339783 -7 35.70270157 -23.57810974 -7 35.63123322 -23.5560627 -7 40.47406006 -10.82531738 -7 35.55875015 -23.53760719 -7 35.48544312 -23.522789 -7 39.94223022 -10.50032425 -7 35.41148758 -23.51164055 -7 35.33706665 -23.50419426 -7 35.26236725 -23.50046539 -7 39.42726517 -10.14922523 -7 35.18757629 -23.50046539 -7 35.11287689 -23.50419426 -7 38.930439 -9.77289391 -7 35.03845596 -23.51164055 -7 34.96449661 -23.522789 -7 38.45298767 -9.37226486 -7 34.89118958 -23.53760719 -7 34.81871033 -23.5560627 -7 37.99610138 -8.94833565 -7 34.74724197 -23.57810974 -7 34.67695999 -23.60368919 -7 37.56091309 -8.50215912 -7 34.60803986 -23.63274193 -7 34.54065323 -23.66519165 -7 37.14850616 -8.03484535 -7 34.47497177 -23.70096207 -7 34.41115189 -23.73996162 -7 36.75990295 -7.54755497 -7 34.34935379 -23.78209305 -7 34.2897377 -23.82725334 -7 36.3960762 -7.04150057 -7 34.23244095 -23.87532806 -7 34.17761612 -23.92619896 -7 36.05792618 -6.51794004 -7 34.12539291 -23.97974014 -7 35.74629211 -5.97817469 -7 34.07590485 -24.0358181 -7 35.46194839 -5.42354679 -7 35.20560837 -4.85543489 -7 34.97790146 -4.27525187 -7 34.77939987 -3.68443966 -7 34.6105957 -3.08446741 -7 34.47190475 -2.47682691 -7 34.36367416 -1.86302829 -7 34.28617477 -1.24459803 -7 34.23959732 -0.62307358 -7 40.56806946 24.70274162 -7 40.48230743 24.74812698 -7 40.3988533 24.79762077 -7 40.31789398 24.85110092 -7 40.23962402 24.90844727 -7 40.16422653 24.96952057 -7 40.09188461 25.03417969 -7 40.02275848 25.10227013 -7 39.95701981 25.17363358 -7 39.89481735 25.24810219 -7 39.8362999 25.32549858 -7 39.78160477 25.40564346 -7 39.73086166 25.4883461 -7 39.68419266 25.57341194 -7 39.64170074 25.66064262 -7 36.72310638 25.07476807 -7 39.60348892 25.74983025 -7 36.71751785 25.14935112 -7 39.56964874 25.84076691 -7 36.70821762 25.22356415 -7 39.54026031 25.93323708 -7 36.69522858 25.29721832 -7 36.67858505 25.37013626 -7 -17.7898674 -32.88425827 -7 36.65832901 25.44213295 -7 -17.74005318 -32.80055237 -7 36.63451004 25.51303101 -7 -17.68622398 -32.7193718 -7 -17.6285038 -32.64090729 -7 36.60718536 25.58265305 -7 -17.56703377 -32.56534958 -7 -17.50195694 -32.49287415 -7 36.57642365 25.6508255 -7 -17.43342781 -32.42364883 -7 36.54230118 25.71738052 -7 -17.36161041 -32.35784531 -7 -17.2866745 -32.29561615 -7 36.5049057 25.78215218 -7 -20.27689362 -30.92523193 -7 -17.20879745 -32.23711014 -7 36.46432877 25.84498024 -7 -20.28248405 -30.85064888 -7 36.42066956 25.90570641 -7 -20.29178238 -30.77643585 -7 -17.12816429 -32.1824646 -7 36.3740387 25.9641819 -7 -20.30477142 -30.70278168 -7 -17.04496574 -32.13180923 -7 -20.32141304 -30.62986374 -7 -16.95940018 -32.08526611 -7 36.32454681 26.02025986 -7 -20.34167099 -30.55786705 -7 -16.87166977 -32.04294205 -7 36.27232742 26.07380104 -7 -20.36548996 -30.48696899 -7 -16.78198242 -32.00494003 -7 -20.39281464 -30.41734695 -7 -16.69055176 -31.97135162 -7 36.21749878 26.12467194 -7 -20.42357635 -30.3491745 -7 -16.59759331 -31.94225311 -7 -20.45769691 -30.28261948 -7 -16.50332832 -31.91771698 -7 -20.49509239 -30.21784782 -7 -16.40797997 -31.89779663 -7 36.16020584 26.17274666 -7 -20.53567123 -30.15501976 -7 -16.31177711 -31.88254547 -7 -20.57933044 -30.09429359 -7 -16.21494293 -31.87199402 -7 -20.62596321 -30.0358181 -7 36.10058594 26.21790695 -7 -20.67545128 -29.97974014 -7 -16.11771202 -31.86617088 -7 -20.72767448 -29.92619896 -7 -16.02031136 -31.86508751 -7 -20.78250122 -29.87532806 -7 -15.92297554 -31.86874962 -7 36.03879166 26.26003838 -7 -20.83979416 -29.82725334 -7 -15.82593155 -31.87714577 -7 -20.89941406 -29.78209305 -7 -15.72941208 -31.89025688 -7 -20.96121025 -29.73996162 -7 35.97497177 26.29903793 -7 -21.02503014 -29.70096207 -7 35.9092865 26.33480835 -7 35.84189987 26.36725807 -7 35.77298355 26.39631081 -7 35.70270157 26.42189026 -7 35.63123322 26.4439373 -7 35.55875015 26.46239281 -7 35.48544312 26.477211 -7 35.41148758 26.48835945 -7 35.33706665 26.49580574 -7 35.26236725 26.49953461 -7 35.18757629 26.49953461 -7 35.11287689 26.49580574 -7 35.03845596 26.48835945 -7 34.96449661 26.477211 -7 34.89118958 26.46239281 -7 34.81871033 26.4439373 -7 -23.27316475 -30.92523193 -7 34.74724197 26.42189026 -7 34.67695999 26.39631081 -7 -23.26757622 -30.85064888 -7 34.60803986 26.36725807 -7 -23.25827599 -30.77643585 -7 34.54065323 26.33480835 -7 34.47497177 26.29903793 -7 34.41115189 26.26003838 -7 -23.24528885 -30.70278168 -7 34.34935379 26.21790695 -7 -26.10429192 -30.17417908 -7 -23.22864532 -30.62986374 -7 32.63836288 28.57799339 -7 34.2897377 26.17274666 -7 32.55482101 28.52889633 -7 34.23244095 26.12467194 -7 -26.09535408 -30.09001541 -7 -23.20838928 -30.55786705 -7 32.46899796 28.48390388 -7 34.17761612 26.07380104 -7 34.12539291 26.02025986 -7 32.3810997 28.44312096 -7 34.07590485 25.9641819 -7 -26.08998299 -30.00554848 -7 -23.18456841 -30.48696899 -7 32.29132462 28.40664291 -7 34.02927017 25.90570641 -7 -23.15724373 -30.41734695 -7 32.19989014 28.37455559 -7 33.98561096 25.84498024 -7 32.10700989 28.34693718 -7 33.94503403 25.78215218 -7 -23.12648201 -30.3491745 -7 32.01290131 28.32384682 -7 33.90763855 25.71738052 -7 -23.09236145 -30.28261948 -7 31.91778183 28.30534363 -7 33.87351608 25.6508255 -7 31.82187843 28.29146957 -7 33.84275818 25.58265305 -7 -23.05496597 -30.21784782 -7 31.72541618 28.28225708 -7 33.8154335 25.51303101 -7 33.79161072 25.44213295 -7 -23.01438713 -30.15501976 -7 -22.97072792 -30.09429359 -7 31.62862206 28.27772713 -7 33.77135468 25.37013626 -7 -22.92409515 -30.0358181 -7 31.53172112 28.27789116 -7 33.75471115 25.29721832 -7 -22.87460709 -29.97974014 -7 31.43494225 28.28274727 -7 33.74172592 25.22356415 -7 31.33851051 28.29228592 -7 33.73242569 25.14935112 -7 -22.82238388 -29.92619896 -7 31.24265671 28.30648422 -7 33.72683334 25.07476807 -7 -22.76755905 -29.87532806 -7 31.14760017 28.32530975 -7 -22.71026421 -29.82725334 -7 31.05356979 28.34871674 -7 -22.6506443 -29.78209305 -7 -22.58884811 -29.73996162 -7 -22.52503014 -29.70096207 -7 -22.45934486 -29.66519165 -7 -22.39196014 -29.63274193 -7 -22.32304001 -29.60368919 -7 -22.25275993 -29.57810974 -7 -22.18128967 -29.5560627 -7 -22.10881042 -29.53760719 -7 -22.03550148 -29.522789 -7 -21.96154404 -29.51164055 -7 -21.88712502 -29.50419426 -7 -21.81242561 -29.50046539 -7 -29.37921524 -27.12724686 -7 -29.29416656 -27.17361259 -7 -29.54208183 -27.02243996 -7 -29.46191788 -27.07681465 -7 -29.95969391 -26.62108612 -7 -30.0172081 -26.54314232 -7 -30.07088089 -26.46250725 -7 -30.1205864 -26.37936592 -7 -30.16620827 -26.2939167 -7 -30.20763969 -26.20635796 -7 -30.2447834 -26.11689568 -7 -29.61952019 -26.96424675 -7 -29.69404793 -26.90237045 -7 -29.76549339 -26.83695984 -7 -29.83368874 -26.7681675 -7 -29.89847183 -26.69615173 -7 -21.73763275 -29.50046539 -7 -21.66293335 -29.50419426 -7 -21.58851433 -29.51164055 -7 -21.51455688 -29.522789 -7 -21.44124794 -29.53760719 -7 -21.36876869 -29.5560627 -7 -21.29730034 -29.57810974 -7 -21.22701836 -29.60368919 -7 -21.15809822 -29.63274193 -7 -21.0907135 -29.66519165 -7 -16.11771202 31.86617088 -7 -16.02031136 31.86508751 -7 -16.21494293 31.87199402 -7 -15.92297554 31.86874962 -7 -15.82593155 31.87714577 -7 -16.31177711 31.88254547 -7 -15.72941208 31.89025688 -7 -16.40797997 31.89779663 -7 -16.50332832 31.91771698 -7 -16.59759331 31.94225311 -7 -16.69055176 31.97135162 -7 -16.78198242 32.00494003 -7 -16.87166977 32.04294205 -7 -16.95940018 32.08526611 -7 -17.04496574 32.13180923 -7 -17.12816429 32.1824646 -7 -17.20879745 32.23711014 -7 -17.2866745 32.29561615 -7 -17.36161041 32.35784531 -7 -20.27689362 31.07476807 -7 -17.43342781 32.42364883 -7 -20.28248405 31.14935112 -7 -17.50195694 32.49287415 -7 -20.29178238 31.22356415 -7 -17.56703377 32.56534958 -7 -20.30477142 31.29721832 -7 -17.6285038 32.64090729 -7 -20.32141304 31.37013626 -7 -17.68622398 32.7193718 -7 -20.34167099 31.44213295 -7 -17.74005318 32.80055237 -7 -20.36548996 31.51303101 -7 -20.39281464 31.58265305 -7 -17.7898674 32.88425827 -7 -20.42357635 31.6508255 -7 -20.45769691 31.71738052 -7 -20.49509239 31.78215218 -7 -20.53567123 31.84498024 -7 -20.57933044 31.90570641 -7 -20.62596321 31.9641819 -7 -20.67545128 32.02025986 -7 -20.72767448 32.07379913 -7 -20.78250122 32.12467194 -7 -20.83979416 32.17274857 -7 -20.89941406 32.21790695 -7 -20.96121025 32.26004028 -7 -21.02503014 32.29903793 -7 -21.0907135 32.33480835 -7 -21.15809822 32.36725998 -7 -21.22701836 32.3963089 -7 -26.70397186 28.55342484 -7 -26.63418961 28.62483406 -7 -26.77723122 28.48558617 -7 -26.56805801 28.69963646 -7 -26.85378456 28.42148972 -7 -26.50574303 28.77764702 -7 -26.93344116 28.36129189 -7 -26.44739723 28.85867119 -7 -27.01600266 28.30514526 -7 -26.3931694 28.94250488 -7 -21.29730034 32.42189026 -7 -27.10126305 28.25318909 -7 -26.34319115 29.0289402 -7 -27.18901062 28.20555305 -7 -26.29759026 29.11776161 -7 -26.25647926 29.20874977 -7 -26.21995926 29.3016758 -7 -26.1881218 29.39630699 -7 -21.36876869 32.44393539 -7 -26.16104889 29.49241066 -7 -26.13880348 29.58974648 -7 -26.12144661 29.6880703 -7 -21.44124794 32.4623909 -7 -26.10901642 29.78713799 -7 -26.10154533 29.88670158 -7 -21.51455688 32.477211 -7 -21.58851433 32.48835754 -7 -30.15172195 26.33543205 -7 -30.23165512 26.15630722 -7 -30.1938858 26.24684906 -7 -29.34963226 27.17405891 -7 -30.10526466 26.42183876 -7 -30.05462456 26.5058651 -7 -29.5155735 27.06947136 -7 -29.43388748 27.12380028 -7 -29.99992752 26.58730507 -7 -29.59449959 27.01120186 -7 -29.94130135 26.66596603 -7 -29.6704731 26.94913101 -7 -29.87888718 26.74165726 -7 -29.74331093 26.88341141 -7 -29.8128376 26.81419754 -7 -21.66293335 32.49580383 -7 -21.73763275 32.49953461 -7 -21.81242561 32.49953461 -7 -21.88712502 32.49580383 -7 -23.27316475 31.07476807 -7 -21.96154404 32.48835754 -7 -23.26757622 31.14935112 -7 -22.03550148 32.477211 -7 -23.25827599 31.22356415 -7 -22.10881042 32.4623909 -7 -23.24528885 31.29721832 -7 -22.18128967 32.44393539 -7 -23.22864532 31.37013626 -7 -22.25275993 32.42189026 -7 -23.20838928 31.44213295 -7 -22.32304001 32.3963089 -7 -23.18456841 31.51303101 -7 -22.39196014 32.36725998 -7 -23.15724373 31.58265305 -7 -22.45934486 32.33480835 -7 -23.12648201 31.6508255 -7 -22.52503014 32.29903793 -7 -23.09236145 31.71738052 -7 -22.58884811 32.26004028 -7 -23.05496597 31.78215218 -7 -22.6506443 32.21790695 -7 -23.01438713 31.84498024 -7 -22.71026421 32.17274857 -7 -22.97072792 31.90570641 -7 -22.76755905 32.12467194 -7 -22.92409515 31.9641819 -7 -22.82238388 32.07379913 -7 -22.87460709 32.02025986 -7 41.28028107 -23.28447151 0 41.18944168 -23.31777573 0 41.09709167 -23.34664536 0 41.00345612 -23.37101746 0 40.90875244 -23.39083099 0 40.8132019 -23.40604019 0 40.71702576 -23.41661263 0 40.62045288 -23.42251968 0 40.52370453 -23.42374992 0 40.4270134 -23.42029953 0 40.56806946 -24.70274162 0 40.33060074 -23.41217804 0 40.48230743 -24.74812698 0 40.23469162 -23.39940071 0 40.3988533 -24.79762077 0 40.13951492 -23.38200188 0 40.31789398 -24.85110092 0 40.0452919 -23.36001968 0 40.23962402 -24.90844727 0 39.95223999 -23.33350563 0 40.16422653 -24.96952057 0 39.86058044 -23.30252457 0 40.09188461 -25.03417969 0 39.77052307 -23.26714516 0 40.02275848 -25.10227013 0 39.68228531 -23.22745132 0 39.95701981 -25.17363358 0 39.59607315 -23.18353653 0 39.89481735 -25.24810219 0 39.51208115 -23.13550377 0 39.8362999 -25.32549858 0 39.43051147 -23.08346558 0 39.78160477 -25.40564346 0 39.35155487 -23.02754402 0 39.54026031 -25.93323708 0 39.56964874 -25.84076691 0 39.60348892 -25.74983025 0 39.64170074 -25.66064262 0 39.68419266 -25.57341194 0 36.72310638 -24.92523193 0 39.73086166 -25.4883461 0 36.71751785 -24.85064888 0 36.70821762 -24.77643585 0 36.69522858 -24.70278168 0 36.67858505 -24.62986374 0 39.27539825 -22.9678688 0 39.20221329 -22.90457916 0 36.65832901 -24.55786705 0 39.13217545 -22.83782578 0 36.63451004 -24.48696899 0 39.06544495 -22.76776123 0 36.60718536 -24.41734695 0 36.57642365 -24.3491745 0 39.00218582 -22.69455338 0 36.54230118 -24.28261948 0 38.94253922 -22.61837006 0 36.5049057 -24.21784782 0 38.88664627 -22.53939247 0 38.75909805 -22.35946465 0 36.46432877 -24.15501976 0 32.63836288 -28.57799339 0 38.62271118 -22.18613815 0 36.42066956 -24.09429359 0 32.55482101 -28.52889633 0 38.47783661 -22.01984406 0 36.3740387 -24.0358181 0 32.46899796 -28.48390388 0 36.32454681 -23.97974014 0 38.32483292 -21.86099815 0 36.27232742 -23.92619896 0 32.3810997 -28.44312096 0 32.29132462 -28.40664291 0 32.19989014 -28.37455559 0 38.16407776 -21.70999718 0 36.21749878 -23.87532806 0 32.10700989 -28.34693718 0 37.99597931 -21.56722069 0 36.16020584 -23.82725334 0 37.82095337 -21.43302155 0 36.10058594 -23.78209305 0 37.63944244 -21.30773926 0 36.03879166 -23.73996162 0 37.45189667 -21.19168282 0 35.97497177 -23.70096207 0 37.25878143 -21.08514595 0 35.9092865 -23.66519165 0 37.06058502 -20.98839378 0 35.84189987 -23.63274193 0 36.85780334 -20.90166664 0 35.77298355 -23.60368919 0 31.05356979 -28.34871674 0 30.29891205 -27.29672813 0 30.22884369 -27.36432838 0 31.14760017 -28.32530975 0 30.36560631 -27.22579765 0 30.15556908 -27.42844009 0 31.24265671 -28.30648422 0 30.42877007 -27.15170479 0 30.07926178 -27.48890877 0 31.33851051 -28.29228592 0 30.48825455 -27.07462692 0 30.00010109 -27.54559135 0 31.43494225 -28.28274727 0 30.5439167 -26.99474335 0 29.91827583 -27.59835434 0 31.53172112 -28.27789116 0 30.59562302 -26.9122467 0 29.83398056 -27.64707375 0 36.65093613 -20.82518387 0 35.70270157 -23.57810974 0 31.62862206 -28.27772713 0 30.64325523 -26.82733345 0 29.74741364 -27.69163322 0 31.72541618 -28.28225708 0 30.68669891 -26.74020004 0 29.65878105 -27.73192596 0 31.82187843 -28.29146957 0 30.72584915 -26.65105629 0 29.56829071 -27.76785851 0 30.7606163 -26.56011391 0 31.91778183 -28.30534363 0 32.01290131 -28.32384682 0 30.79091644 -26.46758652 0 36.4405098 -20.75913429 0 35.63123322 -23.5560627 0 30.81667519 -26.37369347 0 30.83783722 -26.27865982 0 30.85434723 -26.18270683 0 30.86616707 -26.08606529 0 36.22704315 -20.70368576 0 35.55875015 -23.53760719 0 30.87327194 -25.98896217 0 36.01107025 -20.65897369 0 35.48544312 -23.522789 0 35.79313278 -20.62511063 0 35.41148758 -23.51164055 0 35.57378006 -20.60218239 0 35.33706665 -23.50419426 0 35.35354996 -20.5902462 0 35.26236725 -23.50046539 0 33.72683334 -24.92523193 0 35.13299942 -20.58933067 0 35.18757629 -23.50046539 0 30.81885529 -24.77951813 0 33.73242569 -24.85064888 0 34.91268158 -20.59943771 0 35.11287689 -23.50419426 0 30.83538055 -24.55958748 0 33.74172592 -24.77643585 0 34.69314194 -20.62054443 0 35.03845596 -23.51164055 0 30.86287689 -24.34075737 0 33.75471115 -24.70278168 0 34.47493362 -20.65259743 0 34.96449661 -23.522789 0 33.77135468 -24.62986374 0 30.90127563 -24.1235733 0 34.25859833 -20.69551468 0 34.89118958 -23.53760719 0 30.95047951 -23.90858078 0 33.79161072 -24.55786705 0 34.04467773 -20.74919128 0 34.81871033 -23.5560627 0 31.01036835 -23.69631767 0 33.8154335 -24.48696899 0 33.83370972 -20.81349182 0 34.74724197 -23.57810974 0 31.08078957 -23.48731041 0 33.84275818 -24.41734695 0 33.62621689 -20.88825417 0 34.67695999 -23.60368919 0 33.87351608 -24.3491745 0 31.16156769 -23.28208542 0 33.42271805 -20.97329521 0 34.60803986 -23.63274193 0 33.90763855 -24.28261948 0 31.25250244 -23.08115387 0 33.22372818 -21.06839752 0 34.54065323 -23.66519165 0 31.35336685 -22.8850174 0 33.94503403 -24.21784782 0 33.02973557 -21.1733284 0 34.47497177 -23.70096207 0 31.46390724 -22.69416809 0 33.98561096 -24.15501976 0 32.8412323 -21.28782272 0 34.41115189 -23.73996162 0 31.58384514 -22.50908089 0 34.02927017 -24.09429359 0 32.65868759 -21.41159439 0 34.34935379 -23.78209305 0 34.07590485 -24.0358181 0 31.71288681 -22.33021927 0 32.48255539 -21.54433632 0 34.2897377 -23.82725334 0 31.85070419 -22.15802956 0 34.12539291 -23.97974014 0 32.31327438 -21.68571281 0 34.23244095 -23.87532806 0 31.99695587 -21.99294472 0 34.17761612 -23.92619896 0 32.15127563 -21.83537483 0 41.28028107 23.28447151 0 40.52370453 23.42374992 0 40.4270134 23.42029953 0 40.62045288 23.42251968 0 40.71702576 23.41661263 0 40.8132019 23.40604019 0 40.90875244 23.39083099 0 41.00345612 23.37101746 0 41.09709167 23.34664536 0 41.18944168 23.31777573 0 40.56806946 24.70274162 0 40.33060074 23.41217804 0 40.48230743 24.74812698 0 40.23469162 23.39940071 0 40.3988533 24.79762077 0 40.13951492 23.38200188 0 40.31789398 24.85110092 0 40.0452919 23.36001968 0 40.23962402 24.90844727 0 39.95223999 23.33350563 0 40.16422653 24.96952057 0 39.86058044 23.30252457 0 40.09188461 25.03417969 0 39.77052307 23.26714516 0 40.02275848 25.10227013 0 39.68228531 23.22745132 0 39.95701981 25.17363358 0 39.59607315 23.18353653 0 39.89481735 25.24810219 0 39.51208115 23.13550377 0 -16.21494293 -31.87199402 0 -16.31177711 -31.88254547 0 -16.11771202 -31.86617088 0 -16.02031136 -31.86508751 0 -15.92297554 -31.86874962 0 -15.82593155 -31.87714577 0 -15.72941208 -31.89025688 0 39.8362999 25.32549858 0 39.43051147 23.08346558 0 -16.28751183 -30.72937584 0 -16.40797997 -31.89779663 0 39.78160477 25.40564346 0 39.35155487 23.02754402 0 -16.37882614 -30.70204926 0 -16.50332832 -31.91771698 0 -16.46873474 -30.67040253 0 -16.59759331 -31.94225311 0 -16.55703354 -30.63450813 0 -16.69055176 -31.97135162 0 -16.64352226 -30.59444809 0 -16.78198242 -32.00494003 0 -16.72800255 -30.55031395 0 -16.87166977 -32.04294205 0 -16.81028557 -30.50220299 0 -16.95940018 -32.08526611 0 -16.8901825 -30.45022583 0 -17.04496574 -32.13180923 0 -16.96751213 -30.39450264 0 -17.12816429 -32.1824646 0 -17.04210091 -30.33515739 0 -17.20879745 -32.23711014 0 -17.11377525 -30.27232742 0 -17.2866745 -32.29561615 0 -17.18237495 -30.20615196 0 -17.36161041 -32.35784531 0 -17.24774551 -30.13678551 0 -17.43342781 -32.42364883 0 -17.30973625 -30.06438065 0 38.94253922 22.61837006 0 39.00218582 22.69455338 0 39.06544495 22.76776123 0 39.13217545 22.83782578 0 39.20221329 22.90457916 0 39.27539825 22.9678688 0 39.73086166 25.4883461 0 39.68419266 25.57341194 0 39.64170074 25.66064262 0 36.72310638 25.07476807 0 39.60348892 25.74983025 0 36.71751785 25.14935112 0 39.56964874 25.84076691 0 39.54026031 25.93323708 0 36.70821762 25.22356415 0 36.69522858 25.29721832 0 36.67858505 25.37013626 0 -17.7898674 -32.88425827 0 36.65832901 25.44213295 0 -17.74005318 -32.80055237 0 36.63451004 25.51303101 0 -17.68622398 -32.7193718 0 -17.6285038 -32.64090729 0 36.60718536 25.58265305 0 -17.56703377 -32.56534958 0 -17.50195694 -32.49287415 0 36.57642365 25.6508255 0 36.54230118 25.71738052 0 -17.36820602 -29.98910713 0 36.5049057 25.78215218 0 -17.42302322 -29.91113091 0 -20.27689362 -30.92523193 0 36.46432877 25.84498024 0 -17.47406387 -29.83063316 0 -20.28248405 -30.85064888 0 36.42066956 25.90570641 0 -17.52120972 -29.7477951 0 -20.29178238 -30.77643585 0 36.3740387 25.9641819 0 -17.56435585 -29.66280365 0 -20.30477142 -30.70278168 0 -20.32141304 -30.62986374 0 -17.603405 -29.57585335 0 36.32454681 26.02025986 0 -20.34167099 -30.55786705 0 -17.63826561 -29.48714066 0 36.27232742 26.07380104 0 -20.36548996 -30.48696899 0 -20.39281464 -30.41734695 0 -17.71720505 -29.28663826 0 36.21749878 26.12467194 0 -17.90400505 -28.89840126 0 -20.42357635 -30.3491745 0 -17.8058548 -29.09023476 0 -18.01141739 -28.71159935 0 -20.45769691 -30.28261948 0 -18.12784004 -28.53027344 0 -20.49509239 -30.21784782 0 36.16020584 26.17274666 0 -20.53567123 -30.15501976 0 -18.25298882 -28.35485649 0 -18.38656807 -28.18577194 0 -20.57933044 -30.09429359 0 -20.62596321 -30.0358181 0 -18.52825546 -28.02342224 0 36.10058594 26.21790695 0 -20.67545128 -29.97974014 0 -18.6777153 -27.86819649 0 -20.72767448 -29.92619896 0 36.03879166 26.26003838 0 -18.8345871 -27.72046471 0 -20.78250122 -29.87532806 0 35.97497177 26.29903793 0 -18.9984951 -27.58058357 0 -20.83979416 -29.82725334 0 35.9092865 26.33480835 0 -19.16905022 -27.44888496 0 -20.89941406 -29.78209305 0 35.84189987 26.36725807 0 -19.34584045 -27.3256855 0 -20.96121025 -29.73996162 0 35.77298355 26.39631081 0 -19.52844429 -27.21127892 0 -21.02503014 -29.70096207 0 35.70270157 26.42189026 0 -19.71642494 -27.10593987 0 -21.0907135 -29.66519165 0 35.63123322 26.4439373 0 -19.90933228 -27.00992203 0 -21.15809822 -29.63274193 0 35.55875015 26.46239281 0 -20.10670662 -26.92345238 0 -21.22701836 -29.60368919 0 35.48544312 26.477211 0 -20.30807114 -26.84673882 0 -21.29730034 -29.57810974 0 35.41148758 26.48835945 0 -20.51294708 -26.77996445 0 -21.36876869 -29.5560627 0 35.33706665 26.49580574 0 35.26236725 26.49953461 0 -20.72084427 -26.72328949 0 -21.44124794 -29.53760719 0 35.18757629 26.49953461 0 -20.93126488 -26.67685127 0 -21.51455688 -29.522789 0 33.72683334 25.07476807 0 30.81811142 25.20509148 0 35.11287689 26.49580574 0 -21.14370346 -26.64075851 0 -21.58851433 -29.51164055 0 30.83241081 25.40973854 0 33.73242569 25.14935112 0 35.03845596 26.48835945 0 -21.35765457 -26.61510086 0 -21.66293335 -29.50419426 0 33.74172592 25.22356415 0 30.8562088 25.6135006 0 34.96449661 26.477211 0 33.75471115 25.29721832 0 30.86699677 25.7058754 0 33.77135468 25.37013626 0 30.87347984 25.79865265 0 33.79161072 25.44213295 0 -21.57260323 -26.59993553 0 -21.73763275 -29.50046539 0 34.89118958 26.46239281 0 33.8154335 25.51303101 0 33.84275818 25.58265305 0 34.81871033 26.4439373 0 -21.78803635 -26.59530067 0 -21.81242561 -29.50046539 0 33.87351608 25.6508255 0 -23.27316475 -30.92523193 0 34.74724197 26.42189026 0 33.90763855 25.71738052 0 -22.00343895 -26.60120773 0 -21.88712502 -29.50419426 0 33.94503403 25.78215218 0 34.67695999 26.39631081 0 -23.26757622 -30.85064888 0 34.60803986 26.36725807 0 -22.21829414 -26.61764145 0 -21.96154404 -29.51164055 0 -23.25827599 -30.77643585 0 34.54065323 26.33480835 0 34.47497177 26.29903793 0 -22.43208885 -26.64456367 0 -22.03550148 -29.522789 0 34.41115189 26.26003838 0 -23.24528885 -30.70278168 0 34.34935379 26.21790695 0 -26.10429192 -30.17417908 0 -23.22864532 -30.62986374 0 32.63836288 28.57799339 0 34.2897377 26.17274666 0 -22.6443119 -26.68190956 0 -22.10881042 -29.53760719 0 32.55482101 28.52889633 0 34.23244095 26.12467194 0 -26.09535408 -30.09001541 0 -23.20838928 -30.55786705 0 34.17761612 26.07380104 0 32.46899796 28.48390388 0 34.12539291 26.02025986 0 32.3810997 28.44312096 0 34.07590485 25.9641819 0 -26.08998299 -30.00554848 0 -23.18456841 -30.48696899 0 32.29132462 28.40664291 0 34.02927017 25.90570641 0 -22.85445404 -26.72959137 0 -22.18128967 -29.5560627 0 -23.15724373 -30.41734695 0 32.19989014 28.37455559 0 33.98561096 25.84498024 0 32.10700989 28.34693718 0 -23.12648201 -30.3491745 0 -23.06201172 -26.78749275 0 -22.25275993 -29.57810974 0 32.01290131 28.32384682 0 -23.09236145 -30.28261948 0 31.91778183 28.30534363 0 -23.26649094 -26.85547447 0 -22.32304001 -29.60368919 0 31.82187843 28.29146957 0 -23.05496597 -30.21784782 0 -23.4673996 -26.93337631 0 -22.39196014 -29.63274193 0 31.72541618 28.28225708 0 -23.01438713 -30.15501976 0 -23.66425896 -27.02100945 0 -22.45934486 -29.66519165 0 31.62862206 28.27772713 0 -23.85659599 -27.11816597 0 -22.52503014 -29.70096207 0 31.53172112 28.27789116 0 -24.04395103 -27.22461319 0 -22.58884811 -29.73996162 0 31.43494225 28.28274727 0 -24.22587776 -27.34009552 0 -22.6506443 -29.78209305 0 -24.30759239 -27.39199829 0 -22.71026421 -29.82725334 0 -24.39172363 -27.43988419 0 -22.76755905 -29.87532806 0 31.33851051 28.29228592 0 -24.47807312 -27.48364258 0 -22.82238388 -29.92619896 0 -24.56644058 -27.52317238 0 -22.87460709 -29.97974014 0 31.24265671 28.30648422 0 -22.92409515 -30.0358181 0 -24.65661621 -27.55838013 0 -22.97072792 -30.09429359 0 -24.74838829 -27.5891819 0 31.14760017 28.32530975 0 -24.8415451 -27.61550903 0 31.05356979 28.34871674 0 -24.9358654 -27.63729668 0 -25.03113174 -27.65449333 0 -25.12711716 -27.66706276 0 -25.22359848 -27.67497063 0 -25.32034874 -27.67820168 0 -25.41714287 -27.67674637 0 -25.51375198 -27.67061043 0 -25.60995293 -27.65980721 0 -25.70551682 -27.64435959 0 -25.8002224 -27.62430763 0 -25.89384651 -27.59969711 0 -25.98616982 -27.57058334 0 -26.07697678 -27.5370369 0 -28.48438454 -26.44312096 0 -28.57021141 -26.39625168 0 -28.65364456 -26.34524345 0 -28.73448372 -26.29021835 0 -29.29416656 -27.17361259 0 -29.37921524 -27.12724686 0 -28.81253815 -26.23130608 0 -29.46191788 -27.07681465 0 -28.88761902 -26.16864967 0 -29.54208183 -27.02243996 0 -29.61952019 -26.96424675 0 -28.95954704 -26.10239792 0 -29.69404793 -26.90237045 0 -29.76549339 -26.83695984 0 -29.02815247 -26.03271103 0 -29.83368874 -26.7681675 0 -29.89847183 -26.69615173 0 -29.09326744 -25.95975304 0 -29.95969391 -26.62108612 0 -29.15473938 -25.88369942 0 -30.0172081 -26.54314232 0 -29.21241951 -25.80473137 0 -30.07088089 -26.46250725 0 -30.1205864 -26.37936592 0 -29.2661705 -25.72303963 0 -30.16620827 -26.2939167 0 -30.20763969 -26.20635796 0 -30.2447834 -26.11689568 0 -29.31586647 -25.63881683 0 -29.36138344 -25.55226517 0 -29.4026165 -25.46359444 0 -29.43946648 -25.37301254 0 -15.72941208 31.89025688 0 -15.82593155 31.87714577 0 -15.92297554 31.86874962 0 -16.02031136 31.86508751 0 -16.11771202 31.86617088 0 -16.21494293 31.87199402 0 -16.31177711 31.88254547 0 -16.28751183 30.72937584 0 -16.40797997 31.89779663 0 -16.37882614 30.70204926 0 -16.50332832 31.91771698 0 -16.46873474 30.67040253 0 -16.59759331 31.94225311 0 -16.55703354 30.63450813 0 -16.69055176 31.97135162 0 -16.64352226 30.59444809 0 -16.78198242 32.00494003 0 -16.72800255 30.55031395 0 -16.87166977 32.04294205 0 -16.81028557 30.50220299 0 -16.95940018 32.08526611 0 -16.8901825 30.45022583 0 -17.04496574 32.13180923 0 -16.96751213 30.39450264 0 -17.12816429 32.1824646 0 -17.04210091 30.33515739 0 -17.20879745 32.23711014 0 -17.11377525 30.27232742 0 -17.2866745 32.29561615 0 -17.18237495 30.20615196 0 -17.36161041 32.35784531 0 -17.24774551 30.13678551 0 -17.43342781 32.42364883 0 -17.30973625 30.06438065 0 -18.68563652 27.86038208 0 -18.84380341 27.71222496 0 -18.53494835 28.01613998 0 -19.00906563 27.57202721 0 -18.3921032 28.17912102 0 -19.18102455 27.44012833 0 -18.2574482 28.34893036 0 -19.35926247 27.31684685 0 -18.13130951 28.52515602 0 -19.54334831 27.20248032 0 -18.0139904 28.70737457 0 -19.73283768 27.09730721 0 -17.90577507 28.89514351 0 -19.92727089 27.0015831 0 -17.7176857 29.28549957 0 -17.80692673 29.08800697 0 -20.12617683 26.91553688 0 -17.63826561 29.48714066 0 -20.32907295 26.83938026 0 -20.53547096 26.77329445 0 -17.603405 29.57585335 0 -20.74486923 26.71743965 0 -17.56435585 29.66280365 0 -20.95676041 26.6719532 0 -17.52120972 29.7477951 0 -21.17063332 26.63694382 0 -17.47406387 29.83063316 0 -21.38596916 26.61249733 0 -17.42302322 29.91113091 0 -21.60224724 26.59867096 0 -17.36820602 29.98910713 0 -21.81894302 26.59549904 0 -22.03553391 26.6029911 0 -20.27689362 31.07476807 0 -22.25149155 26.62112617 0 -17.50195694 32.49287415 0 -20.28248405 31.14935112 0 -22.46629906 26.64986229 0 -17.56703377 32.56534958 0 -20.29178238 31.22356415 0 -22.67943001 26.68912888 0 -17.6285038 32.64090729 0 -20.30477142 31.29721832 0 -22.89037323 26.73883057 0 -17.68622398 32.7193718 0 -20.32141304 31.37013626 0 -23.09861565 26.79884911 0 -17.74005318 32.80055237 0 -20.34167099 31.44213295 0 -23.30365562 26.86903763 0 -20.36548996 31.51303101 0 -23.50499344 26.94922447 0 -17.7898674 32.88425827 0 -20.39281464 31.58265305 0 -23.70214462 27.0392189 0 -20.42357635 31.6508255 0 -23.89462852 27.13880157 0 -20.45769691 31.71738052 0 -24.08198357 27.24773216 0 -20.49509239 31.78215218 0 -24.26375198 27.36574554 0 -20.53567123 31.84498024 0 -24.34436607 27.41814804 0 -20.57933044 31.90570641 0 -24.4274025 27.46661568 0 -20.62596321 31.9641819 0 -24.51267433 27.51103592 0 -20.67545128 32.02025986 0 -24.59998131 27.55130577 0 -20.72767448 32.07379913 0 -20.78250122 32.12467194 0 -24.68912506 27.58733559 0 -24.77989578 27.61903763 0 -24.87208366 27.64634132 0 -20.83979416 32.17274857 0 -20.89941406 32.21790695 0 -20.96121025 32.26004028 0 -21.02503014 32.29903793 0 -21.0907135 32.33480835 0 -21.15809822 32.36725998 0 -21.22701836 32.3963089 0 -26.00968742 27.61838341 0 -26.70397186 28.55342484 0 -26.10042572 27.58658409 0 -25.91752815 27.64578438 0 -26.63418961 28.62483406 0 -26.77723122 28.48558617 0 -25.82415771 27.66872597 0 -26.56805801 28.69963646 0 -26.85378456 28.42148972 0 -25.72979164 27.68715286 0 -26.50574303 28.77764702 0 -26.93344116 28.36129189 0 -25.63464928 27.7010231 0 -26.44739723 28.85867119 0 -27.01600266 28.30514526 0 -25.53895187 27.71030617 0 -26.3931694 28.94250488 0 -21.29730034 32.42189026 0 -27.10126305 28.25318909 0 -25.44291687 27.71497726 0 -26.34319115 29.0289402 0 -27.18901062 28.20555305 0 -25.34676933 27.71502876 0 -26.29759026 29.11776161 0 -25.25073051 27.71045876 0 -26.25647926 29.20874977 0 -25.15502167 27.70127869 0 -26.21995926 29.3016758 0 -26.1881218 29.39630699 0 -25.05986404 27.68750954 0 -21.36876869 32.44393539 0 -24.9654789 27.66918373 0 -26.16104889 29.49241066 0 -26.13880348 29.58974648 0 -26.12144661 29.6880703 0 -21.44124794 32.4623909 0 -26.10901642 29.78713799 0 -26.10154533 29.88670158 0 -21.51455688 32.477211 0 -29.42214775 25.42658615 0 -29.38678169 25.51389694 0 -29.34734344 25.59944344 0 -29.30392075 25.68304062 0 -29.25660896 25.76449776 0 -30.23165512 26.15630722 0 -21.58851433 32.48835754 0 -30.1938858 26.24684906 0 -28.67580605 26.37349129 0 -28.75243759 26.31870651 0 -28.59667969 26.42460823 0 -28.5152359 26.47194099 0 -29.20551491 25.84363747 0 -30.15172195 26.33543205 0 -29.34963226 27.17405891 0 -28.82640457 26.26037407 0 -30.10526466 26.42183876 0 -29.43388748 27.12380028 0 -29.15075111 25.92028427 0 -30.05462456 26.5058651 0 -29.5155735 27.06947136 0 -28.89754105 26.19862175 0 -29.09243774 25.99426651 0 -29.99992752 26.58730507 0 -29.59449959 27.01120186 0 -29.94130135 26.66596603 0 -29.6704731 26.94913101 0 -28.96569252 26.1335907 0 -29.87888718 26.74165726 0 -29.03070641 26.06542206 0 -29.74331093 26.88341141 0 -29.8128376 26.81419754 0 -21.66293335 32.49580383 0 -21.73763275 32.49953461 0 -21.81242561 32.49953461 0 -21.88712502 32.49580383 0 -23.27316475 31.07476807 0 -21.96154404 32.48835754 0 -23.26757622 31.14935112 0 -22.03550148 32.477211 0 -23.25827599 31.22356415 0 -22.10881042 32.4623909 0 -23.24528885 31.29721832 0 -22.18128967 32.44393539 0 -23.22864532 31.37013626 0 -22.25275993 32.42189026 0 -23.20838928 31.44213295 0 -22.32304001 32.3963089 0 -23.18456841 31.51303101 0 -22.39196014 32.36725998 0 -23.15724373 31.58265305 0 -22.45934486 32.33480835 0 -23.12648201 31.6508255 0 -22.52503014 32.29903793 0 -23.09236145 31.71738052 0 -22.58884811 32.26004028 0 -23.05496597 31.78215218 0 -22.6506443 32.21790695 0 -23.01438713 31.84498024 0 -22.71026421 32.17274857 0 -22.97072792 31.90570641 0 -22.76755905 32.12467194 0 -22.92409515 31.9641819 0 -22.82238388 32.07379913 0 -22.87460709 32.02025986 0 34.23959732 -0.62307358 -20.5 34.28617477 -1.24459803 -20.5 34.36367416 -1.86302829 -20.5 34.47190475 -2.47682691 -20.5 34.6105957 -3.08446741 -20.5 34.77939987 -3.68443966 -20.5 34.97790146 -4.27525187 -20.5 35.20560837 -4.85543489 -20.5 35.46194839 -5.42354679 -20.5 35.74629211 -5.97817469 -20.5 36.05792618 -6.51794004 -20.5 36.3960762 -7.04150057 -20.5 36.75990295 -7.54755497 -20.5 37.14850616 -8.03484535 -20.5 37.56091309 -8.50215912 -20.5 37.99610138 -8.94833565 -20.5 38.45298767 -9.37226486 -20.5 38.930439 -9.77289391 -20.5 39.42726517 -10.14922523 -20.5 39.94223022 -10.50032425 -20.5 40.47406006 -10.82531738 -20.5 41.02142715 -11.12339783 -20.5 41.58297348 -11.39382362 -20.5 42.15729904 -11.63592148 -20.5 42.74297714 -11.84909153 -20.5 43.33855438 -12.03280354 -20.5 43.94254684 -12.18659878 -20.5 44.55345917 -12.31009674 -20.5 45.16976547 -12.40299034 -20.5 45.78993607 -12.46504784 -20.5 46.41242599 -12.49611473 -20.5 47.03569412 -12.49611473 -20.5 47.65818787 -12.46504784 -20.5 48.27835846 -12.40299034 -20.5 48.89466095 -12.31009674 -20.5 49.50557327 -12.18659878 -20.5 50.10956573 -12.03280354 -20.5 50.70514297 -11.84909153 -20.5 51.29082489 -11.63592148 -20.5 51.86515045 -11.39382362 -20.5 52.42669296 -11.12339783 -20.5 52.97406006 -10.82531738 -20.5 53.50588989 -10.50032425 -20.5 54.02085495 -10.14922523 -20.5 54.51768112 -9.77289391 -20.5 54.99513245 -9.37226486 -20.5 55.45201874 -8.94833565 -20.5 55.88720703 -8.50215912 -20.5 56.29961777 -8.03484535 -20.5 56.68821716 -7.54755497 -20.5 57.05204391 -7.04150057 -20.5 57.39019775 -6.51794004 -20.5 57.70183182 -5.97817469 -20.5 57.98617172 -5.42354679 -20.5 58.24251175 -4.85543489 -20.5 58.47021866 -4.27525187 -20.5 58.66872025 -3.68443966 -20.5 58.83752823 -3.08446741 -20.5 58.97621536 -2.47682691 -20.5 59.08444595 -1.86302829 -20.5 59.16194534 -1.24459803 -20.5 59.2085228 -0.62307358 -20.5</float_array>
          <technique_common>
            <accessor source="#pos_0-array" count="11658" stride="3">
              <param name="X" type="float"/>
              <param name="Y" type="float"/>
              <param name="Z" type="float"/>
            </accessor>
          </technique_common>
        </source>
        <vertices id="vert_0">
          <input semantic="POSITION" source="#pos_0"/>
        </vertices>
        <triangles count="7780" material="mat_0">
          <input semantic="VERTEX" source="#vert_0" offset="0"/>
          <p>0 1 2 0 3 1 4 2 5 4 0 2 6 5 7 6 4 5 8 7 9 8 6 7 10 9 11 10 8 9 12 11 13 12 10 11 14 13 15 14 12 13 16 15 17 16 14 15 18 17 19 18 16 17 20 19 21 20 18 19 22 21 23 22 20 21 24 23 25 24 22 23 26 25 27 26 24 25 28 27 29 28 26 27 30 29 31 30 28 29 32 31 33 32 30 31 34 33 35 34 32 33 36 34 35 36 35 37 38 36 37 38 37 39 40 38 39 40 39 41 42 40 41 42 41 43 44 42 43 44 43 45 46 45 47 46 44 45 48 47 49 48 46 47 50 49 51 50 48 49 52 51 53 52 50 51 54 53 55 54 52 53 56 55 57 56 54 55 58 57 59 58 56 57 60 59 61 60 58 59 62 61 63 62 60 61 64 63 65 64 62 63 66 65 67 66 64 65 68 67 69 68 66 67 70 69 71 70 68 69 72 71 73 72 70 71 74 73 75 74 72 73 76 75 77 76 74 75 78 77 79 78 76 77 80 79 81 80 78 79 82 81 83 82 80 81 84 83 85 84 82 83 86 84 85 86 85 87 88 86 87 88 87 89 90 88 89 90 89 91 92 90 91 92 91 93 94 92 93 94 93 95 96 94 95 96 95 97 98 96 97 98 97 99 100 98 99 100 99 101 102 100 101 102 101 103 104 102 103 104 103 105 106 104 105 106 105 107 106 107 108 109 106 108 110 109 108 110 108 111 112 110 111 112 111 113 114 113 115 114 112 113 116 115 117 116 114 115 118 117 119 118 116 117 120 119 121 120 118 119 122 121 123 122 120 121 124 123 125 124 122 123 126 125 127 126 124 125 128 129 130 131 128 130 131 130 132 133 131 132 133 132 134 135 133 134 135 134 136 137 135 136 137 136 138 139 137 138 139 138 140 141 140 142 141 139 140 143 142 144 143 141 142 145 144 146 145 143 144 147 146 148 147 145 146 149 148 150 149 147 148 151 150 152 151 149 150 153 152 154 153 151 152 155 154 156 155 153 154 157 156 158 157 155 156 159 158 160 159 157 158 161 160 162 161 159 160 163 162 164 163 161 162 165 163 164 165 164 166 167 165 166 167 166 168 169 167 168 169 168 170 171 169 170 171 170 172 173 171 172 173 172 174 175 173 174 175 174 176 177 175 176 177 176 178 179 177 178 179 178 180 181 179 180 181 180 182 183 182 184 183 181 182 185 184 186 185 183 184 187 186 188 187 185 186 189 188 190 189 187 188 191 190 192 191 189 190 193 192 194 193 191 192 195 194 196 195 193 194 197 195 196 198 199 200 198 196 199 198 197 196 201 200 202 201 198 200 203 202 204 203 201 202 205 204 206 205 203 204 207 206 208 207 205 206 209 207 208 210 211 212 210 208 211 210 209 208 213 210 212 214 213 212 214 215 216 214 212 215 217 214 216 218 217 216 218 219 220 218 216 219 221 218 220 222 221 220 222 220 223 224 225 226 224 223 225 224 222 223 227 226 228 227 224 226 229 227 228 230 228 231 230 229 228 232 231 233 232 230 231 234 235 236 234 233 235 234 232 233 237 234 236 238 236 239 238 237 236 240 239 241 240 238 239 242 241 243 242 240 241 244 243 245 244 242 243 246 245 247 246 244 245 248 249 250 248 247 249 248 246 247 251 248 250 252 250 253 252 251 250 254 253 255 254 252 253 256 254 255 256 255 257 258 256 257 258 257 259 260 258 259 260 259 261 262 260 261 262 261 263 264 262 263 264 263 265 266 264 265 266 265 267 268 267 269 268 266 267 270 269 271 270 268 269 272 271 273 272 270 271 274 273 275 274 272 273 276 275 277 276 274 275 278 277 279 278 276 277 280 279 281 280 278 279 282 281 283 282 280 281 284 283 285 284 282 283 286 285 287 286 284 285 288 287 289 288 286 287 290 289 291 290 288 289 292 290 291 292 291 293 294 292 293 294 293 295 296 294 295 296 295 297 298 296 297 298 297 299 300 298 299 300 299 301 302 300 301 302 301 303 304 302 303 304 303 305 306 304 305 306 305 307 308 307 309 308 306 307 310 309 311 310 308 309 312 311 313 312 310 311 314 313 315 314 312 313 316 315 317 316 314 315 318 317 319 318 316 317 320 319 321 320 318 319 322 321 323 322 320 321 324 323 325 324 322 323 326 325 327 326 324 325 328 327 329 328 326 327 330 329 331 330 328 329 332 331 333 332 330 331 334 333 335 334 332 333 336 335 337 336 334 335 338 337 339 338 336 337 340 338 339 340 339 341 342 340 341 342 341 343 344 342 343 344 343 345 346 344 345 346 345 347 348 349 350 348 347 349 348 346 347 351 348 350 352 350 353 352 351 350 354 353 355 354 352 353 356 355 357 356 354 355 358 359 360 358 357 359 358 356 357 361 358 360 362 360 363 362 361 360 364 363 365 364 362 363 366 365 367 366 364 365 368 369 370 368 367 369 368 366 367 371 370 372 371 368 370 373 371 372 374 372 375 374 373 372 376 375 377 376 374 375 378 377 379 378 376 377 128 379 129 128 378 379 351 352 348 348 344 346 354 356 352 348 334 344 344 334 342 342 334 340 340 334 338 338 334 336 362 364 361 361 364 358 358 364 356 352 332 348 348 332 334 366 368 364 364 371 356 368 371 364 332 326 330 330 326 328 356 324 352 352 324 332 332 324 326 376 378 374 374 378 373 322 318 320 131 133 128 316 308 314 314 308 312 312 308 310 139 141 137 137 141 135 135 141 133 128 141 378 378 141 373 133 141 128 141 143 373 371 143 356 373 143 371 306 302 304 316 302 308 322 302 318 324 302 322 318 302 316 308 302 306 145 147 143 300 296 298 147 151 143 149 151 147 296 292 294 153 155 151 296 290 292 300 290 296 143 157 356 151 157 143 155 157 151 302 288 300 300 288 290 302 286 288 159 161 157 163 165 161 161 165 157 157 167 356 165 167 157 286 278 284 284 278 282 282 278 280 278 274 276 286 274 278 173 175 171 171 175 169 169 175 167 274 270 272 324 179 302 177 179 175 167 179 356 175 179 167 356 179 324 270 266 268 286 266 274 274 266 270 179 181 302 183 185 181 264 260 262 264 258 260 266 258 264 187 189 185 266 256 258 302 256 286 286 256 266 191 193 189 302 252 256 256 252 254 193 195 189 252 248 251 302 248 252 189 201 185 195 201 189 198 201 197 197 201 195 248 244 246 302 244 248 203 205 201 207 209 205 205 209 201 201 210 185 209 210 201 244 234 242 242 234 240 240 234 238 238 234 237 213 214 210 210 214 185 181 214 302 185 214 181 234 230 232 230 227 229 218 221 217 302 224 244 244 224 234 234 224 230 214 224 302 230 224 227 217 222 214 221 222 217 214 222 224 126 127 380 381 380 382 381 126 380 383 382 384 383 381 382 385 384 386 385 383 384 387 386 388 387 385 386 389 388 390 389 387 388 391 390 392 391 389 390 393 392 394 393 391 392 395 394 396 395 393 394 397 396 398 397 395 396 399 398 400 399 397 398 401 400 402 401 399 400 403 402 404 403 401 402 405 404 406 405 403 404 407 406 408 407 405 406 409 408 410 409 407 408 411 410 412 411 409 410 413 411 412 414 413 412 414 412 415 414 415 416 417 414 416 417 416 418 419 417 418 419 418 420 421 419 420 421 420 422 423 421 422 423 422 424 425 423 424 425 424 426 427 425 426 427 426 428 429 428 430 429 427 428 431 429 430 432 430 433 432 433 434 432 431 430 435 434 436 435 432 434 437 436 438 437 435 436 439 438 440 439 437 438 441 440 442 441 439 440 443 442 444 443 441 442 445 444 446 445 443 444 447 446 448 447 445 446 449 447 448 450 448 451 450 451 452 450 449 448 453 452 454 453 450 452 455 453 454 456 454 457 456 457 458 456 455 454 459 456 458 460 458 461 460 461 462 460 459 458 463 462 464 463 460 462 465 463 464 465 464 466 467 465 466 468 467 466 468 466 469 468 469 470 471 468 470 472 471 470 472 470 473 472 473 474 475 472 474 476 475 474 476 474 477 478 476 477 478 477 479 478 479 480 481 478 480 481 480 482 483 481 482 484 483 482 484 482 485 486 484 485 486 485 487 488 486 487 488 487 489 490 488 489 490 489 491 490 491 492 493 490 492 494 492 495 494 495 496 494 493 492 497 496 498 497 494 496 499 498 500 499 497 498 501 499 500 502 500 503 502 503 1 502 501 500 3 502 1 287 473 289 285 473 287 285 474 473 473 470 289 283 477 285 281 477 283 285 477 474 289 469 291 470 469 289 281 479 477 293 466 295 291 466 293 469 466 291 279 480 281 281 480 479 295 464 297 466 464 295 277 482 279 279 482 480 464 462 297 275 485 277 277 485 482 299 461 301 297 461 299 462 461 297 273 487 275 275 487 485 461 458 301 273 489 487 271 489 273 301 457 303 458 457 301 269 491 271 267 491 269 271 491 489 303 454 305 457 454 303 267 492 491 265 492 267 305 452 307 454 452 305 307 452 309 265 495 492 452 451 309 263 496 265 265 496 495 451 448 309 309 448 311 261 498 263 263 498 496 448 446 311 311 446 313 446 315 313 261 500 498 259 500 261 259 257 500 446 444 315 257 503 500 444 442 315 315 442 317 442 319 317 255 1 257 257 1 503 442 440 319 253 2 255 255 2 1 440 438 319 319 438 321 250 5 253 253 5 2 250 249 5 321 436 323 438 436 321 249 7 5 249 247 7 436 434 323 323 434 325 434 327 325 247 9 7 434 433 327 245 11 247 247 11 9 433 430 327 327 430 329 243 13 245 245 13 11 430 428 329 329 428 331 241 15 243 243 15 13 428 426 331 331 426 333 239 17 241 241 17 15 426 424 333 333 424 335 236 19 239 239 19 17 424 422 335 335 422 337 235 21 236 236 21 19 422 420 337 337 420 339 235 233 21 233 23 21 420 418 339 339 418 341 231 25 233 233 25 23 418 416 341 341 416 343 228 27 231 231 27 25 416 415 343 343 415 345 226 29 228 228 29 27 345 412 347 415 412 345 225 31 226 226 31 29 347 410 349 412 410 347 225 33 31 225 223 33 410 350 349 408 350 410 33 220 35 223 220 33 408 353 350 406 353 408 35 219 37 220 219 35 406 355 353 404 355 406 37 216 39 219 216 37 404 402 355 402 357 355 39 215 41 216 215 39 402 359 357 400 359 402 215 43 41 215 212 43 398 360 400 400 360 359 43 211 45 212 211 43 396 363 398 398 363 360 45 208 47 211 208 45 394 365 396 396 365 363 208 49 47 208 206 49 392 367 394 394 367 365 49 204 51 206 204 49 390 369 392 392 369 367 204 53 51 204 202 53 390 388 369 388 370 369 53 200 55 202 200 53 386 372 388 388 372 370 386 384 372 55 199 57 200 199 55 384 375 372 57 196 59 199 196 57 196 61 59 384 377 375 382 377 384 382 380 377 196 194 61 380 379 377 61 192 63 194 192 61 192 65 63 380 129 379 127 129 380 127 125 129 192 190 65 125 130 129 65 188 67 190 188 65 188 69 67 125 132 130 123 132 125 188 186 69 123 134 132 121 134 123 69 184 71 186 184 69 119 136 121 121 136 134 71 182 73 73 182 75 184 182 71 119 138 136 117 138 119 182 180 75 115 140 117 117 140 138 75 178 77 77 178 79 180 178 75 113 142 115 115 142 140 178 176 79 111 144 113 113 144 142 79 174 81 176 174 79 108 146 111 111 146 144 81 172 83 174 172 81 108 148 146 107 148 108 172 170 83 83 170 85 107 150 148 105 150 107 170 168 85 85 168 87 105 152 150 103 152 105 87 166 89 168 166 87 99 154 101 101 154 103 103 154 152 89 164 91 91 164 93 166 164 89 97 156 99 99 156 154 164 162 93 95 158 97 97 158 156 93 160 95 162 160 93 95 160 158 405 407 409 403 405 409 403 409 411 419 413 414 419 414 417 423 419 421 397 399 401 397 401 403 425 413 419 425 419 423 425 411 413 395 397 403 427 411 425 391 393 395 432 429 431 387 395 403 387 403 411 387 411 427 387 391 395 387 389 391 437 432 435 439 432 437 381 387 427 381 383 385 381 385 387 445 439 441 445 441 443 122 124 126 122 126 381 122 381 427 122 427 429 450 445 447 450 447 449 450 439 445 114 116 118 114 118 120 114 120 122 114 122 429 455 450 453 456 450 455 106 114 429 106 109 110 106 110 112 106 112 114 106 429 432 463 456 459 463 459 460 463 450 456 102 106 432 102 104 106 468 463 465 468 465 467 98 100 102 472 468 471 475 468 472 478 475 476 478 468 475 88 102 432 88 90 92 88 92 94 88 98 102 88 94 96 88 96 98 483 478 481 483 450 463 483 463 468 483 468 478 82 84 86 82 86 88 486 483 484 80 439 450 80 88 432 80 82 88 80 432 439 488 483 486 78 80 450 493 488 490 74 76 78 74 450 483 74 483 488 74 78 450 497 493 494 497 74 488 497 488 493 68 70 72 68 72 74 66 68 74 502 499 501 0 502 3 4 502 0 4 499 502 4 497 499 58 60 62 56 58 62 8 4 6 8 497 4 54 74 497 54 66 74 54 56 62 54 62 64 54 64 66 14 8 10 14 10 12 14 497 8 46 48 50 46 50 52 46 52 54 20 16 18 40 42 44 40 44 46 38 46 54 38 40 46 26 20 22 26 22 24 26 16 20 28 14 16 28 16 26 34 36 38 32 497 14 32 28 30 32 54 497 32 38 54 32 14 28 32 34 38 504 505 506 506 507 508 505 507 506 508 509 510 507 509 508 510 511 512 509 511 510 512 513 514 511 513 512 514 515 516 513 515 514 516 517 518 515 517 516 518 519 520 517 519 518 520 521 522 519 521 520 522 523 524 521 523 522 524 525 526 523 525 524 526 527 528 525 527 526 527 529 528 528 529 530 529 531 530 530 531 532 531 533 532 532 533 534 533 535 534 534 535 536 535 537 536 536 537 538 537 539 538 538 539 540 539 541 540 540 541 542 541 543 542 542 543 544 543 545 544 544 545 546 545 547 546 546 547 548 547 549 548 549 550 548 548 550 551 552 553 554 554 555 556 553 555 554 556 557 558 555 557 556 558 559 560 557 559 558 559 561 560 562 563 564 564 565 566 563 565 564 566 567 568 565 567 566 568 569 570 567 569 568 570 571 572 569 571 570 572 573 574 571 573 572 574 575 576 573 575 574 576 577 578 575 577 576 578 579 580 577 579 578 580 581 582 579 581 580 582 583 584 581 583 582 583 585 584 584 585 586 585 587 586 586 587 588 587 589 588 588 589 590 589 591 590 590 591 592 591 593 592 592 593 594 593 595 594 594 595 596 595 597 596 596 597 598 597 599 598 598 599 600 599 601 600 601 602 600 600 602 603 603 602 604 602 605 604 605 606 604 604 606 607 607 606 608 606 609 608 608 609 610 609 611 610 610 612 613 613 612 614 611 612 610 612 615 614 616 617 618 618 619 620 617 619 618 620 621 622 619 621 620 621 623 622 624 625 626 624 627 625 628 626 629 628 624 626 630 629 631 630 628 629 632 631 633 632 630 631 634 633 635 634 632 633 636 635 637 636 634 635 638 637 639 638 636 637 640 639 641 640 638 639 642 641 643 642 640 641 644 643 645 644 642 643 646 645 647 646 644 645 648 647 649 648 646 647 650 649 651 650 648 649 652 651 653 652 650 651 654 653 655 654 652 653 656 655 657 656 654 655 658 657 659 658 656 657 660 659 661 660 658 659 662 661 663 662 660 661 664 663 665 664 662 663 666 665 667 666 664 665 668 667 669 668 666 667 670 669 671 670 668 669 672 670 671 672 671 673 674 672 673 674 673 675 676 674 675 676 675 677 678 676 677 678 677 679 680 678 679 680 679 681 682 680 681 682 681 683 684 682 683 684 683 685 686 684 685 686 685 687 688 687 689 688 686 687 690 689 691 690 688 689 692 691 693 692 690 691 694 693 695 694 692 693 696 695 697 696 694 695 698 697 699 698 696 697 700 698 699 700 699 701 702 701 703 702 700 701 704 703 705 704 702 703 706 705 707 706 704 705 708 707 709 708 706 707 710 709 711 710 708 709 712 711 713 712 710 711 714 713 715 714 712 713 716 715 717 716 714 715 718 717 719 718 716 717 720 719 721 720 718 719 722 720 721 722 721 723 724 722 723 724 723 725 726 724 725 726 725 727 728 623 729 728 622 623 730 729 731 730 728 729 732 731 733 732 730 731 734 735 736 734 736 737 738 734 737 738 739 740 738 737 739 741 738 740 742 741 740 742 740 743 744 742 743 744 743 745 746 747 748 746 745 747 746 744 745 749 746 748 750 751 752 750 748 751 750 749 748 753 750 752 754 755 756 754 752 755 754 753 752 757 754 756 758 756 759 758 757 756 760 761 762 760 759 761 760 758 759 763 760 762 764 762 765 764 763 762 766 767 768 766 765 767 766 764 765 769 766 768 770 769 768 770 768 771 772 770 771 772 771 773 774 772 773 774 773 775 776 774 775 776 775 777 778 776 777 778 779 780 778 777 779 781 778 780 782 781 780 782 780 783 784 782 783 784 783 785 786 787 788 786 785 787 786 784 785 789 786 788 790 791 792 790 788 791 790 789 788 793 790 792 794 792 795 794 793 792 796 797 798 796 795 797 796 794 795 799 798 800 799 796 798 801 800 802 801 799 800 803 801 802 804 802 805 804 803 802 806 807 808 806 805 807 806 804 805 809 806 808 810 808 811 810 809 808 812 813 814 812 811 813 812 810 811 815 812 814 816 814 817 816 815 814 818 819 820 818 817 819 818 816 817 821 818 820 822 821 820 822 823 824 822 820 823 825 822 824 826 825 824 826 827 828 826 824 827 829 826 828 830 829 828 830 831 832 830 828 831 833 830 832 834 835 836 834 832 835 834 833 832 837 834 836 838 839 840 838 836 839 838 837 836 841 838 840 842 840 843 842 841 840 844 843 845 844 842 843 846 847 848 846 845 847 846 844 845 849 848 850 849 846 848 851 850 852 851 849 850 853 851 852 854 855 856 854 852 855 854 853 852 857 854 856 858 856 859 858 857 856 860 859 861 860 858 859 862 863 864 864 863 865 863 866 865 865 866 867 866 868 867 867 868 869 869 868 870 868 871 870 870 871 872 871 873 872 873 874 872 872 874 875 874 876 875 875 876 877 877 876 878 876 879 878 879 880 878 878 880 881 880 882 881 881 882 883 882 884 883 883 884 885 885 886 887 884 886 885 887 888 889 886 888 887 889 890 891 888 890 889 891 892 893 890 892 891 893 894 895 892 894 893 895 896 897 894 896 895 896 898 897 897 898 899 898 900 899 899 900 901 901 900 902 900 903 902 902 903 904 903 905 904 905 906 904 904 906 907 907 906 908 906 909 908 909 910 908 908 910 911 911 910 912 910 913 912 913 914 912 912 914 915 914 916 915 915 916 917 916 918 917 917 918 919 918 920 919 919 920 921 920 922 921 921 922 923 922 924 923 923 924 925 924 926 925 925 926 927 926 928 927 927 928 929 928 930 929 929 930 931 930 932 931 931 932 933 933 934 935 932 934 933 935 936 937 934 936 935 937 938 939 939 938 940 936 938 937 938 941 940 940 942 943 941 942 940 943 944 945 945 944 946 942 944 943 946 947 948 944 947 946 947 949 948 949 950 948 948 950 951 950 952 951 951 952 953 953 954 955 952 954 953 955 956 957 954 956 955 957 958 959 956 958 957 959 960 961 961 960 962 958 960 959 960 963 962 962 964 965 963 964 962 965 966 967 964 966 965 967 968 969 966 968 967 969 970 971 968 970 969 971 972 973 970 972 971 973 974 975 975 974 976 972 974 973 974 977 976 976 978 979 979 978 980 977 978 976 978 981 980 980 982 983 983 982 984 981 982 980 984 985 986 982 985 984 985 987 986 986 988 989 987 988 986 990 991 992 992 991 993 991 994 993 993 994 995 994 996 995 995 996 997 997 996 998 996 999 998 998 999 1000 999 1001 1000 1001 1002 1000 1000 1002 1003 1002 1004 1003 1003 1004 1005 1005 1004 1006 1004 1007 1006 1007 1008 1006 1006 1008 1009 1008 1010 1009 1009 1010 1011 1010 1012 1011 1011 1012 1013 1013 1014 1015 1012 1014 1013 1015 1016 1017 1014 1016 1015 1017 1018 1019 1016 1018 1017 1019 1020 1021 1018 1020 1019 1021 1022 1023 1020 1022 1021 1023 1024 1025 1022 1024 1023 1024 1026 1025 1025 1026 1027 1026 1028 1027 1027 1028 1029 1029 1028 1030 1028 1031 1030 1030 1031 1032 1031 1033 1032 1033 1034 1032 1032 1034 1035 1035 1034 1036 1034 1037 1036 1037 1038 1036 1036 1038 1039 1039 1038 1040 1038 1041 1040 1041 1042 1040 1040 1042 1043 1042 1044 1043 1043 1044 1045 1044 1046 1045 1045 1046 1047 1046 1048 1047 1047 1048 1049 1048 1050 1049 1049 1050 1051 1050 1052 1051 1051 1052 1053 1052 1054 1053 1053 1054 1055 1054 1056 1055 1055 1056 1057 1056 1058 1057 1057 1058 1059 1058 1060 1059 1059 1060 1061 1061 1062 1063 1060 1062 1061 1063 1064 1065 1062 1064 1063 1065 1066 1067 1067 1066 1068 1064 1066 1065 1066 1069 1068 1068 1070 1071 1069 1070 1068 1071 1072 1073 1073 1072 1074 1070 1072 1071 1074 1075 1076 1072 1075 1074 1075 1077 1076 1077 1078 1076 1076 1078 1079 1078 1080 1079 1079 1080 1081 1081 1082 1083 1080 1082 1081 1083 1084 1085 1082 1084 1083 1085 1086 1087 1084 1086 1085 1087 1088 1089 1089 1088 1090 1086 1088 1087 1088 1091 1090 1090 1092 1093 1091 1092 1090 1093 1094 1095 1092 1094 1093 1095 1096 1097 1094 1096 1095 1097 1098 1099 1096 1098 1097 1099 1100 1101 1098 1100 1099 1101 1102 1103 1103 1102 1104 1100 1102 1101 1102 1105 1104 1104 1106 1107 1107 1106 1108 1105 1106 1104 1106 1109 1108 1108 1110 1111 1111 1110 1112 1109 1110 1108 1112 1113 1114 1110 1113 1112 1113 1115 1114 1114 1116 1117 1115 1116 1114 1118 1119 1120 1120 1119 1121 1119 1122 1121 1121 1122 1123 1122 1124 1123 1123 1124 1125 1125 1124 1126 1124 1127 1126 1126 1127 1128 1127 1129 1128 1129 1130 1128 1128 1130 1131 1130 1132 1131 1131 1132 1133 1133 1132 1134 1132 1135 1134 1135 1136 1134 1134 1136 1137 1136 1138 1137 1137 1138 1139 1138 1140 1139 1139 1140 1141 1141 1142 1143 1140 1142 1141 1143 1144 1145 1142 1144 1143 1145 1146 1147 1144 1146 1145 1147 1148 1149 1146 1148 1147 1149 1150 1151 1148 1150 1149 1151 1152 1153 1150 1152 1151 1152 1154 1153 1153 1154 1155 1154 1156 1155 1155 1156 1157 1157 1156 1158 1156 1159 1158 1158 1159 1160 1159 1161 1160 1161 1162 1160 1160 1162 1163 1163 1162 1164 1162 1165 1164 1165 1166 1164 1164 1166 1167 1167 1166 1168 1166 1169 1168 1169 1170 1168 1168 1170 1171 1170 1172 1171 1171 1172 1173 1172 1174 1173 1173 1174 1175 1174 1176 1175 1175 1176 1177 1176 1178 1177 1177 1178 1179 1178 1180 1179 1179 1180 1181 1180 1182 1181 1181 1182 1183 1182 1184 1183 1183 1184 1185 1184 1186 1185 1185 1186 1187 1186 1188 1187 1187 1188 1189 1189 1190 1191 1188 1190 1189 1191 1192 1193 1190 1192 1191 1193 1194 1195 1195 1194 1196 1192 1194 1193 1194 1197 1196 1196 1198 1199 1197 1198 1196 1199 1200 1201 1201 1200 1202 1198 1200 1199 1202 1203 1204 1200 1203 1202 1203 1205 1204 1205 1206 1204 1204 1206 1207 1206 1208 1207 1207 1208 1209 1209 1210 1211 1208 1210 1209 1211 1212 1213 1210 1212 1211 1213 1214 1215 1212 1214 1213 1215 1216 1217 1217 1216 1218 1214 1216 1215 1216 1219 1218 1218 1220 1221 1219 1220 1218 1221 1222 1223 1220 1222 1221 1223 1224 1225 1222 1224 1223 1225 1226 1227 1224 1226 1225 1227 1228 1229 1226 1228 1227 1229 1230 1231 1231 1230 1232 1228 1230 1229 1230 1233 1232 1232 1234 1235 1235 1234 1236 1233 1234 1232 1234 1237 1236 1236 1238 1239 1239 1238 1240 1237 1238 1236 1240 1241 1242 1238 1241 1240 1241 1243 1242 1242 1244 1245 1243 1244 1242 1246 1247 1248 1248 1247 1249 1247 1250 1249 1249 1250 1251 1250 1252 1251 1251 1252 1253 1253 1252 1254 1252 1255 1254 1254 1255 1256 1255 1257 1256 1257 1258 1256 1256 1258 1259 1258 1260 1259 1259 1260 1261 1261 1260 1262 1260 1263 1262 1263 1264 1262 1262 1264 1265 1264 1266 1265 1265 1266 1267 1266 1268 1267 1267 1268 1269 1269 1270 1271 1268 1270 1269 1271 1272 1273 1270 1272 1271 1273 1274 1275 1272 1274 1273 1275 1276 1277 1274 1276 1275 1277 1278 1279 1276 1278 1277 1279 1280 1281 1278 1280 1279 1280 1282 1281 1281 1282 1283 1282 1284 1283 1283 1284 1285 1285 1284 1286 1284 1287 1286 1286 1287 1288 1287 1289 1288 1289 1290 1288 1288 1290 1291 1291 1290 1292 1290 1293 1292 1293 1294 1292 1292 1294 1295 1295 1294 1296 1294 1297 1296 1297 1298 1296 1296 1298 1299 1298 1300 1299 1299 1300 1301 1300 1302 1301 1301 1302 1303 1302 1304 1303 1303 1304 1305 1304 1306 1305 1305 1306 1307 1306 1308 1307 1307 1308 1309 1308 1310 1309 1309 1310 1311 1310 1312 1311 1311 1312 1313 1312 1314 1313 1313 1314 1315 1314 1316 1315 1315 1316 1317 1317 1318 1319 1316 1318 1317 1319 1320 1321 1318 1320 1319 1321 1322 1323 1323 1322 1324 1320 1322 1321 1322 1325 1324 1324 1326 1327 1325 1326 1324 1327 1328 1329 1329 1328 1330 1326 1328 1327 1330 1331 1332 1328 1331 1330 1331 1333 1332 1333 1334 1332 1332 1334 1335 1334 1336 1335 1335 1336 1337 1337 1338 1339 1336 1338 1337 1339 1340 1341 1338 1340 1339 1341 1342 1343 1340 1342 1341 1343 1344 1345 1345 1344 1346 1342 1344 1343 1344 1347 1346 1346 1348 1349 1347 1348 1346 1349 1350 1351 1348 1350 1349 1351 1352 1353 1350 1352 1351 1353 1354 1355 1352 1354 1353 1355 1356 1357 1354 1356 1355 1357 1358 1359 1359 1358 1360 1356 1358 1357 1358 1361 1360 1360 1362 1363 1363 1362 1364 1361 1362 1360 1362 1365 1364 1364 1366 1367 1367 1366 1368 1365 1366 1364 1368 1369 1370 1366 1369 1368 1369 1371 1370 1370 1372 1373 1371 1372 1370 1374 1375 1376 1376 1375 1377 1378 1379 1380 1380 1381 1382 1379 1381 1380 1382 1383 1384 1381 1383 1382 1383 1385 1384 1386 1387 1388 1388 1389 1390 1387 1389 1388 1390 1391 1392 1389 1391 1390 1391 1393 1392 1392 1394 1395 1393 1394 1392 1395 1396 1397 1394 1396 1395 1397 1398 1399 1396 1398 1397 1398 1400 1399 1401 1402 1403 1403 1404 1405 1402 1404 1403 1405 1406 1407 1404 1406 1405 1407 1408 1409 1406 1408 1407 1409 1410 1411 1408 1410 1409 1412 1413 1414 1411 1413 1412 1410 1413 1411 1414 1415 1416 1413 1415 1414 1415 1417 1416 1418 1417 1419 1416 1417 1418 1417 1420 1419 1419 1420 1421 1420 1422 1421 1421 1422 1423 1422 1424 1423 1425 1424 1426 1423 1424 1425 1424 1427 1426 1426 1427 1428 1427 1429 1428 1428 1429 1430 1429 1431 1430 1430 1431 1432 1431 1433 1432 1432 1433 1434 1434 1435 1436 1433 1435 1434 1435 1437 1436 1436 1437 1438 1438 1439 1440 1437 1439 1438 1439 1441 1440 1440 1441 1442 1442 1443 1444 1441 1443 1442 1444 1445 1446 1443 1445 1444 1446 1447 1448 1445 1447 1446 1448 1449 1450 1447 1449 1448 1450 1451 1452 1449 1451 1450 1452 1453 1454 1451 1453 1452 1453 1455 1454 1454 1456 1457 1455 1456 1454 1457 1458 1459 1456 1458 1457 1458 1460 1459 1460 1461 1459 1462 1461 1463 1459 1461 1462 1463 1464 1465 1461 1464 1463 1466 1467 1468 1465 1467 1466 1464 1467 1465 1468 1469 1470 1467 1469 1468 1470 1471 1472 1469 1471 1470 1472 1473 1474 1471 1473 1472 1473 1475 1474 1474 1475 1476 1475 1477 1476 1476 1477 1478 1477 1479 1478 1478 1479 1480 1479 1481 1480 1480 1481 1482 1482 1483 1484 1481 1483 1482 1484 1485 1486 1483 1485 1484 1486 1487 1488 1485 1487 1486 1488 1489 1490 1487 1489 1488 1490 1491 1492 1489 1491 1490 1492 1493 1494 1491 1493 1492 1494 1495 1496 1493 1495 1494 1495 1497 1496 1496 1498 1499 1497 1498 1496 1499 1500 1501 1498 1500 1499 1501 1502 1503 1500 1502 1501 1502 1504 1503 1503 1505 1506 1504 1505 1503 1506 1507 1508 1505 1507 1506 1507 1509 1508 1508 1510 1511 1509 1510 1508 1511 1512 1513 1510 1512 1511 1513 1514 1515 1512 1514 1513 1515 1516 1517 1514 1516 1515 1517 1518 1519 1516 1518 1517 1518 1520 1519 614 615 1521 1521 1522 1523 615 1522 1521 1523 1524 1525 1522 1524 1523 1526 1527 1528 1525 1527 1526 1524 1527 1525 1528 1529 1530 1527 1529 1528 1530 1531 1532 1529 1531 1530 1531 1533 1532 1534 1535 1536 1536 1537 1538 1535 1537 1536 1538 1539 1540 1537 1539 1538 1539 1541 1540 1542 1543 1544 1544 1543 1545 1376 1546 1547 1376 1547 1548 1376 1548 1549 1376 1549 1550 1376 1550 1551 1376 1551 1552 1376 1552 1553 1376 1553 1554 1376 1554 1555 1376 1555 1556 1376 1556 1557 1376 1557 1558 1376 1558 1559 1560 1546 1376 1561 1560 1376 1562 1561 1376 1563 1377 1564 1565 1563 1566 1565 1377 1563 1567 1377 1565 1568 1377 1567 1569 1568 1570 1569 1570 1571 1572 1569 1573 1574 1568 1569 1574 1569 1572 1575 1574 1576 1577 1568 1574 1577 1574 1575 1577 1575 1578 1579 1568 1577 1580 1568 1579 1581 1568 1580 1581 1580 1582 1581 1377 1568 1583 1377 1581 1584 1377 1583 1585 1377 1584 1585 1376 1377 1586 1376 1585 1586 1587 1562 1586 1562 1376 1588 1587 1586 1589 1587 1588 1590 1587 1589 1591 1587 1590 1592 1587 1591 1592 1593 1587 1594 1593 1592 1595 1593 1594 1596 1593 1595 1596 1597 1593 1598 1597 1596 1599 1597 1598 1600 1597 1599 1601 1602 1603 1601 1604 1602 1601 1600 1604 1601 1597 1600 1605 1606 1607 1608 1609 1610 1608 1610 1606 1608 1605 1611 1608 1606 1605 1612 1613 1614 1612 1614 1615 1612 1615 1609 1616 1617 1618 1616 1618 1619 1616 1619 1612 1616 1608 1620 1616 1620 1621 1616 1621 1622 1616 1622 1623 1616 1612 1609 1616 1609 1608 1624 1623 1625 1624 1616 1623 1378 1616 1624 1378 1626 1616 1627 1626 1378 1628 1627 1378 1629 1603 1630 1629 1601 1603 1629 1630 1631 1380 1628 1378 1380 1632 1628 1380 1633 1632 1380 1634 1633 1380 1635 1634 1380 1636 1635 1637 1629 1631 1637 1631 1638 1382 1636 1380 1382 1639 1636 1382 1640 1639 1641 1637 1638 1641 1642 1643 1641 1638 1642 1384 1640 1382 1384 1644 1640 1384 1645 1644 1384 1646 1645 1647 1646 1384 1647 1641 1643 1647 1648 1646 1647 1643 1648 1649 1647 1384 1386 1650 1651 1386 1651 1652 1386 1652 1653 1386 1653 1654 1386 1654 1655 1386 1655 1656 1386 1656 1649 1386 1384 1657 1386 1657 1658 1386 1658 1659 1386 1659 1660 1386 1660 1661 1386 1661 1662 1386 1662 1663 1386 1663 1664 1386 1664 1665 1386 1649 1384 1666 1667 1668 1666 1668 1669 1670 1666 1669 1671 1672 1670 1671 1670 1669 1673 1671 1669 1674 1675 1676 1674 1676 1673 1677 1674 1673 1678 1677 1673 1679 1678 1673 1680 1679 1673 1681 1673 1669 1681 1680 1673 1545 1669 1682 1545 1682 1683 1545 1681 1669 1684 1685 1544 1686 1687 1688 1686 1688 1684 1686 1684 1544 1689 1686 1544 1690 1689 1544 1691 1692 1693 1694 1695 1692 1694 1692 1691 1696 1697 1690 1696 1690 1544 1698 1399 1695 1698 1695 1694 1699 1700 1696 1701 1399 1698 1702 1699 1696 1703 1702 1696 1704 1705 1703 1704 1703 1696 1706 1701 1707 1708 1704 1696 1709 1710 1708 1711 1701 1706 1711 1399 1701 1712 1713 1709 1712 1709 1708 1714 1712 1708 1714 1696 1544 1714 1708 1696 1715 1714 1544 1716 1544 1545 1716 1715 1544 1717 1399 1711 1717 1711 1718 1719 1545 1683 1719 1716 1545 1720 1719 1683 1721 1717 1722 1723 1683 1724 1723 1720 1683 1725 1399 1717 1725 1717 1721 1726 1723 1724 1727 1726 1724 1728 1399 1725 1728 1725 1729 1730 1724 1731 1730 1727 1724 1732 1730 1731 1733 1728 1734 1735 1399 1728 1735 1728 1733 1736 1732 1731 1737 1399 1735 1737 1735 1738 1739 1736 1731 1739 1731 1740 1741 1399 1737 1742 1739 1740 1743 1399 1741 1743 1741 1744 1745 1740 1746 1745 1742 1740 618 1399 1743 618 1743 616 620 1399 618 1747 1745 1746 622 1399 620 728 1399 622 1748 1747 1746 730 1399 728 1749 1746 1750 1749 1748 1746 732 1399 730 1751 1749 1750 1752 1397 1399 1752 1399 732 1753 1751 1750 1754 1397 1752 1755 1753 1750 1755 1750 1756 1757 1397 1754 1758 1397 1757 1759 1755 1756 1760 1397 1758 1761 1756 1650 1761 1759 1756 1762 1397 1760 1763 1761 1650 1764 1397 1762 1765 1763 1650 1766 1395 1397 1766 1397 1764 1767 1765 1650 1768 1395 1766 1769 1395 1768 1770 1395 1769 1770 1392 1395 1771 1392 1770 1772 1392 1771 1773 1392 1772 1773 1390 1392 1774 1390 1773 1775 1776 1777 1778 1775 1777 1779 1778 1777 1779 1780 1778 1781 1779 1777 1782 1783 1781 1782 1781 1777 1784 1782 1777 1785 1784 1777 1786 1787 1788 1786 1788 1785 1786 1785 1777 1789 1790 1786 1789 1786 1777 1791 1789 1777 1792 1791 1777 1793 1792 1777 1794 1793 1777 1795 1794 1777 1540 1796 1797 1540 1798 1796 1540 1777 1798 1540 1795 1777 1799 1800 1801 1802 1803 1804 1802 1804 1799 1805 1806 1807 1805 1807 1808 1809 1805 1810 1538 1811 1812 1538 1813 1811 1538 1814 1813 1538 1815 1814 1538 1797 1815 1538 1540 1797 1401 1801 1816 1401 1816 1817 1401 1817 1818 1401 1818 1819 1401 1802 1799 1401 1819 1806 1401 1799 1801 1401 1809 1820 1401 1820 1821 1401 1821 1822 1401 1822 1823 1401 1823 1824 1401 1824 1825 1401 1825 1826 1401 1826 1827 1401 1827 1828 1401 1828 1829 1401 1805 1809 1401 1829 1830 1401 1830 1831 1401 1831 1832 1401 1833 1802 1401 1834 1833 1401 1835 1834 1401 1806 1805 1536 1836 1837 1536 1812 1836 1536 1538 1812 1403 1835 1401 1403 1838 1835 1403 1839 1838 1403 1840 1839 1403 1841 1840 1403 1842 1841 1403 1843 1842 1403 1844 1843 1534 1845 1767 1534 1846 1845 1534 1837 1846 1534 1536 1837 1534 1767 1650 1847 1534 1650 1847 1650 1386 1405 1848 1849 1405 1850 1848 1405 1844 1403 1405 1849 1844 1851 1847 1386 1852 1851 1386 1407 1853 1850 1407 1854 1853 1407 1850 1405 1855 1852 1386 1409 1854 1407 1856 1857 1855 1856 1855 1386 1858 1856 1386 1859 1860 1858 1859 1858 1386 1532 1386 1388 1532 1859 1386 1530 1388 1390 1530 1532 1388 1528 1530 1390 1438 1434 1436 1438 1432 1434 1440 1430 1432 1440 1432 1438 1442 1428 1430 1442 1426 1428 1442 1430 1440 694 1861 1862 696 1528 1390 696 1774 1861 696 1861 694 696 1390 1774 692 694 1862 692 1862 1863 698 1528 696 698 1526 1528 690 692 1863 690 1863 1864 700 1526 698 688 690 1864 702 1526 700 686 688 1864 686 1865 1866 686 1864 1865 704 1526 702 704 1525 1526 684 1866 1867 684 686 1866 706 1525 704 682 1867 1868 682 684 1867 708 1525 706 680 682 1868 680 1868 1869 710 1525 708 1444 1426 1442 1444 1425 1426 678 1869 1870 678 680 1869 1523 1525 710 712 1523 710 676 678 1870 676 1870 1871 714 1523 712 674 1871 1872 674 676 1871 716 1523 714 672 1872 1873 672 674 1872 718 1523 716 670 1873 1874 670 672 1873 668 1874 1875 668 670 1874 1446 1425 1444 666 1875 1876 666 668 1875 664 1876 1877 664 666 1876 1521 1523 718 1521 724 726 1521 722 724 1521 720 722 1521 718 720 662 1877 1878 662 664 1877 1879 1521 726 660 1878 1880 660 662 1878 1448 1425 1446 1448 1423 1425 658 1880 1881 658 660 1880 656 1881 1854 656 658 1881 564 1882 562 654 656 1854 654 1854 1409 568 564 566 568 1882 564 1450 1421 1423 1450 1423 1448 614 1883 1884 614 1879 1883 614 1884 1885 614 1885 1882 614 1882 568 614 1521 1879 576 568 570 576 570 572 576 572 574 576 614 568 610 613 614 608 610 614 582 576 578 582 578 580 582 614 576 607 608 614 584 614 582 604 607 614 600 603 604 600 604 614 590 584 586 590 586 588 590 614 584 598 600 614 596 598 614 594 590 592 594 614 590 594 596 614 1452 1419 1421 1452 1418 1419 1452 1421 1450 1454 1418 1452 1454 1416 1418 1457 1416 1454 1457 1414 1416 1886 1887 1888 1889 1886 1888 1459 1414 1457 1459 1412 1414 1890 1889 1888 1890 1891 1889 1892 1893 1890 1892 1890 1888 1894 1892 1888 1895 1894 1888 1895 1896 1894 1897 1895 1888 1898 1897 1888 1899 1900 1898 1901 1898 1888 1901 1899 1898 1902 1901 1888 1903 1904 1905 1903 1905 1902 1906 1907 1903 1908 1906 1903 1909 1910 1908 1909 1908 1903 1911 1912 1913 1911 1913 1909 1911 1909 1903 1911 1903 1902 1519 630 632 1519 628 630 1519 624 628 1519 627 624 1519 1902 1888 1519 1911 1902 1519 1888 627 1517 634 636 1517 632 634 1517 1519 632 1517 644 646 1517 642 644 1517 640 642 1517 638 640 1517 636 638 1515 1517 646 1515 650 652 1515 648 650 1515 646 648 1513 1515 652 1513 652 654 1511 1513 654 1511 1409 1411 1511 654 1409 1488 1484 1486 1488 1482 1484 1508 1459 1462 1508 1511 1411 1508 1412 1459 1508 1411 1412 1490 1480 1482 1490 1482 1488 1492 1478 1480 1492 1480 1490 1506 1463 1465 1506 1462 1463 1506 1508 1462 1494 1476 1478 1494 1478 1492 1503 1466 1468 1503 1465 1466 1503 1506 1465 1496 1474 1476 1496 1476 1494 1501 1470 1472 1501 1468 1470 1501 1503 1468 1499 1472 1474 1499 1501 1472 1499 1474 1496 1650 1914 1651 1651 1915 1652 1914 1915 1651 1652 1916 1653 1915 1916 1652 1653 1917 1654 1916 1917 1653 1654 1918 1655 1917 1918 1654 1655 1919 1656 1918 1919 1655 1656 1920 1649 1919 1920 1656 1649 1921 1647 1920 1921 1649 1921 1922 1647 1647 1922 1641 1641 1923 1637 1922 1923 1641 1629 1924 1601 1637 1924 1629 1923 1924 1637 1601 1925 1597 1924 1925 1601 1597 1926 1593 1925 1926 1597 1593 1927 1587 1926 1927 1593 1927 1928 1587 1587 1929 1562 1928 1929 1587 1929 1930 1562 1385 1931 1384 1384 1931 1657 1657 1932 1658 1931 1932 1657 1658 1933 1659 1932 1933 1658 1659 1934 1660 1933 1934 1659 1660 1935 1661 1934 1935 1660 1661 1936 1662 1935 1936 1661 1662 1937 1663 1936 1937 1662 1663 1938 1664 1937 1938 1663 1664 1939 1665 1938 1939 1664 1665 1387 1386 1939 1387 1665 1533 1940 1532 1532 1940 1859 1859 1941 1860 1940 1941 1859 1860 1942 1858 1941 1942 1860 1858 1943 1856 1942 1943 1858 1856 1944 1857 1943 1944 1856 1857 1945 1855 1944 1945 1857 1855 1946 1852 1945 1946 1855 1852 1947 1851 1946 1947 1852 1851 1948 1847 1947 1948 1851 1847 1535 1534 1948 1535 1847 1949 1950 1951 1952 1951 1953 1952 1949 1951 1954 1952 1953 1955 1953 1956 1955 1954 1953 1957 1956 1958 1957 1958 1959 1957 1955 1956 1960 1957 1959 1961 1959 1962 1961 1960 1959 1963 1962 1964 1963 1964 1965 1963 1961 1962 1966 1965 1967 1966 1963 1965 1968 1967 1969 1968 1966 1967 1970 1968 1969 1971 1972 1973 1974 1973 1975 1974 1971 1973 1976 1975 1977 1976 1974 1975 1978 1976 1977 1979 1977 1980 1979 1980 1981 1979 1978 1977 1982 1979 1981 1983 1981 1984 1983 1982 1981 1985 1984 1986 1985 1986 1987 1985 1983 1984 1988 1985 1987 1949 1987 1950 1949 1988 1987 1989 1990 1991 1989 1991 1992 1993 1994 1995 1993 1995 1996 1997 1993 1996 1997 1996 1998 1999 1997 1998 1999 1998 2000 2001 1999 2000 2001 2000 2002 2003 2001 2002 2003 2002 2004 2005 2003 2004 2005 2004 2006 2005 2006 2007 2008 2005 2007 2009 2008 2007 2009 2007 2010 2011 2009 2010 2011 2010 2012 2013 2011 2012 2013 2012 2014 2013 2014 2015 2016 2013 2015 2016 2015 2017 2018 2016 2017 2019 2018 2017 2019 2017 2020 2021 2020 2022 2021 2022 2023 2021 2019 2020 2024 2023 2025 2024 2021 2023 2026 2024 2025 2027 2025 2028 2027 2026 2025 2029 2028 2030 2029 2030 2031 2029 2027 2028 2032 2029 2031 2033 2032 2031 2033 2031 2034 2035 2033 2034 2035 2034 2036 2037 2035 2036 2037 2036 2038 2039 2037 2038 2039 2038 2040 2041 2039 2040 2041 2040 2042 2043 2041 2042 2043 2042 2044 2043 2044 2045 2046 2043 2045 2047 2046 2045 2047 2045 2048 2049 2047 2048 2049 2048 2050 2051 2049 2050 2051 2050 2052 2051 2052 2053 2054 2051 2053 2055 2054 2053 2055 2053 2056 2055 2056 2057 2058 2055 2057 2058 2057 2059 2060 2058 2059 2061 2060 2059 2061 2059 2062 2061 2062 2063 2064 2061 2063 2065 2064 2063 2065 2063 2066 2065 2066 2067 2068 2065 2067 2069 2068 2067 2069 2067 2070 2071 2069 2070 2071 2070 2072 2071 2072 2073 2074 2071 2073 2074 2073 2075 2076 2074 2075 2077 2078 2079 2077 2076 2075 2077 2075 2078 2080 2077 2079 2081 2079 2082 2081 2080 2079 2083 2082 2084 2083 2081 2082 2085 2084 2086 2085 2086 2087 2085 2083 2084 2088 2085 2087 2089 2087 2090 2089 2088 2087 2091 2090 2092 2091 2092 2093 2091 2089 2090 2094 2091 2093 2095 2093 2096 2095 2096 2097 2095 2094 2093 2098 2097 2099 2098 2095 2097 2100 2098 2099 2101 2099 2102 2101 2102 2103 2101 2100 2099 2104 2103 2105 2104 2101 2103 2106 2105 560 2106 2104 2105 561 2106 560 2107 2108 2109 2107 2109 2110 2111 2110 2112 2111 2107 2110 2113 2112 2114 2113 2111 2112 2115 2114 2116 2115 2116 2117 2115 2113 2114 2118 2115 2117 2119 2117 2120 2119 2118 2117 2121 2120 2122 2121 2122 2123 2121 2119 2120 2124 2121 2123 2125 2123 2126 2125 2126 2127 2125 2124 2123 2128 2125 2127 2129 2127 2130 2129 2128 2127 2131 2130 2132 2131 2132 2133 2131 2129 2130 2134 2131 2133 2135 2133 2136 2135 2136 2137 2135 2134 2133 2138 2135 2137 2139 2140 2141 2139 2141 2142 2143 2142 2144 2143 2139 2142 2145 2144 2146 2145 2143 2144 2147 2145 2146 2147 2146 2148 2149 2147 2148 2149 2148 2150 2151 2149 2150 2151 2150 2152 2153 2151 2152 2153 2152 2154 2155 2153 2154 2155 2154 2156 2157 2155 2156 2157 2156 2158 2159 2157 2158 2159 2158 2160 2161 2159 2160 2161 2160 2162 2163 2161 2162 2163 2162 2164 2163 2164 2165 2166 2163 2165 2167 2166 2165 2167 2165 2168 2167 2168 2169 2170 2167 2169 2171 2170 2169 2171 2169 2172 2173 2171 2172 2173 2172 2174 2175 2174 2176 2175 2173 2174 2177 2176 2178 2177 2175 2176 2179 2178 2180 2179 2177 2178 2181 2180 2182 2181 2179 2180 2183 2182 2184 2183 2184 2185 2183 2181 2182 2186 2183 2185 2187 2185 2188 2187 2186 2185 2189 2188 2190 2189 2187 2188 2191 2190 2192 2191 2189 2190 2193 2192 2194 2193 2191 2192 2195 2194 2196 2195 2193 2194 2197 2196 2198 2197 2195 2196 2199 2197 2198 2199 2198 2200 2201 2199 2200 2201 2200 2202 2203 2201 2202 2203 2202 2204 2205 2203 2204 2205 2204 2206 2207 2205 2206 2207 2206 2208 2209 2207 2208 2209 2208 2210 2211 2209 2210 2211 2210 2212 2213 2211 2212 2213 2212 2214 2215 2213 2214 2215 2214 2216 2215 2216 2217 2218 2215 2217 2219 2220 2221 2219 2222 2220 2223 2221 2224 2223 2219 2221 2225 2224 2226 2225 2223 2224 2227 2226 2228 2227 2225 2226 2229 2228 2230 2229 2230 2231 2229 2227 2228 2232 2229 2231 2233 2231 2234 2233 2232 2231 2235 2234 2236 2235 2233 2234 2237 2236 2238 2237 2238 2239 2237 2235 2236 2240 2237 2239 2241 2239 2242 2241 2242 2243 2241 2240 2239 2244 2243 2245 2244 2241 2243 2246 2244 2245 2247 2245 2248 2247 2248 2249 2247 2246 2245 2250 2247 2249 2251 2249 2252 2251 2250 2249 2253 2252 2254 2253 2251 2252 2255 2254 2256 2255 2253 2254 2257 2256 2258 2257 2258 2259 2257 2255 2256 2260 2259 2261 2260 2257 2259 2262 2260 2261 2263 2261 2264 2263 2264 2265 2263 2262 2261 2266 2263 2265 2267 2265 2268 2267 2268 2269 2267 2266 2265 2270 2267 2269 2271 2269 2272 2271 2270 2269 2273 2272 2274 2273 2274 2275 2273 2271 2272 2276 2273 2275 2277 2275 2278 2277 2276 2275 2279 2278 2280 2279 2277 2278 2281 2280 2282 2281 2279 2280 2283 2282 2284 2283 2281 2282 2285 2286 2287 2285 2287 2288 2289 2288 2290 2289 2285 2288 2291 2290 2292 2291 2289 2290 2293 2292 2294 2293 2294 2295 2293 2291 2292 2296 2295 2297 2296 2293 2295 2298 2296 2297 2299 2297 2300 2299 2300 2301 2299 2298 2297 2302 2299 2301 2303 2302 2301 2303 2301 2304 2305 2303 2304 2305 2304 2306 2305 2306 2307 2308 2305 2307 2309 2308 2307 2309 2307 2310 2311 2309 2310 2311 2310 2312 2311 2312 2313 2314 2311 2313 2314 2313 2315 2316 2314 2315 2317 2316 2315 2317 2315 2318 2319 2317 2318 2319 2318 2320 2321 2319 2320 2321 2320 2322 2321 2322 2323 2324 2321 2323 2325 2323 2326 2325 2324 2323 2327 2326 2328 2327 2325 2326 2329 2328 2330 2329 2327 2328 2331 2330 2332 2331 2329 2330 2333 2331 2332 2333 2332 2334 2335 2334 2336 2335 2333 2334 2337 2335 2336 2337 2336 2338 2337 2338 2339 2340 2337 2339 2341 2339 2342 2341 2340 2339 2343 2341 2342 2343 2342 2344 2343 2344 2220 2222 2343 2220 2345 2346 2347 2345 2347 2348 2349 2350 2351 2349 2348 2350 2349 2345 2348 2352 2349 2351 2353 2352 2351 2353 2351 2354 2355 2353 2354 2355 2356 2357 2355 2354 2356 2358 2355 2357 2359 2358 2357 2359 2357 2360 2361 2359 2360 2361 2360 2362 2363 2361 2362 2363 2362 2364 2365 2363 2364 2365 2364 2366 2367 2365 2366 2367 2368 2369 2367 2366 2368 2370 2367 2369 2371 2370 2369 2371 2369 2372 2373 2371 2372 2373 2372 2374 2375 2373 2374 2375 2376 2377 2375 2374 2376 2378 2375 2377 2379 2378 2377 2379 2377 2380 2381 2379 2380 2381 2380 2382 2383 2382 2384 2383 2381 2382 2385 2386 2387 2385 2384 2386 2385 2383 2384 2388 2385 2387 2389 2390 2391 2389 2387 2390 2389 2388 2387 2392 2389 2391 2393 2391 2394 2393 2392 2391 2395 2394 2396 2395 2393 2394 2397 2396 2398 2397 2395 2396 2399 2400 2401 2399 2398 2400 2399 2397 2398 2402 2399 2401 2403 2402 2401 2403 2401 2404 2405 2403 2404 2405 2404 2406 2407 2405 2406 2407 2408 2409 2407 2406 2408 2410 2407 2409 2411 2410 2409 2411 2412 2413 2411 2409 2412 2414 2411 2413 2415 2414 2413 2415 2413 2416 2417 2415 2416 2417 2416 2418 2419 2417 2418 2419 2418 2420 2421 2419 2420 2421 2420 2422 2423 2421 2422 2423 2422 2424 2425 2426 2427 2425 2428 2426 2429 2427 2430 2429 2425 2427 2431 2430 2432 2431 2429 2430 2433 2432 2434 2433 2431 2432 2435 2434 2436 2435 2433 2434 2437 2436 2438 2437 2435 2436 2439 2438 2440 2439 2437 2438 2441 2440 2442 2441 2442 2443 2441 2439 2440 2444 2441 2443 2445 2443 2446 2445 2444 2443 2447 2446 2448 2447 2448 2449 2447 2445 2446 2450 2447 2449 2451 2449 2452 2451 2450 2449 2453 2452 2454 2453 2451 2452 2455 2456 2457 2455 2457 2458 2459 2455 2458 2459 2458 2460 2461 2459 2460 2461 2462 2463 2461 2460 2462 2464 2461 2463 2465 2464 2463 2465 2466 2467 2465 2463 2466 2468 2465 2467 2469 2468 2467 2469 2467 2470 2471 2470 2472 2471 2469 2470 2473 2474 2475 2473 2472 2474 2473 2471 2472 2476 2473 2475 2477 2475 2478 2477 2476 2475 2479 2478 2480 2479 2477 2478 2481 2480 2482 2481 2479 2480 2483 2482 2484 2483 2481 2482 2485 2484 2486 2485 2483 2484 2487 2486 2488 2487 2485 2486 2489 2488 2490 2489 2487 2488 2491 2490 2492 2491 2489 2490 2493 2492 2494 2493 2491 2492 2495 2496 2497 2495 2494 2496 2495 2493 2494 2498 2495 2497 2499 2498 2497 2499 2497 2500 2501 2499 2500 2501 2500 2502 2503 2501 2502 2503 2504 2505 2503 2502 2504 2506 2503 2505 2507 2506 2505 2507 2505 2508 2509 2507 2508 2509 2508 2510 2511 2510 2512 2511 2509 2510 2513 2512 2514 2513 2511 2512 2515 2513 2514 2515 2514 2516 2517 2516 2518 2517 2515 2516 2519 2518 2520 2519 2517 2518 2521 2520 2522 2521 2519 2520 2523 2522 2524 2523 2521 2522 2525 2524 2526 2525 2523 2524 2527 2526 2528 2527 2525 2526 2529 2528 2530 2529 2527 2528 2531 2530 2532 2531 2529 2530 2533 2532 2534 2533 2531 2532 2535 2534 2536 2535 2533 2534 2537 2536 2538 2537 2535 2536 2539 2540 2541 2539 2538 2540 2539 2537 2538 2542 2539 2541 2543 2544 2545 2543 2541 2544 2543 2542 2541 2546 2543 2545 2547 2546 2545 2547 2545 2548 2549 2547 2548 2549 2548 2550 2551 2552 2553 2551 2550 2552 2551 2549 2550 2554 2551 2553 2555 2556 2557 2555 2553 2556 2555 2554 2553 2558 2555 2557 2559 2560 2561 2559 2557 2560 2559 2558 2557 2562 2559 2561 2563 2561 2564 2563 2562 2561 2565 2566 2567 2565 2564 2566 2565 2563 2564 2568 2565 2567 2569 2567 2570 2569 2568 2567 550 2571 2572 550 2572 551 1682 2573 1683 1724 2574 1731 1683 2574 1724 2573 2574 1683 1731 2575 1740 2574 2575 1731 1740 2576 1746 2575 2576 1740 1746 2577 1750 2576 2577 1746 2577 2578 1750 1750 2579 1756 2578 2579 1750 1756 2580 1650 2579 2580 1756 2580 1914 1650 2581 2310 2307 2582 2310 2581 2582 2312 2310 2582 2313 2312 2583 2307 2306 2583 2581 2307 2584 2315 2313 2584 2313 2582 2585 2583 2306 2586 2318 2315 2586 2315 2584 2587 2306 2304 2587 2585 2306 2588 2318 2586 2588 2320 2318 2589 2587 2304 2589 2304 2301 2590 2320 2588 2590 2322 2320 2591 2301 2300 2591 2589 2301 2592 2323 2322 2592 2322 2590 2593 2591 2300 2594 2323 2592 2594 2326 2323 2594 2328 2326 2595 2593 2300 2595 2300 2297 2596 2330 2328 2596 2328 2594 2597 2595 2297 2598 2330 2596 2598 2332 2330 2599 2597 2297 2599 2297 2295 2600 2334 2332 2600 2332 2598 1022 2401 2400 1020 2401 1022 1020 2404 2401 1024 2400 2398 1024 1022 2400 1018 2406 2404 1018 2404 1020 1026 2398 2396 1026 1024 2398 1016 2406 1018 1016 2408 2406 1028 2396 2394 1028 1026 2396 1014 2408 1016 1014 2409 2408 1031 2394 2391 1031 1028 2394 1012 2412 2409 1012 2409 1014 1033 2391 2390 1033 1031 2391 1010 2413 2412 1010 2412 1012 1034 2390 2387 1034 1033 2390 1008 2416 2413 1008 2413 1010 1037 2387 2386 1037 1034 2387 1007 2418 2416 1007 2416 1008 1038 2386 2384 1038 1037 2386 1004 2420 2418 1004 2418 1007 2601 2599 2295 1041 2384 2382 1041 1038 2384 1002 2422 2420 1002 2420 1004 1042 2382 2380 1042 1041 2382 1001 2424 2422 1001 2422 1002 1044 2380 2377 1044 1042 2380 999 2602 2424 999 2424 1001 1046 2377 2376 1046 1044 2377 996 2603 2602 996 2602 999 2604 2334 2600 2604 2336 2334 1048 1046 2376 1048 2376 2374 994 2605 2603 994 2603 996 1050 1048 2374 1050 2374 2372 991 2606 2605 991 2605 994 1052 1050 2372 1052 2372 2369 990 2607 2606 990 2606 991 2608 2601 2295 2608 2295 2294 1054 1052 2369 1054 2369 2368 2609 2607 990 1056 1054 2368 1056 2368 2366 2610 2611 2607 2610 2607 2609 1058 1056 2366 1058 2366 2364 2612 2613 2611 2612 2611 2610 2614 2336 2604 2614 2338 2336 1060 2364 2362 1060 1058 2364 2615 2616 2613 2615 2613 2612 1062 1060 2362 1062 2362 2360 2617 2616 2615 2617 2618 2616 1064 2360 2357 1064 1062 2360 2619 2618 2617 2619 2620 2618 2621 2608 2294 2621 2294 2292 1066 2357 2356 1066 1064 2357 2622 2620 2619 2622 2623 2620 1069 2356 2354 1069 1066 2356 2624 2623 2622 2624 2625 2623 1070 2354 2351 1070 1069 2354 2626 2339 2338 2626 2338 2614 2627 2625 2624 2627 2628 2625 1072 2351 2350 1072 1070 2351 2629 2628 2627 2629 2630 2628 1075 2350 2348 1075 1072 2350 2631 2630 2629 2632 2621 2292 1077 2348 2347 1077 1075 2348 2633 2630 2631 2633 2634 2630 1078 2347 2635 1078 1077 2347 2636 2637 2634 2636 2634 2633 1080 2635 2638 1080 1078 2635 2639 2637 2636 2639 2640 2637 2641 2339 2626 2641 2342 2339 1082 1080 2638 1082 2638 2642 2643 2640 2639 2643 2644 2640 1084 1082 2642 2645 2644 2643 2645 2287 2644 1086 2642 2646 1086 1084 2642 2647 2632 2292 2648 2287 2645 1088 1086 2646 1088 2646 2649 2650 2287 2648 1091 2649 2651 1091 1088 2649 2652 2287 2650 2653 2342 2641 2653 2344 2342 1092 1091 2651 1092 2651 2654 2655 2287 2652 1094 2654 2656 1094 1092 2654 1096 1094 2656 1096 2656 2657 2658 2647 2292 2658 2292 2290 1098 1096 2657 1098 2657 2659 1100 1098 2659 1100 2659 2660 1102 1100 2660 1105 2660 2661 1105 1102 2660 735 2344 2653 735 2220 2344 1106 2661 2662 1106 1105 2661 1109 2662 2663 1109 1106 2662 1110 1109 2663 1110 2663 2664 2665 2658 2290 1113 2664 2666 1113 1110 2664 1115 1113 2666 1115 2666 2667 1116 1115 2667 1116 2667 2668 2669 1116 2668 2669 2668 2454 734 2220 735 734 2221 2220 2670 2669 2454 2671 2670 2454 2672 2671 2454 2673 2672 2454 2674 2665 2290 738 2221 734 2452 2673 2454 2452 2675 2673 2452 2676 2675 2452 2677 2676 2452 2678 2677 2679 2674 2290 741 2221 738 741 2224 2221 2680 2679 2290 2680 2290 2288 742 2226 2224 742 2224 741 2449 2678 2452 2449 2681 2678 2449 2682 2681 2449 2683 2682 2449 2684 2683 2685 2680 2288 744 2226 742 2686 2685 2288 746 2228 2226 746 2226 744 2687 2686 2288 749 2230 2228 749 2228 746 2448 2684 2449 2688 2655 2689 2688 2287 2655 2688 2288 2287 2688 2687 2288 750 2231 2230 750 2234 2231 750 2230 749 2690 2691 2692 2690 2693 2691 2690 2689 2693 2690 2688 2689 753 2234 750 753 2236 2234 2694 2695 2696 2694 2692 2695 2694 2690 2692 754 2236 753 754 2238 2236 2697 2698 2699 2697 2696 2698 2697 2694 2696 757 2238 754 757 2239 2238 2700 2699 2701 2700 2697 2699 2700 2702 2703 2700 2701 2702 758 2239 757 758 2242 2239 2704 2700 2703 2704 2705 2706 2704 2703 2705 760 2243 2242 760 2245 2243 760 2242 758 2707 2704 2706 2707 2708 2709 2707 2706 2708 763 2248 2245 763 2245 760 2710 2707 2709 2710 2711 2712 2710 2709 2711 764 2249 2248 764 2248 763 2713 2710 2712 2713 2714 2715 2713 2712 2714 766 2252 2249 766 2249 764 2716 2713 2715 2716 2717 2718 2716 2715 2717 769 2252 766 2254 2252 769 2719 2716 2718 2719 2720 2721 2719 2718 2720 2256 769 770 2256 2254 769 2722 2719 2721 2722 2723 2724 2722 2721 2723 2258 770 772 2258 2256 770 2725 2726 2727 2725 2724 2726 2725 2722 2724 2728 2725 2727 2728 2727 2729 2259 772 774 2259 2258 772 2730 2728 2729 2730 2731 2684 2730 2729 2731 2730 2684 2448 2261 2259 774 2261 774 776 2732 2730 2448 2264 2261 776 2264 776 778 2733 2448 2446 2733 2732 2448 2734 2733 2446 2265 778 781 2265 2264 778 2735 2734 2446 2735 2446 2443 2736 2735 2443 2268 781 782 2268 2265 781 2737 2736 2443 2737 2443 2442 2738 2737 2442 2738 2442 2440 2269 784 786 2269 782 784 2269 2268 782 2739 2738 2440 2740 2739 2440 2740 2440 2438 2272 786 789 2272 2269 786 860 2740 2438 2436 860 2438 2274 790 793 2274 789 790 2274 2272 789 2275 794 796 2275 793 794 2275 2274 793 2278 803 804 2278 801 803 2278 799 801 2278 796 799 2278 2275 796 2280 809 810 2280 806 809 2280 804 806 2280 2278 804 2282 810 812 2282 2280 810 1150 2741 2284 1148 2742 2741 1148 2741 1150 1152 1150 2284 1146 2743 2742 1146 2742 1148 1154 1152 2284 1144 2744 2743 1144 2743 1146 1156 1154 2284 1156 2284 2282 1142 2745 2744 1142 2744 1144 1159 1156 2282 1140 2745 1142 1161 812 815 1161 2282 812 1161 1159 2282 1138 2746 2745 1138 2745 1140 1162 1161 815 1136 2746 1138 1136 2747 2746 1165 1162 815 1135 2748 2747 1135 2747 1136 1166 815 816 1166 1165 815 1132 2748 1135 1132 2749 2748 1169 1166 816 1130 2750 2749 1130 2749 1132 1170 816 818 1170 1169 816 1129 2751 2750 1129 2750 1130 1172 1170 818 1127 2751 1129 1127 2752 2751 1174 1172 818 1174 818 821 1124 2753 2752 1124 2752 1127 1176 1174 821 1122 2754 2753 1122 2753 1124 1178 1176 821 1119 2754 1122 1180 1178 821 1180 821 822 1118 2755 2754 1118 2754 1119 1182 1180 822 2756 2755 1118 2756 2757 2755 1184 1182 822 1184 822 825 2758 2759 2757 2758 2757 2756 1186 1184 825 2760 2761 2759 2760 2759 2758 1188 1186 825 1188 825 826 2762 2761 2760 2762 2141 2761 1190 1188 826 894 2557 2556 892 2560 2557 892 2557 894 896 2556 2553 896 894 2556 890 2561 2560 890 2560 892 898 2553 2552 898 896 2553 888 2564 2561 888 2561 890 900 898 2552 900 2552 2550 886 2566 2564 886 2564 888 2763 2142 2141 2763 2141 2762 903 900 2550 903 2550 2548 884 2567 2566 884 2566 886 905 2548 2545 905 903 2548 1192 1190 826 1192 826 829 882 2570 2567 882 2567 884 906 2545 2544 906 905 2545 880 2764 2570 880 2570 882 2765 2142 2763 2765 2144 2142 909 906 2544 909 2544 2541 879 2764 880 879 2766 2764 910 2541 2540 910 909 2541 1194 1192 829 876 2766 879 913 2540 2538 913 910 2540 2767 2146 2144 2767 2144 2765 874 2768 2766 874 2766 876 914 2538 2536 914 913 2538 1197 1194 829 1197 829 830 873 2769 2768 873 2768 874 2770 2146 2767 2770 2148 2146 916 914 2536 916 2536 2534 871 2771 2769 871 2769 873 1198 1197 830 918 916 2534 918 2534 2532 868 2772 2771 868 2771 871 2773 2148 2770 2773 2150 2148 920 2532 2530 920 918 2532 1200 1198 830 1200 830 833 866 2772 868 866 2774 2772 922 2530 2528 922 920 2530 2775 2152 2150 2775 2150 2773 863 2774 866 863 2776 2774 1203 1200 833 924 922 2528 924 2528 2526 862 2776 863 862 2777 2776 2778 2154 2152 2778 2152 2775 926 2526 2524 926 924 2526 1205 1203 833 1205 833 834 2779 2777 862 2779 2780 2777 2781 2156 2154 2781 2154 2778 928 2524 2522 928 926 2524 2782 2780 2779 1206 1205 834 930 2522 2520 930 928 2522 2783 2158 2156 2783 2156 2781 2784 2780 2782 2784 2785 2780 1208 1206 834 1208 834 837 932 2520 2518 932 930 2520 2786 2158 2783 2786 2160 2158 2787 2785 2784 2787 2788 2785 1210 1208 837 934 2518 2516 934 932 2518 2789 2788 2787 2789 2790 2788 2791 2160 2786 936 2516 2514 936 934 2516 1212 1210 837 1212 837 838 2162 2160 2791 2792 2790 2789 2792 2793 2790 2794 2162 2791 938 936 2514 938 2514 2512 1214 1212 838 1214 838 841 2795 2793 2792 2795 2796 2793 941 2512 2510 941 938 2512 1216 1214 841 2797 2796 2795 2797 2798 2796 942 2510 2508 942 941 2510 2164 2162 2794 2164 2794 2799 1219 1216 841 2800 2798 2797 2800 2801 2798 944 2508 2505 944 942 2508 2802 2801 2800 2802 2803 2801 947 2505 2504 947 944 2505 2804 2803 2802 2804 2805 2803 949 2504 2502 949 947 2504 2165 2799 2806 2165 2164 2799 2807 2808 2805 2807 2805 2804 950 2502 2500 950 949 2502 2809 2810 2808 2809 2808 2807 952 2500 2497 952 950 2500 2811 2810 2809 954 2497 2496 954 952 2497 2168 2806 2812 2168 2165 2806 2813 2810 2811 2813 2814 2810 956 954 2496 2815 2814 2813 2815 2816 2814 2494 956 2496 958 956 2494 2817 2816 2815 2817 2818 2816 2169 2168 2812 2169 2812 2819 2820 2818 2817 2820 2821 2818 2822 2821 2820 2822 2823 2821 2492 958 2494 2492 960 958 2824 2426 2823 2824 2823 2822 2172 2819 2825 2172 2169 2819 2826 2426 2824 2826 2427 2426 2490 960 2492 2490 963 960 2174 2825 2827 2174 2172 2825 2488 964 963 2488 963 2490 2176 2827 2828 2176 2174 2827 2486 964 2488 2486 966 964 2178 2828 2829 2178 2176 2828 2484 968 966 2484 966 2486 2180 2829 2830 2180 2178 2829 2482 970 968 2482 968 2484 2182 2830 2831 2182 2180 2830 2480 970 2482 2480 972 970 2184 2831 2832 2184 2182 2831 2478 974 972 2478 972 2480 2185 2832 2833 2185 2184 2832 2475 974 2478 2475 977 974 2188 2833 2834 2188 2185 2833 2190 2834 2835 2190 2188 2834 2474 978 977 2474 977 2475 2192 2835 2836 2192 2190 2835 2472 981 978 2472 978 2474 2194 2836 2837 2194 2192 2836 2470 981 2472 2470 982 981 2196 2837 2838 2196 2194 2837 2467 982 2470 2467 985 982 2198 2838 2839 2198 2196 2838 2466 987 985 2466 985 2467 2200 2198 2839 2200 2839 2840 2202 2840 2841 2202 2200 2840 2463 988 987 2463 987 2466 2204 2841 2842 2204 2202 2841 2462 2843 988 2462 988 2463 2206 2204 2842 2206 2842 2844 2208 2844 2845 2208 2206 2844 2460 2843 2462 2460 2846 2843 2210 2845 2847 2210 2208 2845 2458 2848 2846 2458 2846 2460 2212 2847 2849 2212 2210 2847 2214 2849 2850 2214 2212 2849 2216 2850 2851 2216 2214 2850 2457 2848 2458 2457 2852 2848 2217 2851 2853 2217 2216 2851 2854 2852 2457 2854 2855 2852 2856 2853 2857 2856 2217 2853 2858 2857 2859 2858 2856 2857 2860 2855 2854 2860 2861 2855 2862 2863 2864 2862 2859 2863 2862 2858 2859 2865 2864 2866 2865 2862 2864 2867 2861 2860 2867 2868 2861 2869 2866 2870 2869 2865 2866 504 2871 2868 504 2868 2867 2872 2870 2873 2872 2869 2870 2874 2873 2875 2874 2872 2873 506 2876 2871 506 2871 504 2877 2875 2878 2877 2874 2875 508 2879 2876 508 2876 506 2880 2878 2881 2880 2877 2878 2882 2880 2881 2882 2881 2883 510 2879 508 510 2884 2879 2885 2882 2883 2885 2886 2887 2885 2883 2886 512 2884 510 512 2888 2884 512 2889 2888 2890 2885 2887 2890 2887 2891 514 2892 2889 514 2889 512 2893 2890 2891 2893 2891 2894 516 2892 514 516 2895 2892 2896 2893 2894 2896 2894 2897 2898 2896 2897 2898 2897 2899 518 2900 2895 518 2895 516 2901 2898 2899 2901 2899 2902 520 2900 518 520 2903 2900 2904 2901 2902 2904 2902 1244 522 2903 520 522 2905 2903 2906 1244 1243 2906 2904 1244 524 2905 522 524 2907 2905 2109 1234 1233 2109 1237 1234 2109 1238 1237 2109 1241 1238 2109 1243 1241 2109 2906 1243 526 2907 524 526 2908 2907 526 2909 2908 528 2909 526 528 2910 2909 530 2911 2910 530 2910 528 532 2912 2911 532 2911 530 534 2913 2912 534 2912 532 536 2913 534 536 2914 2913 538 2914 536 538 2915 2914 540 2915 538 540 2916 2915 542 2917 2916 542 2916 540 544 2917 542 544 2918 2917 546 2919 2918 546 2918 544 2110 1222 1220 2110 1224 1222 2110 1226 1224 2110 1228 1226 2110 1230 1228 2110 1233 1230 2110 2109 1233 2920 2572 2921 2922 2920 2923 1969 2924 2925 1969 2925 2926 1969 2926 2927 1969 2927 2928 1969 2928 2929 1969 2929 2930 1969 2572 2920 1969 2920 2922 1969 2922 2931 1969 2931 2932 1969 2932 2933 1969 2933 2934 1969 2934 2935 1969 2935 2924 1967 2572 1969 1967 551 2572 2112 1220 1219 2112 1219 841 2112 842 844 2112 841 842 2112 2110 1220 1965 551 1967 1965 546 548 1965 548 551 1964 2919 546 1964 2936 2919 1964 2937 2936 1964 546 1965 2114 846 849 2114 844 846 2114 2112 844 1962 2937 1964 1962 2938 2937 1962 2939 2938 1962 2940 2939 2116 2114 849 2116 849 851 1959 2940 1962 1959 2941 2940 1959 2942 2941 1958 2942 1959 1958 2943 2942 1958 2944 2943 2117 2116 851 2117 853 854 2117 851 853 1956 2944 1958 1956 2427 2826 1956 2945 2944 1956 2826 2945 2120 2117 854 2120 854 857 1953 2430 2427 1953 2427 1956 2122 857 858 2122 2120 857 1951 2430 1953 1951 2432 2430 1951 2434 2432 2123 860 2436 2123 858 860 2123 2122 858 1950 2436 2434 1950 2434 1951 2126 2123 2436 2126 2436 1950 2127 2126 1950 1987 2127 1950 2130 2127 1987 1986 2130 1987 2132 2130 1986 2133 2132 1986 2133 1986 1984 2136 2133 1984 1278 2946 2947 1276 2946 1278 1276 2948 2946 1280 1278 2947 1280 2947 2949 1274 2948 1276 1282 2949 2950 1282 1280 2949 1272 2951 2948 1272 2948 1274 1284 2950 2952 1284 1282 2950 1270 2951 1272 1270 2953 2951 1287 2952 2137 1287 1284 2952 1268 2954 2953 1268 2953 1270 1289 2136 1984 1289 2137 2136 1289 1287 2137 1266 2954 1268 1266 2955 2954 1290 1984 1981 1290 1289 1984 1264 2956 2955 1264 2955 1266 1293 1290 1981 1263 2956 1264 1263 2957 2956 1294 1981 1980 1294 1293 1981 1260 2957 1263 1260 2958 2957 1297 1294 1980 1258 2958 1260 1258 2959 2958 1298 1980 1977 1298 1297 1980 1257 2959 1258 1257 2960 2959 1300 1298 1977 1255 2960 1257 1255 2961 2960 1302 1300 1977 1252 2961 1255 1252 2962 2961 1304 1302 1977 1250 2962 1252 1247 2963 2962 1247 2962 1250 1246 2964 2963 1246 2963 1247 2965 2966 2964 2965 2964 1246 2967 2968 2966 2967 2966 2965 2969 2970 2968 2969 2968 2967 2971 2970 2969 2971 2972 2970 2973 2974 2972 2973 2972 2971 2975 2976 2974 2975 2974 2973 2977 2976 2975 2978 2979 2976 2978 2976 2977 2980 1995 2979 2980 2979 2978 2981 1996 1995 2981 1995 2980 2982 1998 1996 2982 1996 2981 2983 2000 1998 2983 1998 2982 2984 2002 2000 2984 2000 2983 2985 2002 2984 2985 2004 2002 1975 1306 1304 1975 1308 1306 1975 1310 1308 1975 1304 1977 2986 2006 2004 2986 2004 2985 2987 2006 2986 2007 2987 2988 2007 2006 2987 2010 2007 2988 2010 2988 2989 2012 2010 2989 2012 2989 2990 2014 2012 2990 2014 2990 2991 2015 2991 2992 2015 2014 2991 2017 2992 2993 2017 2015 2992 1973 1312 1310 1973 1310 1975 2020 2993 2994 2020 2017 2993 2022 2020 2994 2022 2994 2995 2996 1322 1320 2997 1325 1322 2997 1326 1325 2997 1322 2996 2998 1320 1318 2998 2996 1320 2999 1326 2997 2999 1328 1326 3000 1318 1316 3000 2998 1318 3001 1331 1328 3001 1328 2999 3002 1316 1314 3002 3000 1316 3003 1333 1331 3003 1331 3001 3004 1314 1312 3004 3002 1314 3005 1334 1333 3005 1333 3003 2023 2022 2995 2023 2995 3006 3007 3004 1312 3007 1312 1973 3008 1336 1334 3008 1334 3005 3009 3007 1973 3010 1338 1336 3010 1336 3008 1991 3009 1973 3011 1340 1338 3011 1338 3010 3012 1342 1340 3012 1344 1342 3012 1340 3011 3013 1347 1344 3013 1344 3012 2025 3006 3014 2025 2023 3006 3015 1348 1347 3015 1347 3013 3016 1350 1348 3016 1348 3015 3017 1350 3016 3017 1352 1350 2028 2025 3014 2028 3014 3018 3019 1354 1352 3019 1352 3017 3020 1354 3019 3020 1356 1354 3020 1358 1356 552 1361 1358 552 1358 3020 2030 3018 3021 2030 2028 3018 554 1361 552 556 1361 554 556 1362 1361 1972 1991 1973 558 1362 556 558 1365 1362 2031 2030 3021 2031 3021 3022 560 1365 558 560 1366 1365 1992 1991 1972 3023 3024 3025 3026 1992 1972 3027 3024 3023 3027 1972 3024 3028 1972 3027 3029 3030 3026 3031 1972 3028 3032 3029 3026 3033 1972 3031 3034 3032 3026 3035 1972 3033 3036 3026 1972 3036 3034 3026 3037 1972 3035 3037 3036 1972 2034 2031 3022 2034 3022 3038 2105 1369 1366 2105 1366 560 2036 3038 3039 2036 2034 3038 2103 1371 1369 2103 1369 2105 2038 3039 3040 2038 2036 3039 2102 1372 1371 2102 1371 2103 2040 3040 3041 2040 2038 3040 2099 3042 1372 2099 1372 2102 2042 3041 3043 2042 2040 3041 2097 3044 3042 2097 3042 2099 2044 3043 3045 2044 2042 3043 2096 3046 3044 2096 3044 2097 2045 2044 3045 2045 3045 3047 2093 3048 3046 2093 3046 2096 2048 3047 3049 2048 2045 3047 2092 3048 2093 2092 3050 3048 2050 2048 3049 2050 3049 3051 2090 3052 3050 2090 3050 2092 2052 3051 3053 2052 2050 3051 2087 3054 3052 2087 3052 2090 2053 2052 3053 2053 3053 3055 2086 3056 3054 2086 3054 2087 2056 2053 3055 2056 3055 3057 2084 3058 3056 2084 3056 2086 2057 3057 3059 2057 2056 3057 2082 3060 3058 2082 3058 2084 2059 3059 3061 2059 2057 3059 2079 3062 3060 2079 3060 2082 2062 2059 3061 2062 3061 3063 2078 3062 2079 2078 3064 3062 2063 2062 3063 2063 3063 3065 2075 3066 3064 2075 3064 2078 2066 2063 3065 2066 3065 3067 2073 3066 2075 2073 3068 3066 2067 2066 3067 2067 3067 3069 2072 3068 2073 2072 3070 3068 2070 2067 3069 2070 3070 2072 2070 3069 3070 2305 1422 2303 2303 1420 2302 1422 1420 2303 2308 1424 2305 2305 1424 1422 2302 1417 2299 1420 1417 2302 2309 1427 2308 2308 1427 1424 2299 1415 2298 1417 1415 2299 2311 1429 2309 2309 1429 1427 2314 1431 2311 2311 1431 1429 2298 1413 2296 1415 1413 2298 2316 1433 2314 2314 1433 1431 2317 1435 2316 2316 1435 1433 2296 1410 2293 1413 1410 2296 2317 1437 1435 2319 1437 2317 2293 1408 2291 1410 1408 2293 2321 1439 2319 2319 1439 1437 2321 1441 1439 2324 1441 2321 2324 1443 1441 2325 1443 2324 1408 1406 2291 2291 1406 2289 2327 1445 2325 2325 1445 1443 2327 1447 1445 2329 1447 2327 2329 1449 1447 2331 1449 2329 1406 1404 2289 2289 1404 2285 2331 1451 1449 2333 1451 2331 2333 1453 1451 2335 1453 2333 2337 1453 2335 2340 1455 2337 2337 1455 1453 2285 1402 2286 1404 1402 2285 1402 3071 2286 3071 3072 2286 3072 3073 2286 3073 3074 2286 3074 3075 2286 3075 3076 2286 3076 3077 2286 3077 3078 2286 2340 1456 1455 2341 1456 2340 3078 3079 2286 3079 3080 2286 2286 3080 3081 3081 3082 3083 3080 3082 3081 3083 3084 3085 3082 3084 3083 3085 3086 3087 3084 3086 3085 3087 3088 3089 3086 3088 3087 3089 3090 3091 3088 3090 3089 3091 3092 3093 3090 3092 3091 2343 1458 2341 2341 1458 1456 3093 3094 3095 3092 3094 3093 3095 3096 3097 3094 3096 3095 3096 3098 3097 3097 3098 3099 2222 1460 2343 2343 1460 1458 3098 3100 3099 3099 3100 3101 3100 3102 3101 3101 3102 3103 3102 3104 3103 2402 1023 2399 2402 1021 1023 2403 1021 2402 1023 1025 2399 2399 1025 2397 2403 1019 1021 2405 1019 2403 1025 1027 2397 2397 1027 2395 2405 1017 1019 2407 1017 2405 1027 1029 2395 2395 1029 2393 2407 1015 1017 2410 1015 2407 1029 1030 2393 2393 1030 2392 2410 1013 1015 2411 1013 2410 1030 1032 2392 2392 1032 2389 2411 1011 1013 2414 1011 2411 1032 1035 2389 2389 1035 2388 2414 1009 1011 2415 1009 2414 2222 1461 1460 2388 1036 2385 1035 1036 2388 2415 1006 1009 2417 1006 2415 2385 1039 2383 1036 1039 2385 2417 1005 1006 2419 1005 2417 2383 1040 2381 1039 1040 2383 2419 1003 1005 2421 1003 2419 2381 1043 2379 1040 1043 2381 2421 1000 1003 2423 1000 2421 2379 1045 2378 1043 1045 2379 2423 998 1000 3105 998 2423 2378 1047 2375 1045 1047 2378 3105 997 998 3106 997 3105 2375 1049 2373 1047 1049 2375 3107 995 3106 3106 995 997 2373 1051 2371 1049 1051 2373 3108 993 3107 3107 993 995 2371 1053 2370 1051 1053 2371 2222 2219 1461 3109 992 3108 3108 992 993 2370 1055 2367 1053 1055 2370 3109 3110 992 2367 1057 2365 1055 1057 2367 3111 3112 3109 3109 3112 3110 1057 1059 2365 2365 1059 2363 3111 3113 3112 3103 3113 3111 2363 1061 2361 1059 1061 2363 3104 3114 3103 3103 3114 3113 1061 1063 2361 2361 1063 2359 3104 3115 3114 3116 3115 3104 2359 1065 2358 1063 1065 2359 3117 3118 3116 3116 3118 3115 2358 1067 2355 1065 1067 2358 3119 3120 3117 3117 3120 3118 2355 1068 2353 1067 1068 2355 3121 3122 3119 3119 3122 3120 2353 1071 2352 1068 1071 2353 3121 3123 3122 3124 3123 3121 2352 1073 2349 1071 1073 2352 3124 3125 3123 3126 3125 3124 2349 1074 2345 1073 1074 2349 2219 1464 1461 3126 3127 3125 3128 3127 3126 2345 1076 2346 1074 1076 2345 3129 3130 3128 3128 3130 3127 2346 1079 3131 1076 1079 2346 3132 3133 3129 3129 3133 3130 1079 1081 3131 3131 1081 3134 2219 2223 1464 3135 3136 3132 3132 3136 3133 1081 1083 3134 3134 1083 3137 3135 3138 3136 1083 1085 3137 3138 3139 3140 3135 3139 3138 3137 1087 3141 1085 1087 3137 3141 1089 3142 1087 1089 3141 3142 1090 3143 1089 1090 3142 3140 3144 3145 3139 3144 3140 3143 1093 3146 1090 1093 3143 1093 1095 3146 3145 3147 3148 3144 3147 3145 2223 1467 1464 3148 3149 3150 3147 3149 3148 2223 2225 1467 3150 3151 3152 3149 3151 3150 3152 3153 3154 3151 3153 3152 3154 3155 3156 3153 3155 3154 2225 1469 1467 3156 3157 3158 3155 3157 3156 2225 2227 1469 3158 3159 3160 3157 3159 3158 3161 3162 2453 3162 3163 2453 3164 3165 3161 3161 3165 3162 3163 3166 2453 3167 3168 3164 3164 3168 3165 3166 3169 2453 3170 3171 3167 3167 3171 3168 3169 3172 2453 3173 3174 3170 3170 3174 3171 3172 3175 2453 3176 3177 3173 3173 3177 3174 3175 3178 2453 3160 3179 3180 3159 3179 3160 3181 3182 3176 3176 3182 3177 3178 3183 2453 3184 3185 3181 3181 3185 3182 3183 3186 2453 3187 3188 3184 3184 3188 3185 3186 3189 2453 2453 3189 2451 3187 3190 3188 3191 3190 3187 3189 1400 2451 3192 3193 3191 3191 3193 3190 3180 3194 3195 3179 3194 3180 3192 3196 3193 3146 3196 3192 2227 1471 1469 1095 3197 3146 1097 3197 1095 3146 3197 3196 2227 2229 1471 1097 3198 3197 1099 3198 1097 1099 3199 3198 1101 3199 1099 3194 3200 3195 3195 3200 3201 1101 3202 3199 1103 3202 1101 1103 617 3202 1104 617 1103 1104 619 617 1107 619 1104 1108 619 1107 3200 3203 3201 3201 3203 3204 1108 621 619 1111 621 1108 1111 623 621 1112 623 1111 3203 3205 3204 3204 3205 3206 1114 729 1112 1112 729 623 2229 1473 1471 3205 3207 3206 3206 3207 3208 2229 2232 1473 1114 731 729 1117 731 1114 3207 3209 3208 3208 3209 3210 1400 1398 2451 2451 1398 2450 1117 733 731 3211 733 1117 3209 3212 3210 3210 3212 3213 3211 3214 733 3215 3214 3211 3212 3216 3213 3213 3216 3217 3215 3218 3214 3219 3218 3215 2232 1475 1473 3216 3220 3217 3217 3220 3221 2232 2233 1475 3219 3222 3218 3223 3222 3219 3220 3224 3221 3221 3224 3225 3226 3227 3223 3223 3227 3222 3224 3228 3225 3225 3228 3229 3226 3230 3227 3231 3230 3226 3228 3232 3229 3229 3232 3233 3231 3234 3230 3235 3234 3231 3233 3236 3237 3232 3236 3233 3235 3238 3234 3239 3238 3235 1398 1396 2450 3237 3240 3241 3236 3240 3237 2233 1477 1475 3242 3243 3239 3239 3243 3238 3240 3244 3241 3241 3244 3245 3246 3247 3242 3242 3247 3243 2233 2235 1477 3244 3248 3245 3245 3248 3249 3246 3250 3247 3251 3250 3246 3248 3252 3249 3249 3252 3253 3251 3254 3250 3255 3254 3251 3252 3256 3253 3253 3256 3257 3255 3258 3254 3259 3258 3255 3256 3260 3257 3257 3260 3261 3262 3263 3259 3259 3263 3258 3260 3264 3261 3261 3264 3265 3262 3266 3263 3267 3266 3262 3264 3268 3265 3265 3268 3269 3267 3270 3266 3271 3270 3267 3271 3272 3270 3268 3272 3269 3269 3272 3271 1396 2447 2450 2235 1479 1477 2235 2237 1479 2237 1481 1479 2237 2240 1481 1396 1394 2447 2240 1483 1481 2240 2241 1483 1394 2445 2447 2241 1485 1483 2241 2244 1485 2244 1487 1485 2244 2246 1487 1394 1393 2445 2246 1489 1487 2246 2247 1489 2247 1491 1489 1393 2444 2445 2247 2250 1491 2250 1493 1491 2250 2251 1493 1393 1391 2444 2251 1495 1493 2251 2253 1495 2253 1497 1495 1391 2441 2444 2253 2255 1497 2255 1498 1497 2255 2257 1498 2257 1500 1498 1391 1389 2441 2257 2260 1500 2260 1502 1500 2260 2262 1502 1389 2439 2441 2262 1504 1502 2262 2263 1504 2263 1505 1504 1389 1387 2439 2263 2266 1505 1387 1939 2439 2266 1507 1505 1939 2437 2439 2266 2267 1507 1939 1938 2437 2267 1509 1507 1938 1937 2437 2267 2270 1509 2270 1510 1509 2270 2271 1510 1937 2435 2437 1936 2435 1937 2271 1512 1510 1936 1935 2435 2271 2273 1512 1935 1934 2435 2273 1514 1512 1934 2433 2435 1934 1933 2433 2273 2276 1514 1933 1932 2433 2276 1516 1514 1932 2431 2433 2276 2277 1516 1932 1931 2431 1931 1385 2431 1385 2429 2431 2277 1518 1516 2277 2279 1518 1385 1383 2429 1383 2425 2429 2279 2281 1518 2281 1520 1518 2281 3273 1520 1383 1381 2425 1381 2428 2425 3274 2283 3275 3276 2283 3274 3277 2283 3276 3278 2283 3277 3279 2283 3278 3280 2283 3279 3281 2283 3280 3282 2283 3281 3273 2283 3282 2281 2283 3273 2283 3283 3275 3275 3283 3284 3283 3285 3284 3284 3285 3286 3286 3287 3288 3285 3287 3286 3288 3289 3290 3287 3289 3288 3289 3291 3290 3290 3291 3292 3291 3293 3292 3292 3293 3294 3293 3295 3294 3294 3295 3296 3295 3297 3296 3296 3297 3298 3298 3299 3300 3297 3299 3298 3300 3301 3302 3299 3301 3300 1381 1379 2428 3303 1379 3304 3305 1379 3303 3306 1379 3305 3307 1379 3306 3308 1379 3307 3309 1379 3308 2428 1379 3309 3302 3310 3311 3301 3310 3302 1379 3312 3304 3304 3312 3313 3311 3314 3315 3310 3314 3311 3313 3316 3317 3312 3316 3313 3316 3318 3317 3317 3318 3319 3318 3320 3319 3319 3320 3321 3320 3322 3321 3321 3322 3323 3322 3324 3323 3323 3324 3325 3324 3326 3325 3325 3326 3327 3326 3328 3327 3327 3328 3329 3328 3330 3329 3329 3330 3331 3330 3332 3331 3331 3332 3333 3332 3334 3333 3333 3334 3335 3334 3336 3335 3335 3336 3337 3337 3338 3339 3336 3338 3337 3338 3340 3339 633 1151 635 633 1149 1151 631 1149 633 1151 1153 635 635 1153 637 631 1147 1149 629 1147 631 1153 1155 637 637 1155 639 626 1145 629 629 1145 1147 639 1157 641 1155 1157 639 626 1143 1145 625 1143 626 1157 1158 641 641 1158 643 3341 1141 625 625 1141 1143 1158 1160 643 643 1160 645 3342 1139 3341 3341 1139 1141 645 1163 647 1160 1163 645 3343 1137 3342 3342 1137 1139 647 1164 649 1163 1164 647 3344 1134 3343 3343 1134 1137 649 1167 651 1164 1167 649 3344 1133 1134 3345 1133 3344 1167 1168 651 651 1168 653 3345 1131 1133 3346 1131 3345 1168 1171 653 653 1171 655 3346 1128 1131 3315 1128 3346 1171 1173 655 655 1173 657 3315 1126 1128 3314 1126 3315 657 1175 659 1173 1175 657 3314 1125 1126 3347 1125 3314 1175 1177 659 659 1177 661 3347 1123 1125 3348 1123 3347 1177 1179 661 661 1179 663 3348 1121 1123 1179 1181 663 663 1181 665 3348 1120 1121 3349 1120 3348 1181 1183 665 665 1183 667 3349 3350 1120 3351 3350 3349 1183 1185 667 667 1185 669 3351 3352 3350 3353 3352 3351 669 1187 671 1185 1187 669 3354 3355 3353 3353 3355 3352 1187 1189 671 671 1189 673 2140 3356 3354 3354 3356 3355 1189 1191 673 673 1191 675 2558 895 2555 2558 893 895 2559 893 2558 895 897 2555 2555 897 2554 2559 891 893 2562 891 2559 2554 899 2551 897 899 2554 2562 889 891 2563 889 2562 899 901 2551 2551 901 2549 2563 887 889 2565 887 2563 2139 3357 2140 2140 3357 3356 901 902 2549 2549 902 2547 2565 885 887 2568 885 2565 902 904 2547 2547 904 2546 675 1193 677 1191 1193 675 2568 883 885 2569 883 2568 2546 907 2543 904 907 2546 3358 881 2569 2569 881 883 2143 3359 2139 2139 3359 3357 907 908 2543 2543 908 2542 3358 878 881 3360 878 3358 908 911 2542 2542 911 2539 1193 1195 677 677 1195 679 3360 877 878 911 912 2539 2539 912 2537 2145 3361 2143 2143 3361 3359 3362 875 3360 3360 875 877 912 915 2537 2537 915 2535 1195 1196 679 679 1196 681 3363 872 3362 3362 872 875 2145 3364 3361 2147 3364 2145 915 917 2535 2535 917 2533 3363 870 872 3365 870 3363 1196 1199 681 681 1199 683 917 919 2533 2533 919 2531 3366 869 3365 3365 869 870 2147 3367 3364 2149 3367 2147 919 921 2531 2531 921 2529 1199 1201 683 683 1201 685 3339 867 3366 3366 867 869 2529 923 2527 921 923 2529 2149 3368 3367 2151 3368 2149 3339 865 867 3340 865 3339 1201 1202 685 685 1202 687 2527 925 2525 923 925 2527 3369 864 3340 3340 864 865 2153 3370 2151 2151 3370 3368 2525 927 2523 925 927 2525 1202 1204 687 687 1204 689 3371 3372 3369 3369 3372 864 2155 3373 2153 2153 3373 3370 927 929 2523 2523 929 2521 3374 3375 3371 3371 3375 3372 1204 1207 689 689 1207 691 2521 931 2519 929 931 2521 2155 3376 3373 2157 3376 2155 3377 3378 3374 3374 3378 3375 1207 1209 691 691 1209 693 931 933 2519 2519 933 2517 2157 3379 3376 2159 3379 2157 3380 3381 3377 3377 3381 3378 1209 1211 693 2517 935 2515 933 935 2517 1211 695 693 3380 3382 3381 3383 3382 3380 2159 3384 3379 2515 937 2513 935 937 2515 1211 1213 695 2159 2161 3384 3383 3385 3382 3386 3385 3383 2161 3387 3384 2513 939 2511 937 939 2513 3386 3388 3385 2511 940 2509 939 940 2511 3386 3389 3388 3390 3389 3386 1215 697 1213 1213 697 695 2509 943 2507 940 943 2509 2161 2163 3387 3387 2163 3391 3392 3393 3394 3394 3393 3390 3390 3393 3389 2507 945 2506 943 945 2507 3395 3396 3392 3392 3396 3393 2506 946 2503 945 946 2506 3397 3398 3395 3395 3398 3396 1215 699 697 1217 699 1215 2503 948 2501 946 948 2503 3391 2166 3399 2163 2166 3391 3397 3400 3398 3401 3400 3397 948 951 2501 2501 951 2499 3402 3403 3401 3401 3403 3400 2499 953 2498 951 953 2499 3402 3404 3403 3405 3404 3402 1218 701 1217 1217 701 699 953 955 2498 2498 955 2495 2166 2167 3399 3399 2167 3406 3405 3407 3404 955 957 2495 3407 3408 3409 3405 3408 3407 957 2493 2495 957 959 2493 1221 703 1218 1218 703 701 2167 2170 3406 3406 2170 3410 3409 3411 3412 3408 3411 3409 959 2491 2493 961 2491 959 1221 705 703 1223 705 1221 3410 2171 3413 2170 2171 3410 3412 3414 3415 3411 3414 3412 961 2489 2491 962 2489 961 1225 707 1223 1223 707 705 2171 2173 3413 3413 2173 3416 3414 3417 3415 3415 3417 3418 965 2487 962 962 2487 2489 1225 709 707 1227 709 1225 2173 2175 3416 3416 2175 3419 3417 3420 3418 3418 3420 3421 965 2485 2487 967 2485 965 1229 711 1227 1227 711 709 2175 2177 3419 3419 2177 3422 3420 3423 3421 3421 3423 3424 967 2483 2485 969 2483 967 1229 713 711 1231 713 1229 2177 2179 3422 3422 2179 3425 3423 3426 3424 3424 3426 3427 969 2481 2483 971 2481 969 1232 715 1231 1231 715 713 2179 2181 3425 3425 2181 3428 3427 3429 3430 3426 3429 3427 971 2479 2481 973 2479 971 1232 717 715 1235 717 1232 3428 2183 3431 2181 2183 3428 3430 3432 3433 3429 3432 3430 1236 719 1235 1235 719 717 975 2477 973 973 2477 2479 3431 2186 3434 2183 2186 3431 3432 3435 3433 3433 3435 3436 1236 721 719 1239 721 1236 975 2476 2477 976 2476 975 2186 2187 3434 3434 2187 3437 1240 723 1239 1239 723 721 3436 3438 3439 3435 3438 3436 2187 2189 3437 3437 2189 3440 976 2473 2476 979 2473 976 1242 725 1240 1240 725 723 2189 2191 3440 3440 2191 3441 3439 3442 3443 3438 3442 3439 979 2471 2473 980 2471 979 1245 727 1242 1242 727 725 2191 2193 3441 3441 2193 3444 3442 3445 3443 3443 3445 3446 983 2469 980 980 2469 2471 3447 3448 1245 1245 3448 727 3444 2195 3449 2193 2195 3444 3446 3450 3451 3445 3450 3446 983 2468 2469 984 2468 983 3447 3452 3448 3453 3452 3447 3449 2197 3454 2195 2197 3449 3451 3455 3456 3450 3455 3451 3457 3458 3453 3453 3458 3452 984 2465 2468 986 2465 984 2197 2199 3454 3454 2199 3459 3460 3461 3457 3457 3461 3458 3462 3463 3460 3464 3463 3462 3460 3463 3461 3456 3465 3466 3455 3465 3456 3459 2201 3467 2199 2201 3459 3468 563 3464 3464 563 3463 986 2464 2465 989 2464 986 3468 565 563 3469 565 3468 2201 2203 3467 3467 2203 3470 3466 3471 3472 3465 3471 3466 3473 567 3469 3469 567 565 3474 2461 989 989 2461 2464 2203 2205 3470 3470 2205 3475 3476 569 3473 3473 569 567 3472 3477 3478 3471 3477 3472 3479 571 3476 3476 571 569 2205 2207 3475 3475 2207 3480 3474 2459 2461 3481 2459 3474 2207 2209 3480 3480 2209 3482 3478 3483 3484 3477 3483 3478 3481 2455 2459 3485 2455 3481 2209 2211 3482 3482 2211 3486 2211 2213 3486 3486 2213 3487 3484 3488 3489 3483 3488 3484 2213 2215 3487 3487 2215 3490 3485 2456 2455 3491 2456 3485 2215 2218 3490 3490 2218 3492 3491 3493 2456 3494 3493 3491 2218 3495 3492 3492 3495 3496 3489 3497 3498 3488 3497 3489 3496 3499 3500 3495 3499 3496 3494 3501 3493 3502 3501 3494 3503 3504 3505 3500 3504 3503 3499 3504 3500 3505 3506 3507 3504 3506 3505 3502 3508 3501 3509 3508 3502 3507 3510 3511 3506 3510 3507 3498 3512 3513 3497 3512 3498 3509 505 3508 3514 505 3509 3511 3515 3516 3510 3515 3511 3479 3517 571 571 3517 573 3515 3517 3516 3516 3517 3479 3514 507 505 3518 507 3514 3513 3519 3520 3512 3519 3513 573 3521 575 3517 3521 573 3518 509 507 3522 509 3518 575 3523 577 3521 3523 575 3520 3524 3525 3519 3524 3520 577 3526 579 3523 3526 577 3522 511 509 3527 511 3522 3525 3528 3529 3524 3528 3525 579 3530 581 3526 3530 579 3527 513 511 3531 513 3527 3529 3532 3533 3528 3532 3529 581 3534 583 3530 3534 581 3533 3535 3536 3532 3535 3533 3534 3537 583 583 3537 585 3536 3538 3539 3535 3538 3536 585 3540 587 3537 3540 585 3539 3541 3542 3538 3541 3539 3542 3543 3544 3541 3543 3542 3544 3545 3546 3543 3545 3544 3540 3547 587 587 3547 589 3546 3548 3549 3545 3548 3546 3549 3550 3551 3548 3550 3549 3547 3552 589 589 3552 591 3553 3554 3555 3551 3554 3553 3550 3554 3551 3555 3556 3531 3554 3556 3555 591 3557 593 3552 3557 591 3556 3558 3531 3531 3558 513 593 3559 595 3557 3559 593 3558 3560 513 513 3560 515 515 3561 517 3560 3561 515 599 2108 601 597 2108 599 595 2108 597 3559 2108 595 3561 3562 517 517 3562 519 2108 602 601 519 3563 521 3562 3563 519 3563 3564 521 521 3564 523 2108 605 602 523 3565 525 3564 3565 523 2108 606 605 525 3566 527 3565 3566 525 2108 609 606 3566 3567 527 527 3567 529 529 3568 531 3567 3568 529 2108 611 609 3568 3569 531 531 3569 533 2108 612 611 3569 3570 533 533 3570 535 2108 615 612 3570 3571 535 535 3571 537 3571 3572 537 537 3572 539 3572 1375 539 541 1375 543 539 1375 541 1375 545 543 1375 547 545 1375 549 547 1375 550 549 2108 2107 615 1375 1374 550 1374 2571 550 1374 3573 2571 3573 3574 2571 3574 3575 2571 3575 3576 2571 3577 3576 3578 2571 3576 3577 3576 3579 3578 3578 3579 3580 3579 3581 3580 3582 3581 3583 3580 3581 3582 3581 3584 3583 3583 3584 3585 2107 1522 615 3584 3586 3585 3584 3587 3586 3587 3588 3586 3587 3589 3588 3590 3589 3587 3590 3591 3589 3592 3591 3590 3592 3593 3591 3594 3595 3592 3592 3595 3593 3594 3596 3595 3597 3598 3594 3594 3598 3596 3597 3599 3598 3597 3600 3599 3601 3600 3597 3601 1970 3600 3602 1970 3601 3603 1970 3602 3604 1970 3603 1930 1970 3604 1930 1968 1970 1929 1968 1930 2107 2111 1522 1929 1966 1968 1928 1966 1929 2111 1524 1522 1928 1963 1966 1927 1963 1928 2111 2113 1524 2113 1527 1524 1927 1961 1963 1926 1961 1927 2113 2115 1527 1926 1960 1961 1925 1960 1926 2115 1529 1527 1925 1957 1960 1924 1957 1925 2115 2118 1529 2118 1531 1529 1924 1955 1957 1924 1923 1955 2118 2119 1531 2119 1533 1531 1923 1954 1955 1923 1922 1954 1533 2121 1940 2119 2121 1533 2121 1941 1940 1921 1952 1922 1922 1952 1954 1921 1920 1952 1941 2124 1942 2121 2124 1941 1920 1919 1952 2124 1943 1942 1918 1949 1919 1919 1949 1952 1943 2125 1944 2124 2125 1943 2125 1945 1944 1918 1917 1949 1945 2128 1946 2125 2128 1945 2128 1947 1946 1916 1988 1917 1915 1988 1916 1917 1988 1949 1915 1914 1988 2128 2129 1947 1948 2129 1535 1947 2129 1948 1914 1985 1988 2580 1985 1914 2129 2131 1535 1535 2131 1537 2580 1983 1985 2579 1983 2580 2131 2134 1537 1537 2134 1539 2134 2135 1539 2579 1982 1983 2578 1982 2579 2135 2138 1539 1539 2138 1541 2138 3605 1541 3605 3606 1541 3606 3607 1541 3607 3608 1541 3608 3609 1541 3609 3610 1541 3610 3611 1541 1541 3611 3612 3611 3613 3612 3612 3613 3614 3613 3615 3614 3614 3615 3616 2578 1979 1982 2577 1979 2578 3615 3617 3616 3616 3617 3618 3617 3619 3618 3618 3619 3620 3619 3621 3620 3620 3621 3622 3621 3623 3622 3622 3623 3624 3623 3625 3624 3624 3625 3626 3626 3627 3628 3625 3627 3626 3627 3629 3628 3628 3629 3630 3630 3631 3632 3629 3631 3630 3631 3633 3632 3632 3633 3634 3634 3635 3636 3633 3635 3634 3636 3637 3638 3635 3637 3636 2577 1978 1979 2576 1978 2577 3639 1279 3640 3639 1277 1279 3641 1277 3639 1279 1281 3640 3640 1281 3642 3641 1275 1277 3643 1275 3641 1281 1283 3642 3642 1283 3644 3643 1273 1275 3645 1273 3643 1283 1285 3644 3644 1285 3646 3645 1271 1273 3647 1271 3645 1285 1286 3646 3646 1286 3648 3647 1269 1271 3649 1269 3647 1286 1288 3648 3648 1288 3650 3649 1267 1269 3651 1267 3649 1288 1291 3650 3650 1291 3652 3651 1265 1267 3653 1265 3654 3654 1265 3651 1291 1292 3652 3652 1292 3655 3653 1262 1265 3656 1262 3653 1292 1295 3655 3655 1295 3657 3656 1261 1262 1295 1296 3657 3657 1296 3658 3656 1259 1261 3659 1259 3656 1296 1299 3658 3658 1299 3660 3659 1256 1259 3661 1256 3659 1299 1301 3660 3660 1301 3662 3661 1254 1256 3663 1254 3661 1301 1303 3662 3662 1303 3664 3663 1253 1254 3665 1253 3663 1303 1305 3664 3664 1305 3666 3667 1251 3665 3665 1251 1253 3666 1307 3668 1305 1307 3666 3669 1249 3667 3667 1249 1251 3668 1309 3670 1307 1309 3668 3669 1248 1249 3638 1248 3669 3670 1311 3671 1309 1311 3670 3638 3672 1248 3637 3672 3638 2576 2575 1978 3671 1313 3673 1311 1313 3671 3674 3675 3637 3637 3675 3672 3673 1315 3676 1313 1315 3673 3677 3678 3674 3674 3678 3675 3676 1317 3679 1315 1317 3676 3680 3681 3677 3677 3681 3678 3679 1319 3682 1317 1319 3679 3683 3684 3680 3680 3684 3681 3682 1321 3685 1319 1321 3682 3686 3687 3683 3683 3687 3684 3685 1323 3688 1321 1323 3685 3686 3689 3687 1323 1324 3688 3688 1324 3690 3691 3692 3686 3686 3692 3689 3690 1327 3693 1324 1327 3690 1994 3694 3691 3691 3694 3692 3693 1329 3695 1327 1329 3693 1994 3696 3694 1993 3696 1994 3695 1330 3697 1329 1330 3695 1993 3698 3696 1997 3698 1993 3697 1332 3699 1330 1332 3697 1997 3700 3698 1999 3700 1997 1332 1335 3699 3699 1335 3701 2001 3702 1999 1999 3702 3700 3701 1337 3703 1335 1337 3701 2003 3704 2001 2001 3704 3702 3703 1339 3705 1337 1339 3703 2575 1976 1978 2005 3706 2003 2003 3706 3704 3705 1341 3707 1339 1341 3705 2005 3708 3706 1341 1343 3707 3708 2008 3709 2005 2008 3708 3707 1345 3710 1343 1345 3707 3710 1346 3711 1345 1346 3710 2575 2574 1976 3711 1349 3712 1346 1349 3711 3709 2009 3713 2008 2009 3709 1349 1351 3712 2009 2011 3713 3713 2011 3714 2011 2013 3714 3714 2013 3715 3715 2016 3716 2013 2016 3715 3716 2018 3717 2016 2018 3716 2574 1974 1976 3717 2019 3718 2018 2019 3717 2574 2573 1974 2019 2021 3718 3718 2021 3719 3720 3721 3722 3723 3724 3720 3720 3724 3721 3722 3725 1542 3721 3725 3722 3726 3727 3723 3723 3727 3724 3725 3728 1542 3729 3730 3726 3726 3730 3727 3728 3731 1542 3732 3733 3729 3729 3733 3730 3731 3734 1542 3735 3736 3732 3732 3736 3733 3719 2024 3737 2021 2024 3719 3734 3738 1542 3739 3740 3735 3735 3740 3736 3738 3741 1542 3742 3743 3739 3739 3743 3740 1542 1990 1543 3741 1990 1542 3744 3745 3742 3742 3745 3743 3746 3747 3744 3744 3747 3745 3746 3748 3747 3749 3748 3746 2024 2026 3737 3737 2026 3750 3751 3752 3749 3749 3752 3748 1351 3753 3712 3751 3753 3752 3712 3753 3751 1353 3754 1351 1351 3754 3753 2026 2027 3750 3750 2027 3755 1355 3756 1353 1353 3756 3754 1357 3757 1355 1359 3757 1357 1355 3757 3756 1360 553 1359 1359 553 3757 2027 2029 3755 3755 2029 3758 1360 555 553 1363 557 1360 1360 557 555 2573 1971 1974 3759 1971 2573 3760 1971 3759 3761 1971 3760 3762 1971 3761 1364 559 1363 1363 559 557 3763 3764 3762 3762 3764 1971 2029 2032 3758 3758 2032 3765 1367 561 1364 1364 561 559 3763 3766 3764 3767 1989 3768 3769 1989 3767 3770 1989 3769 1543 1989 3770 1990 1989 1543 3771 3772 3763 3763 3772 3766 1989 3773 3768 3768 3773 3774 3771 3775 3772 3773 3776 3774 3777 3778 3771 3771 3778 3775 3774 3779 3780 3776 3779 3774 3781 3782 3777 3777 3782 3778 3779 3783 3780 3781 3784 3782 3780 3785 3786 3783 3785 3780 3781 3787 3784 3788 3787 3781 3786 3789 3788 3785 3789 3786 3788 3790 3787 3789 3790 3788 3765 2033 3791 2032 2033 3765 1368 2106 1367 1367 2106 561 2033 2035 3791 3791 2035 3792 1370 2104 1368 1368 2104 2106 2035 2037 3792 3792 2037 3793 1373 2101 1370 1370 2101 2104 2037 2039 3793 3793 2039 3794 3795 2100 1373 1373 2100 2101 2039 2041 3794 3794 2041 3796 3797 2098 3795 3795 2098 2100 2041 2043 3796 3796 2043 3798 3799 2095 3797 3797 2095 2098 2043 2046 3798 3798 2046 3800 3801 2094 3799 3799 2094 2095 2046 2047 3800 3800 2047 3802 3803 2091 3801 3801 2091 2094 2047 2049 3802 3802 2049 3804 3803 2089 2091 3805 2089 3803 2049 2051 3804 3804 2051 3806 3807 2088 3805 3805 2088 2089 2051 2054 3806 3806 2054 3808 3809 2085 3807 3807 2085 2088 2054 2055 3808 3808 2055 3810 3811 2083 3809 3809 2083 2085 2055 2058 3810 3810 2058 3812 3813 2081 3811 3811 2081 2083 2058 2060 3812 3812 2060 3814 3815 2080 3813 3813 2080 2081 3814 2061 3816 2060 2061 3814 3817 2077 3815 3815 2077 2080 3816 2064 3818 2061 2064 3816 3819 2076 3817 3817 2076 2077 2064 2065 3818 3818 2065 3820 3821 2074 3819 3819 2074 2076 2065 2068 3820 3820 2068 3822 3823 2071 3821 3821 2071 2074 2068 2069 3822 3822 2069 3823 3823 2069 2071 1372 3042 1373 1373 3042 3795 3042 3044 3795 3795 3044 3797 3044 3046 3797 3797 3046 3799 3046 3048 3799 3799 3048 3801 3048 3050 3801 3801 3050 3803 3050 3052 3803 3803 3052 3805 3052 3054 3805 3805 3054 3807 3807 3054 3809 3054 3056 3809 3056 3058 3809 3809 3058 3811 3811 3060 3813 3058 3060 3811 3813 3062 3815 3060 3062 3813 3815 3064 3817 3062 3064 3815 3817 3066 3819 3064 3066 3817 3819 3068 3821 3066 3068 3819 3821 3070 3823 3068 3070 3821 3823 3069 3822 3822 3069 3820 3070 3069 3823 3069 3067 3820 3067 3065 3820 3820 3065 3818 3818 3065 3816 3065 3063 3816 3063 3061 3816 3816 3061 3814 3061 3059 3814 3814 3059 3812 3812 3059 3810 3059 3057 3810 3057 3055 3810 3810 3055 3808 3808 3055 3806 3055 3053 3806 3806 3053 3804 3053 3051 3804 3051 3049 3804 3804 3049 3802 3049 3047 3802 3802 3047 3800 3800 3047 3798 3047 3045 3798 3045 3043 3798 3798 3043 3796 3043 3041 3796 3796 3041 3794 3794 3041 3793 3041 3040 3793 3040 3039 3793 3793 3039 3792 3039 3038 3792 3792 3038 3791 3038 3022 3791 3791 3022 3765 3022 3021 3765 3765 3021 3758 3021 3018 3758 3758 3018 3755 3755 3014 3750 3018 3014 3755 3750 3006 3737 3014 3006 3750 3737 2995 3719 3006 2995 3737 3719 2994 3718 3718 2994 3717 2995 2994 3719 2994 2993 3717 3717 2992 3716 2993 2992 3717 2992 2991 3716 3716 2991 3715 3715 2991 3714 2991 2990 3714 3714 2989 3713 2990 2989 3714 3713 2988 3709 2989 2988 3713 3709 2987 3708 2988 2987 3709 3708 2986 3706 3706 2986 3704 2987 2986 3708 2986 2985 3704 3704 2984 3702 3702 2984 3700 2985 2984 3704 2984 2983 3700 3700 2982 3698 2983 2982 3700 3698 2981 3696 2982 2981 3698 3696 2980 3694 2981 2980 3696 3694 2978 3692 2980 2978 3694 3692 2977 3689 2978 2977 3692 3689 2975 3687 3687 2975 3684 2977 2975 3689 2975 2973 3684 3684 2971 3681 2973 2971 3684 3681 2969 3678 3678 2969 3675 2971 2969 3681 3675 2967 3672 2969 2967 3675 2967 2965 3672 3672 1246 1248 2965 1246 3672 1244 2902 1245 1245 2902 3447 2902 2899 3447 3447 2899 3453 2899 2897 3453 3453 2897 3457 2897 2894 3457 3457 2894 3460 2894 2891 3460 3460 2891 3462 2891 2887 3462 3462 2887 3464 2887 2886 3464 3464 2886 3468 3468 2886 3469 2886 2883 3469 2883 2881 3469 3469 2881 3473 3473 2878 3476 2881 2878 3473 3476 2875 3479 2878 2875 3476 3479 2873 3516 2875 2873 3479 3516 2870 3511 2873 2870 3516 3511 2866 3507 2870 2866 3511 3507 2864 3505 2866 2864 3507 3505 2863 3503 3503 2863 3500 2864 2863 3505 2863 2859 3500 2859 2857 3500 3500 2857 3496 3496 2857 3492 2857 2853 3492 2853 2851 3492 3492 2851 3490 2851 2850 3490 3490 2850 3487 3487 2850 3486 2850 2849 3486 2849 2847 3486 3486 2847 3482 3482 2847 3480 2847 2845 3480 3480 2845 3475 2845 2844 3475 2844 2842 3475 3475 2842 3470 2842 2841 3470 3470 2841 3467 3467 2841 3459 2841 2840 3459 2840 2839 3459 3459 2839 3454 2839 2838 3454 3454 2838 3449 3449 2838 3444 2838 2837 3444 2837 2836 3444 3444 2836 3441 2836 2835 3441 3441 2835 3440 2835 2834 3440 3440 2834 3437 2834 2833 3437 3437 2833 3434 2833 2832 3434 3434 2832 3431 3431 2831 3428 2832 2831 3431 3428 2830 3425 2831 2830 3428 3425 2829 3422 2830 2829 3425 3422 2828 3419 3419 2828 3416 2829 2828 3422 2828 2827 3416 3416 2825 3413 2827 2825 3416 2825 2819 3413 3413 2819 3410 3410 2819 3406 2819 2812 3406 3406 2806 3399 2812 2806 3406 3399 2799 3391 2806 2799 3399 3391 2794 3387 2799 2794 3391 3387 2791 3384 3384 2791 3379 2794 2791 3387 2791 2786 3379 3379 2783 3376 3376 2783 3373 2786 2783 3379 2783 2781 3373 3373 2778 3370 2781 2778 3373 3370 2775 3368 2778 2775 3370 3368 2773 3367 2775 2773 3368 3367 2770 3364 2773 2770 3367 3364 2767 3361 2770 2767 3364 3361 2765 3359 3359 2765 3357 2767 2765 3361 2765 2763 3357 3357 2762 3356 2763 2762 3357 3356 2760 3355 3355 2760 3352 2762 2760 3356 3352 2758 3350 2760 2758 3352 2758 2756 3350 3350 1118 1120 2756 1118 3350 1116 2669 1117 1117 2669 3211 2669 2670 3211 3211 2670 3215 2670 2671 3215 3215 2671 3219 2671 2672 3219 3219 2672 3223 2672 2673 3223 3223 2673 3226 2673 2675 3226 3226 2675 3231 2675 2676 3231 3231 2676 3235 3235 2676 3239 2676 2677 3239 2677 2678 3239 3239 2678 3242 3242 2681 3246 2678 2681 3242 3246 2682 3251 2681 2682 3246 3251 2683 3255 2682 2683 3251 3255 2684 3259 2683 2684 3255 3259 2731 3262 2684 2731 3259 3262 2729 3267 2731 2729 3262 3267 2727 3271 3271 2727 3269 2729 2727 3267 2727 2726 3269 2726 2724 3269 3269 2724 3265 3265 2724 3261 2724 2723 3261 2723 2721 3261 3261 2721 3257 2721 2720 3257 3257 2720 3253 3253 2720 3249 2720 2718 3249 2718 2717 3249 3249 2717 3245 3245 2717 3241 2717 2715 3241 3241 2715 3237 2715 2714 3237 2714 2712 3237 3237 2712 3233 2712 2711 3233 3233 2711 3229 3229 2711 3225 2711 2709 3225 2709 2708 3225 3225 2708 3221 2708 2706 3221 3221 2706 3217 3217 2706 3213 2706 2705 3213 2705 2703 3213 3213 2703 3210 2703 2702 3210 3210 2702 3208 2702 2701 3208 3208 2701 3206 2701 2699 3206 3206 2699 3204 2699 2698 3204 3204 2698 3201 3201 2696 3195 2698 2696 3201 3195 2695 3180 2696 2695 3195 3180 2692 3160 2695 2692 3180 3160 2691 3158 3158 2691 3156 2692 2691 3160 2691 2693 3156 3156 2689 3154 2693 2689 3156 2689 2655 3154 3154 2655 3152 3152 2655 3150 2655 2652 3150 3150 2650 3148 2652 2650 3150 3148 2648 3145 2650 2648 3148 3145 2645 3140 2648 2645 3145 3140 2643 3138 3138 2643 3136 2645 2643 3140 2643 2639 3136 3136 2636 3133 3133 2636 3130 2639 2636 3136 2636 2633 3130 3130 2631 3127 2633 2631 3130 3127 2629 3125 2631 2629 3127 3125 2627 3123 2629 2627 3125 3123 2624 3122 2627 2624 3123 3122 2622 3120 2624 2622 3122 3120 2619 3118 3118 2619 3115 2622 2619 3120 2619 2617 3115 3115 2615 3114 2617 2615 3115 3114 2612 3113 3113 2612 3112 2615 2612 3114 3112 2610 3110 2612 2610 3112 2610 2609 3110 3110 990 992 2609 990 3110 988 2843 989 989 2843 3474 2843 2846 3474 3474 2846 3481 2846 2848 3481 3481 2848 3485 2848 2852 3485 3485 2852 3491 2852 2855 3491 3491 2855 3494 2855 2861 3494 3494 2861 3502 2861 2868 3502 3502 2868 3509 3509 2868 3514 2868 2871 3514 2871 2876 3514 3514 2876 3518 3518 2879 3522 2876 2879 3518 3522 2884 3527 2879 2884 3522 3527 2888 3531 2884 2888 3527 3531 2889 3555 2888 2889 3531 3555 2892 3553 2889 2892 3555 3553 2895 3551 2892 2895 3553 3551 2900 3549 3549 2900 3546 2895 2900 3551 2900 2903 3546 2903 2905 3546 3546 2905 3544 3544 2905 3542 2905 2907 3542 2907 2908 3542 3542 2908 3539 2908 2909 3539 3539 2909 3536 3536 2909 3533 2909 2910 3533 2910 2911 3533 3533 2911 3529 3529 2911 3525 2911 2912 3525 3525 2912 3520 2912 2913 3520 2913 2914 3520 3520 2914 3513 2914 2915 3513 3513 2915 3498 3498 2915 3489 2915 2916 3489 2916 2917 3489 3489 2917 3484 2917 2918 3484 3484 2918 3478 3478 2918 3472 2918 2919 3472 2919 2936 3472 3472 2936 3466 2936 2937 3466 3466 2937 3456 2937 2938 3456 3456 2938 3451 2938 2939 3451 3451 2939 3446 2939 2940 3446 3446 2940 3443 3443 2941 3439 2940 2941 3443 3439 2942 3436 2941 2942 3439 3436 2943 3433 2942 2943 3436 3433 2944 3430 3430 2944 3427 2943 2944 3433 2944 2945 3427 3427 2826 3424 2945 2826 3427 2826 2824 3424 3424 2824 3421 3421 2824 3418 2824 2822 3418 3418 2820 3415 2822 2820 3418 3415 2817 3412 2820 2817 3415 3412 2815 3409 2817 2815 3412 3409 2813 3407 3407 2813 3404 2815 2813 3409 2813 2811 3404 3404 2809 3403 3403 2809 3400 2811 2809 3404 2809 2807 3400 3400 2804 3398 2807 2804 3400 3398 2802 3396 2804 2802 3398 3396 2800 3393 2802 2800 3396 3393 2797 3389 2800 2797 3393 3389 2795 3388 2797 2795 3389 3388 2792 3385 3385 2792 3382 2795 2792 3388 2792 2789 3382 3382 2787 3381 2789 2787 3382 3381 2784 3378 3378 2784 3375 2787 2784 3381 3375 2782 3372 2784 2782 3375 2782 2779 3372 3372 862 864 2779 862 3372 2740 860 861 2740 861 3824 2739 2740 3824 2739 3825 3826 2739 3824 3825 2738 2739 3826 2738 3826 3827 2737 2738 3827 2736 2737 3827 2736 3827 3828 2735 3828 3829 2735 2736 3828 2734 3830 3831 2734 3829 3830 2734 2735 3829 2733 2734 3831 2732 3832 3833 2732 3831 3832 2732 2733 3831 2730 2732 3833 2728 3833 3834 2728 2730 3833 2725 3834 3835 2725 2728 3834 2722 3835 3836 2722 2725 3835 2719 3836 3837 2719 2722 3836 2716 3837 3838 2716 2719 3837 2713 3838 3839 2713 2716 3838 2710 3839 3840 2710 2713 3839 2707 2710 3840 2707 3840 3841 2704 2707 3841 2704 3841 3842 2700 2704 3842 2700 3842 3843 2697 2700 3843 2697 3843 3844 2694 2697 3844 2694 3844 3845 2690 2694 3845 2690 3845 3846 2688 2690 3846 2688 3846 3847 2687 2688 3847 2687 3847 3848 2686 2687 3848 2686 3848 3849 2685 3850 3851 2685 3849 3850 2685 2686 3849 2680 2685 3851 2679 3851 3852 2679 2680 3851 2674 3852 3853 2674 2679 3852 2665 3853 3854 2665 2674 3853 2658 3855 3856 2658 3854 3855 2658 2665 3854 2647 2658 3856 2632 3856 3857 2632 2647 3856 2621 3857 3858 2621 2632 3857 2608 3859 3860 2608 3858 3859 2608 2621 3858 2601 2608 3860 2599 3861 3862 2599 3860 3861 2599 2601 3860 2597 2599 3862 2595 3863 3864 2595 3862 3863 2595 2597 3862 2593 3864 3865 2593 2595 3864 2591 2593 3865 2589 2591 3865 2589 3865 3866 2587 2589 3866 2587 3866 3867 2585 2587 3867 2585 3867 3868 2583 2585 3868 2583 3868 3869 2581 2583 3869 2581 3869 3870 2582 3871 3872 2582 3870 3871 2582 2581 3870 2584 2582 3872 2586 3873 3874 2586 3872 3873 2586 2584 3872 2588 2586 3874 2590 3875 3876 2590 3874 3875 2590 2588 3874 2592 2590 3876 2594 3877 3878 2594 3876 3877 2594 2592 3876 2596 3878 3879 2596 2594 3878 2598 2596 3879 2600 3879 3880 2600 2598 3879 2604 3880 3881 2604 2600 3880 2614 3882 3883 2614 3881 3882 2614 2604 3881 2626 2614 3883 2641 3884 3885 2641 3883 3884 2641 2626 3883 2653 2641 3885 735 3885 736 735 2653 3885 3873 3872 3871 3873 3871 3870 3874 3873 3870 3865 3868 3867 3865 3867 3866 3876 3875 3874 3864 3870 3869 3864 3869 3868 3864 3868 3865 3877 3874 3870 3877 3876 3874 3862 3864 3863 3881 3880 3879 3881 3879 3878 3881 3878 3877 3859 3862 3861 3859 3861 3860 3859 3870 3864 3859 3864 3862 3857 3859 3858 3884 3883 3882 3856 3859 3857 3885 3882 3881 3885 3881 3877 3885 3884 3882 3854 3856 3855 740 739 737 3850 3853 3852 3850 3852 3851 745 736 3885 745 740 737 745 743 740 745 737 736 3849 3853 3850 3849 3854 3853 3849 3856 3854 3847 3849 3848 3846 3849 3847 752 751 748 752 748 747 3843 3845 3844 759 756 755 759 755 752 759 752 747 3842 3856 3849 3842 3845 3843 3842 3846 3845 3842 3870 3859 3842 3849 3846 3842 3859 3856 3841 3870 3842 762 761 759 765 762 759 3839 3841 3840 767 747 745 767 765 759 767 759 747 773 745 3885 773 771 768 773 768 767 773 767 745 773 3885 3877 3835 3839 3838 3835 3838 3837 3835 3837 3836 777 775 773 3833 3835 3834 3833 3841 3839 3833 3839 3835 3831 3833 3832 3831 3841 3833 783 780 779 783 779 777 3828 3831 3830 3828 3830 3829 788 787 785 3827 3841 3831 3827 3831 3828 791 788 785 792 785 783 792 791 785 792 783 777 798 797 795 859 3827 3826 859 3826 3825 859 3825 3824 859 3824 861 800 798 795 800 795 792 852 856 855 850 856 852 808 800 792 808 807 805 808 805 802 808 802 800 847 856 850 847 859 856 847 850 848 843 847 845 817 814 813 840 847 843 819 792 777 819 808 792 819 817 813 819 813 811 819 811 808 839 847 840 824 823 820 832 839 836 832 836 835 827 824 820 827 820 819 831 3827 859 831 859 847 831 3870 3841 831 3877 3870 831 847 839 831 839 832 831 3841 3827 828 3877 831 828 819 777 828 773 3877 828 827 819 828 777 773 1583 3541 3538 1584 3538 3535 1584 1583 3538 1585 3535 3532 1585 1584 3535 1586 3532 3528 1586 1585 3532 1588 3528 3524 1588 1586 3528 1589 1588 3524 1589 3524 3519 1590 1589 3519 1590 3519 3512 1591 1590 3512 1591 3512 3497 1592 1591 3497 1592 3497 3488 1594 1592 3488 1594 3488 3483 1595 1594 3483 1595 3483 3477 1596 1595 3477 1598 1596 3477 1598 3477 3471 1598 3471 3465 1599 1598 3465 1599 3465 3455 1600 1599 3455 1600 3455 3450 1604 1600 3450 1604 3450 3445 1602 1604 3445 1603 1602 3445 1603 3445 3442 1630 1603 3442 1630 3442 3438 1630 3438 3435 1631 3435 3432 1631 1630 3435 1638 3432 3429 1638 1631 3432 1642 1638 3429 1643 3429 3426 1643 3426 3423 1643 1642 3429 1648 3423 3420 1648 1643 3423 1646 1648 3420 1645 3420 3417 1645 1646 3420 1644 3417 3414 1644 3414 3411 1644 1645 3417 1640 1644 3411 1639 3411 3408 1639 1640 3411 1636 3408 3405 1636 1639 3408 1635 3405 3402 1635 3402 3401 1635 1636 3405 1634 1635 3401 1633 1634 3401 1633 3401 3397 1632 1633 3397 1632 3397 3395 1628 1632 3395 1628 3395 3392 1627 1628 3392 1627 3392 3394 1626 1627 3394 1626 3394 3390 1616 1626 3390 1616 3390 3386 1752 732 733 1752 733 3214 1754 3214 3218 1754 1752 3214 1757 3218 3222 1757 1754 3218 1758 3222 3227 1758 1757 3222 1760 3227 3230 1760 1758 3227 1762 3230 3234 1762 1760 3230 1764 3234 3238 1764 1762 3234 1766 3238 3243 1766 1764 3238 1768 3243 3247 1768 1766 3243 1769 3247 3250 1769 1768 3247 1770 3250 3254 1770 1769 3250 1771 3254 3258 1771 1770 3254 1772 3258 3263 1772 1771 3258 1773 3263 3266 1773 1772 3263 1774 3266 3270 1774 1773 3266 1861 3270 3272 1861 1774 3270 1862 3272 3268 1862 3268 3264 1862 1861 3272 1863 1862 3264 1864 3264 3260 1864 1863 3264 1865 3260 3256 1865 3256 3252 1865 1864 3260 1866 1865 3252 1867 3252 3248 1867 3248 3244 1867 1866 3252 1868 3244 3240 1868 1867 3244 1869 1868 3240 1870 1869 3240 1870 3240 3236 1871 1870 3236 1871 3236 3232 1871 3232 3228 1872 1871 3228 1872 3228 3224 1873 1872 3224 1873 3224 3220 1874 1873 3220 1875 1874 3220 1875 3220 3216 1875 3216 3212 1876 3212 3209 1876 1875 3212 1877 3209 3207 1877 1876 3209 1878 3207 3205 1878 1877 3207 1880 1878 3205 1881 3205 3203 1881 1880 3205 1854 3203 3200 1854 1881 3203 1853 3200 3194 1853 3194 3179 1853 1854 3200 1850 3179 3159 1850 1853 3179 1848 1850 3159 1849 3159 3157 1849 1848 3159 1844 3157 3155 1844 1849 3157 1843 3155 3153 1843 1844 3155 1842 3153 3151 1842 1843 3153 1841 3151 3149 1841 1842 3151 1840 3149 3147 1840 1841 3149 1839 3147 3144 1839 1840 3147 1838 3144 3139 1838 1839 3144 1835 3139 3135 1835 1838 3139 1834 1835 3135 1834 3135 3132 1833 1834 3132 1833 3132 3129 1802 1833 3129 1802 3129 3128 726 727 3448 1879 3448 3452 1879 726 3448 1883 3452 3458 1883 1879 3452 1884 1883 3458 1777 3656 3653 1798 3653 3654 1798 1777 3653 1796 3654 3651 1796 1798 3654 1797 3651 3649 1797 1796 3651 1815 3649 3647 1815 1797 3649 1814 1815 3647 1814 3647 3645 1813 1814 3645 1813 3645 3643 1811 1813 3643 1811 3643 3641 1812 1811 3641 1812 3641 3639 1836 1812 3639 1836 3639 3640 1837 1836 3640 1837 3640 3642 1846 1837 3642 1846 3642 3644 1845 1846 3644 1845 3644 3646 1767 1845 3646 1767 3646 3648 1765 1767 3648 1765 3648 3650 1763 1765 3650 1763 3650 3652 1761 1763 3652 1761 3652 3655 1759 1761 3655 1759 3655 3657 1755 1759 3657 1755 3657 3658 1753 3658 3660 1753 1755 3658 1751 3660 3662 1751 1753 3660 1749 1751 3662 1749 3662 3664 1748 3664 3666 1748 1749 3664 1747 3666 3668 1747 1748 3666 1745 3668 3670 1745 1747 3668 1742 3670 3671 1742 1745 3670 1739 3671 3673 1739 1742 3671 1736 3673 3676 1736 1739 3673 1732 3676 3679 1732 1736 3676 1730 3679 3682 1730 1732 3679 1727 3682 3685 1727 1730 3682 1726 1727 3685 1726 3685 3688 1723 1726 3688 1723 3688 3690 1720 1723 3690 1720 3690 3693 1719 1720 3693 1716 1719 3693 1716 3693 3695 1715 1716 3695 1715 3695 3697 1715 3697 3699 1714 1715 3699 1543 3770 1545 1545 3770 1681 1681 3769 1680 3770 3769 1681 1680 3767 1679 3769 3767 1680 1679 3768 1678 3767 3768 1679 1678 3774 1677 3768 3774 1678 1677 3780 1674 3774 3780 1677 1674 3786 1675 3780 3786 1674 1675 3788 1676 3786 3788 1675 1676 3781 1673 3788 3781 1676 1673 3777 1671 3781 3777 1673 1671 3771 1672 3777 3771 1671 1672 3763 1670 3771 3763 1672 1670 3762 1666 3763 3762 1670 1666 3761 1667 3762 3761 1666 3761 3760 1667 1667 3760 1668 3760 3759 1668 1668 3759 1669 3759 2573 1669 1669 2573 1682 1562 1930 1561 1561 3604 1560 1930 3604 1561 1560 3603 1546 3604 3603 1560 1546 3602 1547 3603 3602 1546 1547 3601 1548 3602 3601 1547 1548 3597 1549 3601 3597 1548 1549 3594 1550 3597 3594 1549 1550 3592 1551 3594 3592 1550 1551 3590 1552 3592 3590 1551 1552 3587 1553 3590 3587 1552 1553 3584 1554 3587 3584 1553 1554 3581 1555 3584 3581 1554 1555 3579 1556 3581 3579 1555 1556 3576 1557 3579 3576 1556 1557 3575 1558 3576 3575 1557 3575 3574 1558 1558 3574 1559 3574 3573 1559 1559 3573 1376 3573 1374 1376 1583 1581 3541 3541 1581 3543 3543 1582 3545 1581 1582 3543 3545 1580 3548 1582 1580 3545 3548 1579 3550 1580 1579 3548 3550 1577 3554 1579 1577 3550 3554 1578 3556 1577 1578 3554 3556 1575 3558 1578 1575 3556 3558 1576 3560 1575 1576 3558 3560 1574 3561 1576 1574 3560 3561 1572 3562 1574 1572 3561 3562 1573 3563 1572 1573 3562 3563 1569 3564 1573 1569 3563 1569 1571 3564 3564 1571 3565 1571 1570 3565 3565 1570 3566 1570 1568 3566 3566 1568 3567 1568 1567 3567 3567 1567 3568 1567 1565 3568 3568 1565 3569 1565 1566 3569 3569 1566 3570 3570 1563 3571 1566 1563 3570 3571 1564 3572 1563 1564 3571 1564 1377 3572 3572 1377 1375 1616 3386 1617 1617 3383 1618 3386 3383 1617 1618 3380 1619 3383 3380 1618 1619 3377 1612 3380 3377 1619 1612 3374 1613 3377 3374 1612 1613 3371 1614 3374 3371 1613 1614 3369 1615 3371 3369 1614 1615 3340 1609 3369 3340 1615 1609 3338 1610 3340 3338 1609 1610 3336 1606 3338 3336 1610 1606 3334 1607 3336 3334 1606 1607 3332 1605 3334 3332 1607 1605 3330 1611 3332 3330 1605 3330 3328 1611 1611 3328 1608 3328 3326 1608 1608 3326 1620 3326 3324 1620 1620 3324 1621 3324 3322 1621 1621 3322 1622 1622 3320 1623 3322 3320 1622 3320 3318 1623 1623 3318 1625 1625 3316 1624 3318 3316 1625 1624 3312 1378 3316 3312 1624 3312 1379 1378 2346 3131 2347 2347 3131 2635 2635 3134 2638 3131 3134 2635 2638 3137 2642 3134 3137 2638 2642 3141 2646 3137 3141 2642 2646 3142 2649 3141 3142 2646 2649 3143 2651 3142 3143 2649 2651 3146 2654 3143 3146 2651 2654 3192 2656 3146 3192 2654 2656 3191 2657 3192 3191 2656 2657 3187 2659 3191 3187 2657 2659 3184 2660 3187 3184 2659 2660 3181 2661 3184 3181 2660 2661 3176 2662 3181 3176 2661 3176 3173 2662 2662 3173 2663 3173 3170 2663 2663 3170 2664 3170 3167 2664 2664 3167 2666 3167 3164 2666 2666 3164 2667 3164 3161 2667 2667 3161 2668 3161 2453 2668 2668 2453 2454 2286 3081 2287 2287 3081 2644 2644 3083 2640 3081 3083 2644 2640 3085 2637 3083 3085 2640 2637 3087 2634 3085 3087 2637 2634 3089 2630 3087 3089 2634 2630 3091 2628 3089 3091 2630 2628 3093 2625 3091 3093 2628 2625 3095 2623 3093 3095 2625 2623 3097 2620 3095 3097 2623 2620 3099 2618 3097 3099 2620 2618 3101 2616 3099 3101 2618 2616 3103 2613 3101 3103 2616 2613 3111 2611 3103 3111 2613 3111 3109 2611 2611 3109 2607 3109 3108 2607 2607 3108 2606 3108 3107 2606 2606 3107 2605 3107 3106 2605 2605 3106 2603 3106 3105 2603 2603 3105 2602 3105 2423 2602 2602 2423 2424 1400 3189 1399 1399 3189 1695 1695 3186 1692 3189 3186 1695 1692 3183 1693 3186 3183 1692 1693 3178 1691 3183 3178 1693 1691 3175 1694 3178 3175 1691 1694 3172 1698 3175 3172 1694 1698 3169 1701 3172 3169 1698 1701 3166 1707 3169 3166 1701 1707 3163 1706 3166 3163 1707 1706 3162 1711 3163 3162 1706 1711 3165 1718 3162 3165 1711 3165 3168 1718 1718 3168 1717 3168 3171 1717 1717 3171 1722 3171 3174 1722 1722 3174 1721 3174 3177 1721 1721 3177 1725 3177 3182 1725 1725 3182 1729 3182 3185 1729 1729 3185 1728 3185 3188 1728 1728 3188 1734 1734 3188 1733 3188 3190 1733 3190 3193 1733 1733 3193 1735 3193 3196 1735 1735 3196 1738 3196 3197 1738 1738 3197 1737 3197 3198 1737 1737 3198 1741 1741 3199 1744 3198 3199 1741 1744 3202 1743 3199 3202 1744 1743 617 616 3202 617 1743 3128 3126 1802 1802 3126 1803 1803 3124 1804 3126 3124 1803 1804 3121 1799 3124 3121 1804 1799 3119 1800 3121 3119 1799 1800 3117 1801 3119 3117 1800 1801 3116 1816 3117 3116 1801 1816 3104 1817 3116 3104 1816 1817 3102 1818 3104 3102 1817 3102 3100 1818 1818 3100 1819 3100 3098 1819 1819 3098 1806 3098 3096 1806 1806 3096 1807 1807 3094 1808 3096 3094 1807 1808 3092 1805 3094 3092 1808 1805 3090 1810 3092 3090 1805 1810 3088 1809 3090 3088 1810 1809 3086 1820 3088 3086 1809 1820 3084 1821 3086 3084 1820 1821 3082 1822 3084 3082 1821 1822 3080 1823 3082 3080 1822 1823 3079 1824 3080 3079 1823 1824 3078 1825 3079 3078 1824 1825 3077 1826 3078 3077 1825 1826 3076 1827 3077 3076 1826 1827 3075 1828 3076 3075 1827 1828 3074 1829 3075 3074 1828 1829 3073 1830 3074 3073 1829 1830 3072 1831 3073 3072 1830 1831 3071 1832 3072 3071 1831 1832 1402 1401 3071 1402 1832 1519 1520 1911 1911 3273 1912 1520 3273 1911 1912 3282 1913 3273 3282 1912 1913 3281 1909 3282 3281 1913 1909 3280 1910 3281 3280 1909 1910 3279 1908 3280 3279 1910 1908 3278 1906 3279 3278 1908 1906 3277 1907 3278 3277 1906 1907 3276 1903 3277 3276 1907 3276 3274 1903 1903 3274 1904 3274 3275 1904 1904 3275 1905 3275 3284 1905 1905 3284 1902 3284 3286 1902 1902 3286 1901 3286 3288 1901 1901 3288 1899 3288 3290 1899 1899 3290 1900 3290 3292 1900 1900 3292 1898 3292 3294 1898 1898 3294 1897 3294 3296 1897 1897 3296 1895 3296 3298 1895 1895 3298 1896 3298 3300 1896 1896 3300 1894 3300 3302 1894 1894 3302 1892 3302 3311 1892 1892 3311 1893 3311 3315 1893 1893 3315 1890 3315 3346 1890 1890 3346 1891 1891 3345 1889 3346 3345 1891 1889 3344 1886 3345 3344 1889 1886 3343 1887 3344 3343 1886 3343 3342 1887 1887 3341 1888 1888 3341 627 3342 3341 1887 3341 625 627 2140 3354 2141 2141 3354 2761 2761 3353 2759 3354 3353 2761 2759 3351 2757 3353 3351 2759 2757 3349 2755 3351 3349 2757 2755 3348 2754 3349 3348 2755 2754 3347 2753 2753 3347 2752 3348 3347 2754 2752 3314 2751 3347 3314 2752 2751 3310 2750 3314 3310 2751 2750 3301 2749 3310 3301 2750 2749 3299 2748 3301 3299 2749 2748 3297 2747 3299 3297 2748 3297 3295 2747 2747 3293 2746 2746 3293 2745 3295 3293 2747 3293 3291 2745 3291 3289 2745 2745 3289 2744 2744 3289 2743 3289 3287 2743 3287 3285 2743 2743 3285 2742 2742 3285 2741 3285 3283 2741 2741 3283 2284 3283 2283 2284 3458 3461 1884 1884 3461 1885 1885 3463 1882 3461 3463 1885 1882 563 562 3463 563 1882 2109 2108 2906 2906 3559 2904 2108 3559 2906 2904 3557 2901 3559 3557 2904 2901 3552 2898 3557 3552 2901 2898 3547 2896 3552 3547 2898 2896 3540 2893 3547 3540 2896 2893 3537 2890 3540 3537 2893 2890 3534 2885 3537 3534 2890 2885 3530 2882 3534 3530 2885 2882 3526 2880 3530 3526 2882 2880 3523 2877 3526 3523 2880 2877 3521 2874 3523 3521 2877 2874 3517 2872 3521 3517 2874 3517 3515 2872 3515 3510 2872 2872 3510 2869 2869 3510 2865 3510 3506 2865 2865 3506 2862 3506 3504 2862 2862 3504 2858 3504 3499 2858 2858 3499 2856 3499 3495 2856 3495 2218 2856 2856 2218 2217 1540 1541 1795 1541 3612 1795 1795 3614 1794 3612 3614 1795 1794 3616 1793 3614 3616 1794 1793 3618 1792 3616 3618 1793 1792 3620 1791 3618 3620 1792 1791 3622 1789 3620 3622 1791 1789 3624 1790 1790 3624 1786 3622 3624 1789 3624 3626 1786 1786 3628 1787 1787 3628 1788 3626 3628 1786 1788 3630 1785 3628 3630 1788 1785 3632 1784 3630 3632 1785 1784 3634 1782 3632 3634 1784 3634 3636 1782 1782 3636 1783 3636 3638 1783 1783 3638 1781 3638 3669 1781 3669 3667 1781 1781 3667 1779 1779 3667 1780 3667 3665 1780 1780 3665 1778 3665 3663 1778 1778 3663 1775 3663 3661 1775 1775 3661 1776 3661 3659 1776 1776 3659 1777 3659 3656 1777 3699 3701 1714 1714 3701 1712 1712 3703 1713 3701 3703 1712 1713 3705 1709 3703 3705 1713 1709 3707 1710 3705 3707 1709 1710 3710 1708 3707 3710 1710 1708 3711 1704 3710 3711 1708 1704 3712 1705 3711 3712 1704 1705 3751 1703 3712 3751 1705 1703 3749 1702 3751 3749 1703 1702 3746 1699 3749 3746 1702 1699 3744 1700 3746 3744 1699 1700 3742 1696 3744 3742 1700 3742 3739 1696 1696 3739 1697 3739 3735 1697 1697 3735 1690 3735 3732 1690 1690 3732 1689 3732 3729 1689 1689 3729 1686 3729 3726 1686 1686 3726 1687 3726 3723 1687 1687 3723 1688 1688 3720 1684 3723 3720 1688 1684 3722 1685 3720 3722 1684 3722 1542 1685 1685 1542 1544 1995 1994 2979 1994 3691 2979 2979 3686 2976 3691 3686 2979 2976 3683 2974 3686 3683 2976 2974 3680 2972 3683 3680 2974 2972 3677 2970 3680 3677 2972 2970 3674 2968 3677 3674 2970 2968 3637 2966 3674 3637 2968 2966 3635 2964 3637 3635 2966 2964 3633 2963 3635 3633 2964 3633 3631 2963 2963 3631 2962 3631 3629 2962 2962 3629 2961 3629 3627 2961 2961 3627 2960 2960 3627 2959 3627 3625 2959 2959 3625 2958 3625 3623 2958 2958 3623 2957 3623 3621 2957 3621 3619 2957 2957 3619 2956 2956 3619 2955 3619 3617 2955 2955 3617 2954 3617 3615 2954 2954 3615 2953 3615 3613 2953 2953 3613 2951 3613 3611 2951 2951 3611 2948 3611 3610 2948 2948 3610 2946 3610 3609 2946 3609 3608 2946 2946 3608 2947 2947 3608 2949 3608 3607 2949 2949 3607 2950 2950 3606 2952 3607 3606 2950 2952 3605 2137 3606 3605 2952 3605 2138 2137 1990 3741 1991 1991 3741 3009 3009 3738 3007 3741 3738 3009 3007 3734 3004 3738 3734 3007 3004 3731 3002 3734 3731 3004 3002 3728 3000 3731 3728 3002 3000 3725 2998 3728 3725 3000 2998 3721 2996 3725 3721 2998 2996 3724 2997 3721 3724 2996 2997 3727 2999 3724 3727 2997 2999 3730 3001 3727 3730 2999 3001 3733 3003 3730 3733 3001 3733 3736 3003 3003 3736 3005 3736 3740 3005 3005 3740 3008 3740 3743 3008 3008 3743 3010 3743 3745 3010 3010 3745 3011 3745 3747 3011 3011 3747 3012 3747 3748 3012 3012 3748 3013 3748 3752 3013 3013 3752 3015 3752 3753 3015 3015 3753 3016 3753 3754 3016 3016 3754 3017 3754 3756 3017 3017 3756 3019 3756 3757 3019 3019 3757 3020 3757 553 3020 3020 553 552 1989 1992 3026 3773 3026 3030 3773 1989 3026 3776 3030 3029 3776 3773 3030 3779 3776 3029 3783 3029 3032 3783 3779 3029 3785 3032 3034 3785 3783 3032 3789 3034 3036 3789 3785 3034 3790 3036 3037 3790 3789 3036 3787 3037 3035 3787 3790 3037 3784 3035 3033 3784 3787 3035 3782 3033 3031 3782 3784 3033 3778 3031 3028 3778 3782 3031 3775 3028 3027 3775 3778 3028 3772 3027 3023 3772 3775 3027 3766 3023 3025 3766 3772 3023 3764 3025 3024 3764 3766 3025 1971 3764 3024 1971 3024 1972 3600 1969 2930 3600 1970 1969 3599 2930 2929 3599 3600 2930 3598 2929 2928 3598 3599 2929 3596 2928 2927 3596 3598 2928 3595 2927 2926 3595 3596 2927 3593 2926 2925 3593 3595 2926 3591 2925 2924 3591 3593 2925 3589 2924 2935 3589 3591 2924 3588 2935 2934 3588 3589 2935 3586 2934 2933 3586 3588 2934 3585 2933 2932 3585 3586 2933 3583 2932 2931 3583 3585 2932 3582 2931 2922 3582 3583 2931 3580 2922 2923 3580 3582 2922 3578 2923 2920 3578 3580 2923 3577 3578 2920 3577 2920 2921 2571 2921 2572 2571 3577 2921 2426 2428 2823 2428 3309 2823 2823 3308 2821 3309 3308 2823 2821 3307 2818 3308 3307 2821 2818 3306 2816 3307 3306 2818 2816 3305 2814 3306 3305 2816 2814 3303 2810 3305 3303 2814 2810 3304 2808 3303 3304 2810 2808 3313 2805 3304 3313 2808 2805 3317 2803 3313 3317 2805 3317 3319 2803 2803 3319 2801 3319 3321 2801 2801 3321 2798 3321 3323 2798 2798 3323 2796 3323 3325 2796 2796 3325 2793 3325 3327 2793 2793 3327 2790 3327 3329 2790 2790 3329 2788 3329 3331 2788 2788 3331 2785 2785 3331 2780 3331 3333 2780 3333 3335 2780 2780 3335 2777 3335 3337 2777 2777 3337 2776 3337 3339 2776 2776 3339 2774 3339 3366 2774 2774 3366 2772 3366 3365 2772 2772 3365 2771 3365 3363 2771 2771 3363 2769 2769 3362 2768 3363 3362 2769 2768 3360 2766 3362 3360 2768 2766 3358 2764 3360 3358 2766 2764 2569 2570 3358 2569 2764 2457 2456 2854 2854 3493 2860 2456 3493 2854 2860 3501 2867 3493 3501 2860 2867 3508 504 3501 3508 2867 3508 505 504</p>
        </triangles>
      </mesh>
    </geometry>
  </library_geometries>
  <library_visual_scenes>
    <visual_scene id="DefaultScene">
      <node id="node_041e1f75_ce19_46f0_8cd8_33aa0e2aa86b" type="NODE">
        <matrix>1 0 0 0 0 1 0 0 0 0 1 0 0 0 0 1</matrix>
        <node id="node_c2053561_ea6f_4457_9e33_4b66572ea2f1" type="NODE">
          <matrix>1 0 0 0 0 1 0 0 0 0 1 0 0 0 0 1</matrix>
          <node id="node_c2053561_ea6f_4457_9e33_4b66572ea2f1_mesh0" type="NODE">
            <matrix>1 0 0 0 0 1 0 0 0 0 1 0 0 0 0 1</matrix>
            <instance_geometry url="#geometry_300c4fda_1cc0_4935_878f_4d83d416c799">
              <bind_material>
                <technique_common>
                  <instance_material symbol="mat_0" target="#mat_0"/>
                </technique_common>
              </bind_material>
            </instance_geometry>
          </node>
        </node>
      </node>
    </visual_scene>
  </library_visual_scenes>
  <scene>
    <instance_visual_scene url="#DefaultScene"/>
  </scene>
</COLLADA>
